scan,mm_energy,qm_relative_energy,mm_relative_energy
-170,117.77245,8.751,8.86866400000001
-160,118.4627,9.276,9.558914000000001
-150,119.42489,10.102,10.521104000000008
-140,120.5482,11.156,11.644413999999998
-130,121.68857,12.352,12.784784000000002
-120,122.703156,13.603,13.79937000000001
-110,123.42368,14.75,14.519894000000008
-100,123.67864,15.463,14.774854000000005
-90,123.53802,14.989,14.634234000000006
-80,122.33451,13.101,13.430723999999998
-70,120.206024,10.573,11.302238000000003
-60,117.82985,7.963,8.926063999999997
-50,115.62698,5.564,6.7231940000000066
-40,113.437546,3.555,4.533760000000001
-30,111.593475,1.963,2.6896890000000013
-20,110.0274,0.837,1.1236140000000034
-10,109.14754,0.191,0.2437540000000098
0,108.903786,0,0
10,109.14756,0.191,0.24377400000000193
20,110.026566,0.835,1.1227800000000059
30,111.59286,1.965,2.689074000000005
40,113.436745,3.553,4.532959000000005
50,115.628975,5.57,6.725189
60,117.83034,7.963,8.92655400000001
70,120.2055,10.573,11.301714000000004
80,122.33369,13.101,13.429904000000008
90,123.542656,14.993,14.638869999999997
100,123.67911,15.463,14.775323999999998
110,123.42535,14.75,14.521563999999998
120,122.70171,13.603,13.797924000000009
130,121.68884,12.354,12.785054000000002
140,120.54814,11.156,11.644354000000007
150,119.42699,10.1,10.523204000000007
160,118.461914,9.276,9.558127999999996
170,117.77279,8.753,8.869004000000004
180,117.552925,8.58,8.649139000000005
-170,26.419786,5.63,8.248110999999998
-160,20.247028,4.047,2.075353
-150,19.391848,3.304,1.220172999999999
-140,19.323206,2.802,1.1515309999999985
-130,18.173056,2.452,0.0013809999999985223
-120,20.849165,2.152,2.677489999999999
-110,19.531054,1.112,1.3593790000000006
-100,18.74414,0.338,0.5724650000000011
-90,18.491156,0,0.3194809999999997
-80,18.89037,0.17,0.7186950000000003
-70,19.88719,0.893,1.715515
-60,21.686398,2.027,3.514723
-50,18.588968,2.537,0.4172930000000008
-40,19.068935,2.952,0.8972599999999993
-30,19.295582,3.557,1.123906999999999
-20,20.236025,4.278,2.064350000000001
-10,26.969053,5.643,8.797377999999998
0,26.728643,5.701,8.556968000000001
10,26.966574,5.645,8.794899000000001
20,20.235468,4.28,2.0637930000000004
30,19.29745,3.557,1.1257750000000009
40,19.06922,2.952,0.8975450000000009
50,18.590063,2.537,0.4183880000000002
60,21.688633,2.025,3.516957999999999
70,19.888449,0.891,1.716774000000001
80,18.891357,0.17,0.7196819999999988
90,18.491348,0,0.3196729999999981
100,18.745289,0.34,0.5736139999999992
110,19.52925,1.114,1.3575750000000006
120,20.847265,2.15,2.6755899999999997
130,18.171675,2.452,0
140,19.323812,2.802,1.1521369999999997
150,19.394415,3.304,1.2227399999999982
160,20.24616,4.049,2.0744849999999992
170,26.418007,5.63,8.246331999999999
180,27.0081,5.705,8.836424999999998
-170,108.47333,0.264,0.3108799999999974
-160,109.27052,1.006,1.108069999999998
-150,110.36025,2.2,2.1977999999999867
-140,111.575745,3.764,3.413294999999991
-130,112.78743,5.599,4.624979999999994
-120,113.94934,7.556,5.78689
-110,115.01416,9.425,6.851709999999997
-100,115.97812,10.998,7.815669999999997
-90,116.78284,11.996,8.620389999999986
-80,117.246506,12.314,9.08405599999999
-70,117.56562,12.006,9.403169999999989
-60,117.75672,11.371,9.594269999999995
-50,117.7713,10.762,9.60884999999999
-40,117.65272,10.322,9.490269999999995
-30,117.472534,10.124,9.31008399999999
-20,117.32132,10.168,9.158869999999993
-10,117.129036,10.378,8.966585999999992
0,116.53673,10.392,8.374279999999999
10,117.12703,10.374,8.964579999999998
20,117.32275,10.166,9.160299999999992
30,117.47076,10.124,9.308309999999992
40,117.65154,10.324,9.48908999999999
50,117.77106,10.764,9.608609999999999
60,117.75732,11.371,9.59487
70,117.56542,12.004,9.402969999999996
80,117.24894,12.312,9.086489999999998
90,116.78349,11.996,8.621039999999994
100,115.97807,10.996,7.815619999999996
110,115.01476,9.427,6.852309999999989
120,113.952034,7.558,5.789583999999991
130,112.78919,5.605,4.626739999999998
140,111.575935,3.766,3.4134849999999943
150,110.36142,2.2,2.1989699999999885
160,109.269264,1.002,1.106814
170,108.47136,0.26,0.30890999999999735
180,108.16245,0,0
-170,-126.98736,0.036,0.7251300000000072
-160,-126.30206,0.227,1.4104300000000052
-150,-125.25882,0.65,2.4536700000000025
-140,-124.08362,1.286,3.6288700000000063
-130,-122.893394,2.151,4.819096000000002
-120,-121.73158,3.243,5.980910000000009
-110,-120.56251,4.513,7.149979999999999
-100,-119.40019,5.88,8.312300000000008
-90,-117.50956,7.097,10.20293000000001
-80,-118.95126,5.653,8.761229999999998
-70,-120.43637,4.215,7.276120000000006
-60,-121.9049,2.934,5.807590000000005
-50,-123.33471,1.889,4.377780000000001
-40,-124.7422,1.097,2.9702900000000056
-30,-125.986404,0.533,1.7260860000000093
-20,-127.04953,0.168,0.6629599999999982
-10,-127.61938,0.029,0.09310999999999581
0,-127.71249,0,0
10,-127.61938,0.029,0.09310999999999581
20,-127.04953,0.168,0.6629599999999982
30,-125.986404,0.533,1.7260860000000093
40,-124.7422,1.097,2.9702900000000056
50,-123.33471,1.889,4.377780000000001
60,-121.9049,2.934,5.807590000000005
70,-120.43634,4.215,7.276150000000001
80,-118.95126,5.653,8.761229999999998
90,-117.50956,7.097,10.20293000000001
100,-119.40019,5.88,8.312300000000008
110,-120.56251,4.513,7.149979999999999
120,-121.73158,3.243,5.980910000000009
130,-122.893394,2.151,4.819096000000002
140,-124.08362,1.286,3.6288700000000063
150,-125.25882,0.65,2.4536700000000025
160,-126.30206,0.227,1.4104300000000052
170,-126.98739,0.036,0.7250999999999976
180,-127.113556,0.005,0.5989339999999999
-170,58.649,5.781,7.541325999999998
-160,58.694786,5.658,7.587111999999998
-150,58.344673,5.475,7.236998999999997
-140,57.8679,5.161,6.760225999999996
-130,56.70412,4.662,5.596446
-120,56.11877,3.955,5.011095999999995
-110,55.518414,3.108,4.410739999999997
-100,55.566566,2.221,4.458891999999999
-90,54.845028,1.39,3.7373539999999963
-80,54.13795,0.706,3.0302759999999935
-70,53.15491,0.261,2.047235999999998
-60,52.834415,0.029,1.726740999999997
-50,52.124985,0,1.0173109999999994
-40,51.742645,0.237,0.6349710000000002
-30,51.44712,0.606,0.33944599999999525
-20,51.410316,0.97,0.30264199999999875
-10,51.132748,1.209,0.025073999999996488
0,51.107674,1.287,0
10,51.13136,1.209,0.023685999999997875
20,51.410107,0.972,0.3024330000000006
30,51.449528,0.606,0.3418539999999979
40,51.744377,0.237,0.6367029999999971
50,52.12564,0,1.0179659999999942
60,52.83508,0.029,1.727405999999995
70,53.155605,0.261,2.0479309999999984
80,54.1382,0.708,3.0305259999999947
90,54.845154,1.392,3.737479999999998
100,55.56622,2.221,4.458545999999998
110,55.51583,3.11,4.408155999999998
120,56.11641,3.953,5.008735999999999
130,56.701214,4.664,5.593539999999997
140,57.86836,5.161,6.760686
150,58.345444,5.473,7.237769999999998
160,58.697384,5.658,7.589709999999997
170,58.64935,5.781,7.541675999999995
180,58.64947,5.811,7.541795999999998
-170,119.52672,11.284,10.28909999999999
-160,119.659096,11.366,10.421475999999998
-150,119.55522,11.61,10.317599999999999
-140,118.77179,12.089,9.534169999999989
-130,118.87389,12.818,9.636269999999996
-120,119.78712,13.319,10.549499999999995
-110,119.764595,13.823,10.526974999999993
-100,119.61099,14.37,10.373369999999994
-90,119.04093,13.7,9.803309999999996
-80,118.40502,11.732,9.167399999999986
-70,117.120316,9.311,7.882695999999996
-60,115.64967,6.91,6.412049999999994
-50,113.28253,4.78,4.044909999999987
-40,112.80199,3.021,3.5643699999999967
-30,111.59067,1.669,2.353049999999996
-20,110.566795,0.722,1.3291749999999922
-10,109.7861,0.169,0.5484799999999979
0,109.23762,0,0
10,109.7861,0.169,0.5484799999999979
20,110.566795,0.722,1.3291749999999922
30,111.59067,1.669,2.353049999999996
40,112.802,3.021,3.56438
50,113.28253,4.78,4.044909999999987
60,115.64967,6.91,6.412049999999994
70,117.12033,9.311,7.882709999999989
80,118.40502,11.732,9.167399999999986
90,119.04093,13.7,9.803309999999996
100,119.61101,14.37,10.373389999999986
110,119.764595,13.823,10.526974999999993
120,119.78712,13.319,10.549499999999995
130,118.87389,12.818,9.636269999999996
140,118.77179,12.089,9.534169999999989
150,119.55522,11.61,10.317599999999999
160,119.659096,11.366,10.421475999999998
170,119.52672,11.284,10.28909999999999
180,119.530205,11.245,10.292584999999988
-170,87.57154,0.158,0.12562499999999943
-160,88.057014,0.23,0.6110989999999958
-150,88.84624,0.497,1.4003249999999952
-140,89.88104,0.97,2.4351249999999993
-130,91.13429,1.633,3.6883749999999935
-120,92.59943,2.432,5.153514999999999
-110,94.16184,3.383,6.715924999999999
-100,95.571884,4.163,8.125968999999998
-90,96.26899,4.482,8.823075000000003
-80,95.7194,4.189,8.273484999999994
-70,94.416916,3.454,6.971001000000001
-60,92.930824,2.519,5.484909000000002
-50,91.53727,1.71,4.091355000000007
-40,90.29884,1.018,2.852924999999999
-30,89.2384,0.513,1.7924849999999992
-20,88.43448,0.233,0.9885649999999941
-10,88.01251,0.205,0.5665950000000066
0,87.47997,0,0.03405499999999506
10,88.01251,0.205,0.5665950000000066
20,88.43448,0.233,0.9885649999999941
30,89.2384,0.513,1.7924849999999992
40,90.29884,1.018,2.852924999999999
50,91.53727,1.71,4.091355000000007
60,92.930824,2.519,5.484909000000002
70,94.416916,3.454,6.971001000000001
80,95.7194,4.189,8.273484999999994
90,96.26899,4.482,8.823075000000003
100,95.571884,4.163,8.125968999999998
110,94.16184,3.383,6.715924999999999
120,92.59943,2.432,5.153514999999999
130,91.13429,1.633,3.6883749999999935
140,89.88104,0.97,2.4351249999999993
150,88.84624,0.497,1.4003249999999952
160,88.057014,0.23,0.6110989999999958
170,87.57154,0.158,0.12562499999999943
180,87.445915,0.244,0
-170,82.88204,2.139,1.374670000000009
-160,81.96855,1.047,0.4611799999999988
-150,81.50737,0.251,0
-140,81.57797,0,0.07059999999999889
-130,82.09051,0.26,0.5831400000000002
-120,82.97949,0.898,1.4721200000000039
-110,84.10079,1.686,2.593420000000009
-100,85.15584,2.341,3.648470000000003
-90,85.72797,2.596,4.220600000000005
-80,85.31549,2.343,3.8081200000000024
-70,84.27122,1.687,2.763850000000005
-60,83.10538,0.904,1.5980100000000022
-50,82.13742,0.261,0.6300500000000113
-40,81.596985,0.01,0.0896150000000091
-30,81.588806,0.281,0.08143600000001072
-20,82.13425,1.104,0.6268799999999999
-10,83.03579,2.208,1.5284200000000112
0,83.9469,3.105,2.439530000000005
10,83.03579,2.208,1.5284200000000112
20,82.134254,1.104,0.626884000000004
30,81.588806,0.281,0.08143600000001072
40,81.59698,0.01,0.08961000000000752
50,82.13742,0.261,0.6300500000000113
60,83.10537,0.904,1.597999999999999
70,84.27122,1.687,2.763850000000005
80,85.31549,2.343,3.8081200000000024
90,85.72797,2.596,4.220600000000005
100,85.15584,2.341,3.648470000000003
110,84.10079,1.686,2.593420000000009
120,82.97949,0.898,1.4721200000000039
130,82.09051,0.26,0.5831400000000002
140,81.57797,0,0.07059999999999889
150,81.50737,0.251,0
160,81.96855,1.047,0.4611799999999988
170,82.88204,2.139,1.374670000000009
180,83.72714,2.989,2.219770000000011
-170,-16.456377,0.279,0.3120130000000003
-160,-15.769596,0.863,0.9987940000000002
-150,-14.856067,1.742,1.9123230000000007
-140,-13.647205,2.854,3.1211850000000005
-130,-12.27438,4.093,4.494009999999999
-120,-10.594837,5.295,6.173553
-110,-8.717093,6.318,8.051297
-100,-6.671819,7.13,10.096571
-90,-5.3667603,7.82,11.4016297
-80,-5.3137054,7.667,11.4546846
-70,-5.414272,7.548,11.354118
-60,-5.610766,7.503,11.157624
-50,-5.8618975,7.541,10.906492499999999
-40,-6.2717123,7.639,10.4966777
-30,-6.860166,7.79,9.908224
-20,-7.5259776,8.144,9.2424124
-10,-8.11805,8.72,8.65034
0,-8.521365,9.215,8.247025
10,-8.11805,8.72,8.65034
20,-7.5259776,8.144,9.2424124
30,-6.860166,7.79,9.908224
40,-6.2717123,7.639,10.4966777
50,-5.8618975,7.541,10.906492499999999
60,-5.610766,7.503,11.157624
70,-5.4142795,7.548,11.3541105
80,-5.3136983,7.667,11.4546917
90,-5.3896117,7.82,11.3787783
100,-6.671834,7.13,10.096556
110,-8.717093,6.318,8.051297
120,-10.594837,5.295,6.173553
130,-12.27438,4.093,4.494009999999999
140,-13.647205,2.854,3.1211850000000005
150,-14.856067,1.742,1.9123230000000007
160,-15.769589,0.863,0.9988010000000003
170,-16.456377,0.279,0.3120130000000003
180,-16.76839,0,0
-170,83.32296,0.169,0.5310599999999965
-160,84.26542,0.515,1.4735200000000077
-150,85.39794,1.194,2.6060400000000072
-140,86.503174,2.222,3.711274000000003
-130,87.52786,3.548,4.735960000000006
-120,88.63844,5.04,5.8465400000000045
-110,89.93985,6.496,7.147950000000009
-100,91.380035,7.67,8.588135000000008
-90,92.63286,8.344,9.840959999999995
-80,93.327,8.418,10.5351
-70,93.617546,8.01,10.825646000000006
-60,93.86355,7.388,11.071650000000005
-50,94.16377,6.848,11.371870000000001
-40,94.51062,6.606,11.718720000000005
-30,94.7718,6.746,11.9799
-20,94.90663,7.242,12.114730000000009
-10,94.97928,7.898,12.187380000000005
0,94.69331,8.142,11.901409999999998
10,94.97861,7.902,12.186710000000005
20,94.90317,7.244,12.111270000000005
30,94.762665,6.742,11.970765
40,94.510216,6.608,11.718316000000002
50,94.16654,6.85,11.37464
60,93.86201,7.388,11.07011
70,93.61747,8.012,10.825569999999999
80,93.331535,8.416,10.539635000000004
90,92.636314,8.344,9.844414
100,91.38016,7.67,8.588260000000005
110,89.94184,6.498,7.149940000000001
120,88.63923,5.04,5.8473299999999995
130,87.53447,3.55,4.742570000000001
140,86.506195,2.222,3.714295000000007
150,85.39524,1.192,2.603340000000003
160,84.260025,0.519,1.4681250000000006
170,83.32419,0.169,0.5322900000000033
180,82.7919,0,0
-170,23.05334,0.21,0.17862399999999923
-160,23.546318,0.721,0.671602
-150,24.175037,1.444,1.3003210000000003
-140,25.213976,2.327,2.3392599999999995
-130,26.197376,3.222,3.322659999999999
-120,27.768261,3.951,4.893545
-110,28.136192,3.954,5.261476000000002
-100,28.301424,3.734,5.426708000000001
-90,28.045881,3.605,5.171165000000002
-80,27.971615,3.556,5.0968990000000005
-70,27.993292,3.64,5.118576000000001
-60,28.079792,3.884,5.205076000000002
-50,28.207417,4.283,5.332701
-40,28.319586,4.826,5.444870000000002
-30,28.460787,5.478,5.5860710000000005
-20,28.633291,6.197,5.758575
-10,29.794714,7.051,6.919998
0,29.781485,7.214,6.906769000000001
10,29.794714,7.051,6.919998
20,28.755125,6.197,5.880409
30,28.460787,5.478,5.5860710000000005
40,28.31959,4.826,5.444874000000002
50,28.207417,4.283,5.332701
60,28.079792,3.884,5.205076000000002
70,27.993292,3.64,5.118576000000001
80,27.971617,3.556,5.096900999999999
90,28.045881,3.605,5.171165000000002
100,28.301428,3.734,5.426712000000002
110,28.136192,3.954,5.261476000000002
120,27.768261,3.951,4.893545
130,26.197374,3.222,3.3226580000000006
140,25.213974,2.327,2.339258000000001
150,24.175037,1.444,1.3003210000000003
160,23.546316,0.721,0.6716000000000015
170,23.05334,0.21,0.17862399999999923
180,22.874716,0,0
-170,80.957794,0.425,0.3461680000000058
-160,81.13215,0.087,0.5205239999999947
-150,81.46029,0.013,0.8486639999999994
-140,81.97034,0.245,1.358713999999992
-130,82.6173,0.782,2.005673999999999
-120,83.25525,1.548,2.6436240000000026
-110,83.76735,2.438,3.155723999999992
-100,84.14718,3.158,3.5355540000000047
-90,84.2542,3.443,3.642573999999996
-80,84.012695,3.162,3.4010689999999926
-70,83.561005,2.439,2.9493789999999933
-60,83.070435,1.567,2.4588090000000022
-50,82.518684,0.789,1.9070579999999921
-40,81.95667,0.244,1.3450440000000015
-30,81.50103,0,0.889403999999999
-20,81.29295,0.128,0.6813240000000036
-10,81.19626,0.48,0.5846339999999941
0,81.03541,0.884,0.4237839999999977
10,81.19626,0.48,0.5846339999999941
20,81.29295,0.128,0.6813240000000036
30,81.501045,0,0.8894190000000037
40,81.956665,0.244,1.3450389999999999
50,82.518684,0.789,1.9070579999999921
60,83.070435,1.567,2.4588090000000022
70,83.561005,2.441,2.9493789999999933
80,84.0127,3.162,3.401073999999994
90,84.2542,3.443,3.642573999999996
100,84.14718,3.158,3.5355540000000047
110,83.76735,2.438,3.155723999999992
120,83.25525,1.548,2.6436240000000026
130,82.6173,0.782,2.005673999999999
140,81.97034,0.245,1.358713999999992
150,81.46028,0.013,0.8486539999999962
160,81.13215,0.087,0.5205239999999947
170,80.957794,0.425,0.3461680000000058
180,80.611626,0.849,0
-170,49.764206,0.1,0.1806359999999998
-160,50.07776,0.316,0.49418999999999613
-150,50.42498,0.433,0.8414099999999962
-140,50.53793,0.543,0.9543600000000012
-130,50.654835,0.693,1.0712649999999968
-120,50.780914,0.854,1.197344000000001
-110,50.937054,1.033,1.3534840000000017
-100,51.148476,1.254,1.5649060000000006
-90,51.477016,1.551,1.8934459999999973
-80,51.922775,1.955,2.3392049999999998
-70,52.408012,2.396,2.8244419999999977
-60,53.27986,2.632,3.6962899999999976
-50,53.21398,2.791,3.6304099999999977
-40,53.20162,2.967,3.6180499999999967
-30,53.220505,3.13,3.636935000000001
-20,53.25773,3.312,3.6741600000000005
-10,53.310677,3.538,3.7271069999999966
0,53.390965,3.744,3.8073949999999996
10,53.310333,3.54,3.7267629999999983
20,53.258415,3.314,3.6748449999999977
30,53.220253,3.13,3.636682999999998
40,53.20106,2.967,3.6174899999999965
50,53.21318,2.791,3.6296099999999996
60,53.28082,2.632,3.697249999999997
70,52.409565,2.396,2.825994999999999
80,51.923347,1.955,2.339776999999998
90,51.476322,1.551,1.8927520000000015
100,51.147125,1.254,1.563555000000001
110,50.93503,1.033,1.3514599999999959
120,50.78014,0.854,1.1965700000000012
130,50.653587,0.693,1.070017
140,50.538445,0.543,0.9548750000000013
150,50.423187,0.433,0.839616999999997
160,50.077984,0.316,0.494413999999999
170,49.764244,0.1,0.18067399999999623
180,49.58357,0,0
-170,5.927713,5.689,6.3779572
-160,6.019534,5.107,6.4697782
-150,5.6002374,4.426,6.0504816
-140,4.649922,3.795,5.1001662
-130,4.2206216,3.283,4.6708658000000005
-120,3.9108992,2.923,4.3611434
-110,4.1865706,2.708,4.6368148
-100,4.0513587,2.616,4.5016029
-90,3.5315614,2.606,3.9818056000000004
-80,3.5425968,2.62,3.9928410000000003
-70,3.051194,2.583,3.5014382
-60,2.276997,2.379,2.7272412
-50,1.4715428,1.945,1.921787
-40,0.62116265,1.378,1.07140685
-30,0.20644276,0.875,0.65668696
-20,-0.15512381,0.444,0.29512039
-10,-0.1939923,0.141,0.2562519
0,-0.4502442,0,0
10,-0.1939923,0.141,0.2562519
20,-0.15512016,0.444,0.29512404
30,0.20644276,0.875,0.65668696
40,0.621159,1.378,1.0714032
50,1.4715465,1.945,1.9217907
60,2.276997,2.379,2.7272412
70,3.051194,2.583,3.5014382
80,3.5425968,2.62,3.9928410000000003
90,3.5315614,2.606,3.9818056000000004
100,4.0513554,2.616,4.5015996000000005
110,4.1865706,2.708,4.6368148
120,3.9108992,2.923,4.3611434
130,4.2206216,3.283,4.6708658000000005
140,4.649918,3.795,5.100162200000001
150,5.600234,4.426,6.050478200000001
160,6.019538,5.107,6.4697822
170,5.927713,5.689,6.3779572
180,6.256512,5.943,6.7067562
-170,82.544464,0.496,0.27884400000000653
-160,82.35965,0.14,0.09403000000000361
-150,82.37072,0,0.1051000000000073
-140,82.62619,0.165,0.3605699999999956
-130,83.108376,0.635,0.8427560000000085
-120,83.72446,1.297,1.458839999999995
-110,84.35339,1.998,2.087770000000006
-100,84.87503,2.518,2.609409999999997
-90,85.08413,2.717,2.8185100000000034
-80,84.89129,2.547,2.6256699999999995
-70,84.34995,2.043,2.0843300000000085
-60,83.64185,1.35,1.3762300000000067
-50,82.95036,0.665,0.684740000000005
-40,82.44465,0.178,0.17902999999999736
-30,82.26562,0.004,0
-20,82.43811,0.196,0.17248999999999626
-10,82.793076,0.599,0.5274560000000008
0,83.02804,1.041,0.7624200000000059
10,82.793076,0.599,0.5274560000000008
20,82.43811,0.196,0.17248999999999626
30,82.26562,0.004,0
40,82.44465,0.178,0.17902999999999736
50,82.95036,0.665,0.684740000000005
60,83.64185,1.35,1.3762300000000067
70,84.34995,2.043,2.0843300000000085
80,84.89129,2.547,2.6256699999999995
90,85.08413,2.717,2.8185100000000034
100,84.87503,2.518,2.609409999999997
110,84.35339,1.998,2.087770000000006
120,83.72446,1.297,1.458839999999995
130,83.108376,0.635,0.8427560000000085
140,82.62619,0.165,0.3605699999999956
150,82.37071,0,0.10509000000000412
160,82.35965,0.14,0.09403000000000361
170,82.544464,0.496,0.27884400000000653
180,82.62798,0.945,0.36235999999999535
-170,40.069687,3.765,2.098998999999999
-160,39.727432,2.787,1.7567439999999976
-150,39.543304,1.728,1.5726159999999965
-140,38.735126,0.836,0.7644379999999984
-130,38.233044,0.246,0.2623559999999969
-120,37.971302,0,0.0006139999999987822
-110,38.05542,0.076,0.08473199999999537
-100,38.654823,0.19,0.6841349999999977
-90,38.53557,0.508,0.5648819999999972
-80,39.313206,1.038,1.3425179999999983
-70,38.639984,1.674,0.6692959999999957
-60,39.692432,2.171,1.721743999999994
-50,39.4975,2.333,1.5268119999999996
-40,39.900986,2.04,1.9302980000000005
-30,40.0116,1.414,2.0409119999999987
-20,39.887203,0.748,1.9165149999999969
-10,39.180088,0.281,1.2093999999999951
0,39.483723,0.094,1.513034999999995
10,39.178036,0.281,1.207347999999996
20,39.886253,0.75,1.9155650000000009
30,40.011784,1.412,2.041095999999996
40,39.900673,2.042,1.929984999999995
50,39.49706,2.333,1.526371999999995
60,39.691837,2.171,1.721148999999997
70,38.64106,1.672,0.6703720000000004
80,39.312275,1.038,1.341586999999997
90,38.53536,0.506,0.5646719999999945
100,38.65567,0.19,0.684981999999998
110,38.055515,0.076,0.0848269999999971
120,37.970688,0.002,0
130,38.232983,0.244,0.2622949999999946
140,38.73484,0.838,0.7641519999999957
150,39.5423,1.726,1.5716119999999947
160,39.72702,2.789,1.7563320000000004
170,40.068913,3.765,2.0982249999999993
180,40.217037,4.208,2.246348999999995
-170,-8.246554,0.002,0.00035100000000021225
-160,-7.924741,0.217,0.3221639999999999
-150,-6.942177,0.974,1.3047279999999999
-140,-5.473842,2.213,2.7730629999999996
-130,-3.7449005,3.866,4.5020045
-120,-1.8978086,5.787,6.3490964
-110,0.000856277,7.835,8.247761277
-100,1.6410117,7.406,9.8879167
-90,-0.15179695,6.529,8.09510805
-80,-1.9010515,5.513,6.3458535000000005
-70,-3.4525921,4.443,4.7943128999999995
-60,-4.7660637,3.403,3.4808413
-50,-5.836097,2.451,2.4108080000000003
-40,-6.758004,1.726,1.4889010000000003
-30,-7.4753547,1.238,0.7715503000000004
-20,-7.774188,1.052,0.4727170000000003
-10,-7.7295694,1.141,0.5173356
0,-7.2657084,1.306,0.9811965999999996
10,-7.7327104,1.141,0.5141945999999997
20,-7.773719,1.052,0.4731860000000001
30,-7.4736376,1.238,0.7732673999999999
40,-6.758355,1.726,1.48855
50,-5.8335013,2.451,2.4134037
60,-4.765471,3.403,3.481434
70,-3.4508116,4.445,4.7960934
80,-1.9026805,5.515,6.3442245
90,-0.15578344,6.529,8.09112156
100,1.6411945,7.406,9.8880995
110,0.003670588,7.839,8.250575588
120,-1.898882,5.785,6.3480229999999995
130,-3.748462,3.862,4.498443
140,-5.472992,2.213,2.7739130000000003
150,-6.943805,0.974,1.3030999999999997
160,-7.925492,0.217,0.3214129999999997
170,-8.246905,0,0
180,-7.81383,0.394,0.43307499999999965
-170,117.26821,3.029,2.492130000000003
-160,117.82302,3.415,3.0469400000000064
-150,118.66971,4.071,3.8936300000000017
-140,119.691696,4.975,4.915616
-130,120.80172,6.075,6.02564000000001
-120,121.873405,7.267,7.097325000000012
-110,122.73181,8.422,7.955730000000003
-100,123.15566,9.264,8.379580000000004
-90,123.25558,9.367,8.479500000000002
-80,122.86731,8.506,8.09123000000001
-70,121.864174,7.063,7.088094000000012
-60,120.61965,5.418,5.84357
-50,119.22454,3.834,4.448460000000011
-40,117.90319,2.458,3.127110000000002
-30,116.75714,1.366,1.9810600000000136
-20,115.68817,0.594,0.9120900000000063
-10,115.00244,0.143,0.22636000000001388
0,114.77608,0,0
10,115.00244,0.143,0.22636000000001388
20,115.68817,0.594,0.9120900000000063
30,116.75714,1.366,1.9810600000000136
40,117.90319,2.458,3.127110000000002
50,119.22454,3.834,4.448460000000011
60,120.61965,5.418,5.84357
70,121.864174,7.063,7.088094000000012
80,122.86731,8.506,8.09123000000001
90,123.25558,9.367,8.479500000000002
100,123.15566,9.264,8.379580000000004
110,122.73181,8.424,7.955730000000003
120,121.873405,7.267,7.097325000000012
130,120.80172,6.075,6.02564000000001
140,119.691696,4.975,4.915616
150,118.66971,4.071,3.8936300000000017
160,117.82302,3.415,3.0469400000000064
170,117.26821,3.029,2.492130000000003
180,117.053215,2.907,2.2771350000000012
-170,89.744644,2.145,1.884933999999987
-160,88.79001,0.971,0.9302999999999884
-150,88.20154,0.264,0.3418299999999874
-140,88.25559,0,0.39587999999999113
-130,88.77164,0.15,0.9119299999999981
-120,89.27737,0.458,1.417659999999998
-110,89.907425,0.868,2.0477149999999966
-100,90.24884,1.204,2.3891299999999944
-90,90.246765,1.292,2.3870549999999895
-80,89.60865,1.121,1.7489399999999904
-70,89.02627,0.742,1.1665599999999898
-60,88.23202,0.321,0.3723099999999988
-50,88.01771,0.055,0.15799999999998704
-40,87.861824,0.045,0.0021139999999917336
-30,88.11692,0.495,0.2572099999999864
-20,88.916084,1.423,1.056373999999991
-10,90.031845,2.799,2.1721349999999973
0,91.55641,4.523,3.6966999999999928
10,90.02913,2.799,2.169419999999988
20,88.916725,1.425,1.0570149999999927
30,88.11615,0.495,0.2564399999999978
40,87.85971,0.043,0
50,87.974304,0.055,0.11459399999999675
60,88.23169,0.321,0.37197999999999354
70,89.02756,0.742,1.1678499999999872
80,89.608734,1.121,1.7490239999999915
90,90.24453,1.29,2.3848199999999906
100,90.248,1.202,2.388289999999998
110,89.90596,0.866,2.0462499999999864
120,89.27739,0.458,1.41767999999999
130,88.77184,0.15,0.9121299999999906
140,88.25594,0,0.39622999999998854
150,88.20126,0.262,0.341549999999998
160,88.78982,0.969,0.9301099999999991
170,89.743484,2.145,1.8837739999999883
180,91.4088,3.743,3.5490899999999925
-170,-33.521637,0.09,0.46743000000000023
-160,-33.96913,0.372,0.01993699999999876
-150,-33.854374,0.825,0.13469299999999862
-140,-33.21245,1.454,0.7766170000000017
-130,-32.361668,2.261,1.627398999999997
-120,-31.071007,3.259,2.918059999999997
-110,-29.102608,4.421,4.8864589999999986
-100,-27.911274,5.654,6.077793
-90,-25.042118,6.805,8.946949
-80,-26.975891,7.239,7.013175999999998
-70,-28.12032,6.369,5.868746999999999
-60,-29.144058,5.59,4.8450089999999975
-50,-30.085268,5.085,3.9037989999999994
-40,-30.814287,4.782,3.1747799999999984
-30,-31.296127,4.642,2.69294
-20,-31.48203,4.622,2.507036999999997
-10,-31.643974,4.683,2.3450929999999985
0,-31.667425,4.75,2.321641999999997
10,-31.643974,4.683,2.3450929999999985
20,-31.48203,4.622,2.507036999999997
30,-31.296122,4.642,2.692944999999998
40,-30.814287,4.782,3.1747799999999984
50,-30.085268,5.085,3.9037989999999994
60,-29.144058,5.59,4.8450089999999975
70,-28.120554,6.369,5.868513
80,-26.975878,7.239,7.013188999999997
90,-25.042118,6.805,8.946949
100,-27.911274,5.654,6.077793
110,-29.102324,4.421,4.886742999999999
120,-31.071224,3.259,2.9178429999999977
130,-32.361668,2.261,1.627398999999997
140,-33.21245,1.454,0.7766170000000017
150,-33.854374,0.825,0.13469299999999862
160,-33.96913,0.372,0.01993699999999876
170,-33.521637,0.09,0.46743000000000023
180,-33.989067,0,0
-170,77.75057,0.206,0.28443999999998937
-160,78.413155,0.716,0.9470249999999965
-150,79.4622,1.576,1.996069999999989
-140,80.831825,2.79,3.365694999999988
-130,82.420944,4.281,4.954813999999999
-120,84.121765,5.969,6.6556349999999895
-110,85.763855,7.683,8.297725
-100,87.274765,9.18,9.808634999999995
-90,88.44605,10.054,10.979919999999993
-80,88.65528,9.953,11.189149999999998
-70,87.96089,9.119,10.49476
-60,86.869354,8.054,9.403223999999994
-50,85.60062,7.046,8.13449
-40,84.33079,6.203,6.864659999999986
-30,83.22993,5.598,5.763799999999989
-20,82.41344,5.268,4.947309999999987
-10,81.983635,5.202,4.517505
0,81.42994,5.103,3.963809999999995
10,81.98441,5.204,4.51827999999999
20,82.4139,5.268,4.947769999999991
30,83.22699,5.596,5.760859999999994
40,84.33048,6.203,6.8643499999999875
50,85.60102,7.046,8.134889999999999
60,86.87086,8.058,9.404729999999986
70,87.9627,9.119,10.496569999999991
80,88.655426,9.953,11.189295999999999
90,88.44728,10.056,10.98115
100,87.27354,9.178,9.80740999999999
110,85.76144,7.683,8.295309999999986
120,84.11911,5.963,6.6529799999999994
130,82.42587,4.285,4.9597399999999965
140,80.82841,2.788,3.3622799999999984
150,79.463554,1.578,1.9974239999999952
160,78.41331,0.716,0.9471799999999888
170,77.74805,0.206,0.2819199999999995
180,77.46613,0,0
-170,-2.3393443,4.334,1.8966343
-160,-2.2740102,3.103,1.9619684
-150,-2.7908647,1.846,1.4451139
-140,-3.3054473,0.851,0.9305313000000002
-130,-4.2359786,0.213,0
-120,-4.150554,0,0.08542460000000052
-110,-3.579401,0.233,0.6565776000000003
-100,-2.1797347,0.832,2.0562439
-90,-1.3050152,1.712,2.9309634000000004
-80,0.022858663,2.004,4.258837263
-70,0.28932548,2.021,4.52530408
-60,0.35300368,2.05,4.58898228
-50,0.39543152,2.135,4.63141012
-40,0.3428982,2.273,4.5788768
-30,0.36794132,2.473,4.60391992
-20,0.056446455,2.981,4.292425055
-10,-0.4569435,3.662,3.7790351
0,-0.59800494,4.249,3.63797366
10,-0.4569435,3.662,3.7790351
20,0.056446455,2.981,4.292425055
30,0.36794132,2.473,4.60391992
40,0.3428982,2.273,4.5788768
50,0.39543152,2.135,4.63141012
60,0.32706705,2.05,4.56304565
70,0.28931454,2.021,4.5252931400000005
80,0.022855015,2.004,4.258833615
90,-1.3050152,1.712,2.9309634000000004
100,-2.179742,0.832,2.0562366
110,-3.5794158,0.233,0.6565628000000001
120,-4.150554,0,0.08542460000000052
130,-4.2359786,0.213,0
140,-3.3054473,0.851,0.9305313000000002
150,-2.7908647,1.846,1.4451139
160,-2.2740102,3.103,1.9619684
170,-2.3393443,4.334,1.8966343
180,-2.8365202,4.903,1.3994584000000003
-170,6.8019166,0.227,0.00017790000000061923
-160,7.028788,0.859,0.2270493
-150,8.130586,2.102,1.3288472999999996
-140,9.31202,3.932,2.510281300000001
-130,10.260858,6.237,3.459119300000001
-120,11.6508875,8.867,4.8491488
-110,13.140225,11.653,6.3384863
-100,14.951008,14.356,8.1492693
-90,15.962671,12.979,9.1609323
-80,15.11961,10.78,8.3178713
-70,14.384181,8.782,7.5824423
-60,13.990203,7.116,7.1884643
-50,12.672039,5.34,5.8703003
-40,12.002352,3.998,5.2006133000000005
-30,11.025299,3.133,4.223560300000001
-20,10.58746,2.682,3.7857213000000005
-10,10.782149,2.56,3.980410300000001
0,10.20324,2.6,3.4015012999999996
10,10.781054,2.562,3.9793152999999997
20,10.587852,2.68,3.7861133000000002
30,11.026466,3.133,4.2247273
40,12.002085,3.998,5.2003463
50,12.671157,5.338,5.8694182999999995
60,13.99125,7.116,7.189511300000001
70,14.382576,8.782,7.580837300000001
80,15.1207075,10.782,8.3189688
90,15.96522,12.983,9.1634813
100,14.949708,14.356,8.1479693
110,13.14008,11.649,6.3383413
120,11.651059,8.869,4.8493203000000005
130,10.260062,6.233,3.4583233
140,9.312136,3.932,2.510397300000001
150,8.130406,2.102,1.328667300000001
160,7.028353,0.859,0.2266143000000005
170,6.8017387,0.227,0
180,6.889935,0,0.08819630000000078
-170,68.92215,0.737,2.7553900000000056
-160,67.37162,0.225,1.2048599999999965
-150,66.39642,0.002,0.22966000000000975
-140,66.16676,0.205,0
-130,66.56658,0.765,0.3998200000000054
-120,67.45869,1.642,1.2919300000000078
-110,68.61882,2.594,2.452060000000003
-100,69.74343,3.327,3.576670000000007
-90,70.46481,3.644,4.2980500000000035
-80,70.531265,3.496,4.364505000000008
-70,70.16774,3.033,4.000979999999998
-60,69.71853,2.527,3.5517700000000048
-50,69.49125,2.245,3.3244899999999973
-40,69.6543,2.395,3.48754000000001
-30,70.250404,2.999,4.083644000000007
-20,71.20872,4.039,5.041960000000003
-10,72.37471,5.255,6.207949999999997
0,72.65429,5.796,6.487530000000007
10,72.37595,5.253,6.209190000000007
20,71.20738,4.035,5.040620000000004
30,70.25306,2.995,4.0863000000000085
40,69.653854,2.395,3.487093999999999
50,69.49006,2.243,3.3233000000000033
60,69.71987,2.527,3.5531100000000038
70,70.1653,3.035,3.9985400000000055
80,70.53235,3.494,4.365589999999997
90,70.46706,3.642,4.300300000000007
100,69.742676,3.327,3.5759160000000065
110,68.61993,2.594,2.45317
120,67.458115,1.642,1.29135500000001
130,66.56753,0.765,0.4007700000000085
140,66.1668,0.205,3.999999999848569e-05
150,66.397804,0,0.23104399999999714
160,67.37284,0.225,1.20608
170,68.92068,0.739,2.753920000000008
180,69.62329,0.821,3.4565300000000008
-170,96.11535,0.231,0.4262250000000023
-160,97.105576,0.835,1.416450999999995
-150,98.29442,1.79,2.605294999999998
-140,99.38362,3.043,3.694494999999989
-130,100.23949,4.479,4.550364999999999
-120,100.89477,5.988,5.20564499999999
-110,101.51529,7.379,5.826164999999989
-100,102.236916,8.473,6.5477909999999895
-90,102.91805,9.126,7.22892499999999
-80,103.25185,9.245,7.562725
-70,103.31546,8.892,7.626334999999997
-60,103.3085,8.284,7.619374999999991
-50,103.3118,7.678,7.622675000000001
-40,103.27639,7.217,7.587265000000002
-30,103.14222,6.989,7.4530949999999905
-20,102.90353,6.991,7.214404999999999
-10,102.52317,7.118,6.834044999999989
0,101.83872,7.015,6.149594999999991
10,102.52317,7.118,6.834044999999989
20,102.90353,6.991,7.214404999999999
30,103.14222,6.989,7.4530949999999905
40,103.27639,7.217,7.587265000000002
50,103.3118,7.678,7.622675000000001
60,103.3085,8.284,7.619374999999991
70,103.31546,8.892,7.626334999999997
80,103.25185,9.245,7.562725
90,102.91805,9.126,7.22892499999999
100,102.236916,8.473,6.5477909999999895
110,101.51529,7.379,5.826164999999989
120,100.89477,5.988,5.20564499999999
130,100.23949,4.479,4.550364999999999
140,99.38362,3.043,3.694494999999989
150,98.29442,1.79,2.605294999999998
160,97.105576,0.835,1.416450999999995
170,96.11535,0.231,0.4262250000000023
180,95.689125,0,0
-170,15.160181,0.212,0.1959459999999993
-160,15.795457,0.805,0.8312220000000003
-150,16.68407,1.649,1.719834999999998
-140,17.676525,2.546,2.712290000000001
-130,18.51039,3.249,3.5461550000000006
-120,18.897928,3.53,3.933693
-110,17.961395,3.273,2.997159999999999
-100,17.461397,2.567,2.497162000000001
-90,16.79242,1.692,1.8281849999999995
-80,16.158401,1.034,1.194166000000001
-70,15.806304,0.672,0.8420690000000004
-60,15.365899,0.657,0.40166400000000024
-50,15.77053,1.044,0.8062950000000004
-40,16.599165,1.854,1.6349299999999989
-30,17.744017,2.958,2.779781999999999
-20,19.135292,4.186,4.171056999999999
-10,19.94289,5.242,4.978654999999998
0,20.253155,5.651,5.288919999999999
10,19.944952,5.242,4.980717
20,19.134209,4.186,4.169973999999998
30,17.743158,2.958,2.7789230000000007
40,16.598732,1.854,1.6344969999999979
50,15.770355,1.044,0.80612
60,15.365319,0.657,0.4010839999999991
70,15.80634,0.672,0.8421050000000001
80,16.157694,1.034,1.193458999999999
90,16.792274,1.692,1.8280389999999986
100,17.461573,2.571,2.497338000000001
110,17.960892,3.273,2.996657000000001
120,18.898079,3.53,3.933843999999999
130,18.509869,3.249,3.545633999999998
140,17.676756,2.544,2.7125210000000006
150,16.684141,1.651,1.719906
160,15.795002,0.805,0.8307669999999998
170,15.161081,0.212,0.19684599999999897
180,14.964235,0,0
-170,31.70347,0.066,0.6199779999999997
-160,31.555239,0.193,0.4717470000000006
-150,31.528551,0.472,0.44505900000000054
-140,31.519587,0.836,0.4360950000000017
-130,32.258255,1.292,1.1747629999999987
-120,33.649685,1.898,2.5661929999999984
-110,34.782486,2.602,3.698993999999999
-100,33.74889,2.604,2.6653980000000033
-90,34.427284,2.808,3.3437920000000005
-80,34.018166,2.596,2.934674000000001
-70,33.476566,2.398,2.3930739999999986
-60,33.631203,1.847,2.5477109999999996
-50,32.13595,1.206,1.0524580000000014
-40,31.323917,0.741,0.2404250000000019
-30,31.083492,0.381,0
-20,31.38986,0.127,0.3063679999999991
-10,31.482313,0,0.39882100000000165
0,31.721275,0.091,0.6377829999999989
10,31.482561,0.002,0.3990690000000008
20,31.39052,0.129,0.30702799999999897
30,31.08438,0.381,0.0008879999999997779
40,31.323523,0.743,0.24003100000000188
50,32.137325,1.204,1.0538329999999974
60,33.629147,1.847,2.5456550000000036
70,33.476795,2.398,2.393303000000003
80,34.0173,2.596,2.933807999999999
90,34.426548,2.808,3.343055999999997
100,33.749416,2.604,2.665923999999997
110,34.78281,2.602,3.699317999999998
120,33.6498,1.9,2.5663079999999994
130,32.259296,1.294,1.1758039999999994
140,31.519014,0.838,0.43552199999999885
150,31.528566,0.472,0.44507400000000175
160,31.555075,0.193,0.471582999999999
170,31.706709,0.066,0.6232170000000004
180,31.550076,0.061,0.466584000000001
-170,103.09892,5.735,4.85945000000001
-160,103.84893,6.052,5.609459999999999
-150,104.77517,6.653,6.535700000000006
-140,105.71268,7.505,7.473210000000009
-130,106.614456,8.516,8.374986000000007
-120,107.092804,9.556,8.853334000000004
-110,107.43846,10.441,9.198990000000009
-100,107.19828,10.899,8.95881
-90,107.501915,10.617,9.262445
-80,106.858086,9.562,8.618616000000003
-70,105.515594,7.971,7.276123999999996
-60,104.45365,6.164,6.214179999999999
-50,103.153336,4.413,4.913865999999999
-40,101.85867,2.871,3.6192000000000064
-30,100.618904,1.63,2.3794340000000034
-20,99.277306,0.72,1.0378359999999986
-10,98.647415,0.18,0.407944999999998
0,98.23947,0,0
10,98.647415,0.18,0.407944999999998
20,99.277306,0.72,1.0378359999999986
30,100.618904,1.63,2.3794340000000034
40,101.85867,2.871,3.6192000000000064
50,103.153336,4.413,4.913865999999999
60,104.45366,6.164,6.214190000000002
70,105.515594,7.971,7.276123999999996
80,106.858086,9.562,8.618616000000003
90,107.501915,10.617,9.262445
100,107.19828,10.899,8.95881
110,107.43846,10.441,9.198990000000009
120,107.092804,9.556,8.853334000000004
130,106.61445,8.516,8.374980000000008
140,105.71268,7.505,7.473210000000009
150,104.77517,6.653,6.535700000000006
160,103.84893,6.052,5.609459999999999
170,103.09892,5.735,4.85945000000001
180,102.82065,5.645,4.581180000000003
-170,37.739006,0.15,0.22532600000000258
-160,37.92685,0.595,0.4131700000000009
-150,38.287468,1.223,0.7737879999999961
-140,38.82348,1.936,1.3098000000000027
-130,39.6334,2.521,2.119720000000001
-120,40.338013,2.79,2.8243329999999958
-110,40.73032,2.879,3.216639999999998
-100,40.845303,2.923,3.3316230000000004
-90,40.71702,2.95,3.203339999999997
-80,40.39678,2.924,2.883099999999999
-70,39.967754,2.865,2.4540739999999985
-60,39.489635,2.736,1.975954999999999
-50,38.94517,2.4,1.4314899999999966
-40,38.355595,1.797,0.8419150000000002
-30,37.967064,1.133,0.4533839999999998
-20,37.718296,0.561,0.20461600000000146
-10,37.531597,0.135,0.017916999999997074
0,37.51368,0,0
10,37.531048,0.135,0.017367999999997608
20,37.717445,0.561,0.2037649999999971
30,37.968327,1.133,0.45464700000000136
40,38.35478,1.795,0.8410999999999973
50,38.945805,2.4,1.4321249999999992
60,39.490177,2.736,1.976497000000002
70,39.96794,2.865,2.454259999999998
80,40.39751,2.924,2.883829999999996
90,40.715828,2.95,3.202148000000001
100,40.844376,2.923,3.330695999999996
110,40.729687,2.881,3.2160069999999976
120,40.339275,2.788,2.825595
130,39.632904,2.521,2.1192240000000027
140,38.824265,1.936,1.3105849999999961
150,38.287514,1.223,0.7738340000000008
160,37.92595,0.595,0.41226999999999947
170,37.74059,0.15,0.22690999999999661
180,37.69545,0.002,0.1817700000000002
-170,10.9682255,0.343,0.6537815000000009
-160,12.232763,1.115,1.9183190000000003
-150,13.786768,2.156,3.4723240000000004
-140,15.234451,3.229,4.920007
-130,16.236824,4.054,5.922379999999999
-120,16.622988,4.378,6.3085439999999995
-110,16.350542,4.092,6.036098000000001
-100,15.452989,3.294,5.138545000000001
-90,14.101555,2.251,3.7871109999999994
-80,12.627198,1.243,2.312754
-70,11.442324,0.517,1.1278799999999993
-60,10.872616,0.21,0.5581720000000008
-50,11.063116,0.403,0.7486720000000009
-40,11.893705,1.045,1.5792610000000007
-30,13.0483675,2.008,2.7339234999999995
-20,14.151687,3.073,3.837243000000001
-10,14.913266,3.955,4.598822
0,15.221038,4.371,4.906594
10,15.01691,4.168,4.702465999999999
20,14.3517,3.433,4.037255999999999
30,13.298906,2.398,2.9844620000000006
40,12.092351,1.335,1.7779070000000008
50,11.057595,0.487,0.7431509999999992
60,10.496934,0.034,0.1824899999999996
70,10.618112,0.097,0.30366800000000005
80,11.350233,0.622,1.0357889999999994
90,12.416569,1.46,2.102125000000001
100,13.4117565,2.37,3.0973124999999992
110,14.025398,3.105,3.710953999999999
120,14.171631,3.42,3.8571869999999997
130,13.8618965,3.195,3.5474525000000003
140,13.158548,2.518,2.8441039999999997
150,12.1573,1.632,1.8428559999999994
160,11.116595,0.778,0.8021510000000003
170,10.40086,0.178,0.08641599999999983
180,10.314444,0,0
-170,89.95831,1.23,1.5673999999999921
-160,89.13452,0.556,0.7436099999999897
-150,88.5663,0.101,0.17538999999999305
-140,88.42435,0.002,0.033439999999998804
-130,88.39091,0.348,0
-120,89.4912,0.987,1.100290000000001
-110,90.2181,1.744,1.8271900000000016
-100,91.36947,2.374,2.9785600000000017
-90,91.70238,2.584,3.31147
-80,91.39182,2.369,3.0009099999999904
-70,90.27674,1.745,1.8858299999999986
-60,89.300224,1.052,0.9093139999999948
-50,88.56357,0.425,0.17265999999999337
-40,88.57713,0.046,0.18621999999999161
-30,88.70604,0.074,0.31512999999999636
-20,89.00657,0.512,0.6156599999999912
-10,89.971924,1.22,1.5810139999999961
0,90.71342,1.852,2.322509999999994
10,89.97013,1.216,1.5792199999999923
20,89.00608,0.512,0.615169999999992
30,88.70842,0.074,0.3175099999999986
40,88.57709,0.048,0.18617999999999313
50,88.56229,0.425,0.1713799999999992
60,89.29986,1.052,0.9089499999999902
70,90.27624,1.747,1.8853299999999962
80,91.38992,2.371,2.9990099999999984
90,91.70383,2.584,3.312919999999991
100,91.37117,2.376,2.9802600000000012
110,90.21921,1.744,1.8282999999999987
120,89.491356,0.987,1.100445999999991
130,88.39172,0.348,0.0008100000000013097
140,88.42598,0,0.03506999999999039
150,88.56593,0.101,0.1750199999999893
160,89.131165,0.556,0.7402549999999906
170,89.95672,1.232,1.565809999999999
180,90.30928,1.71,1.918369999999996
-170,97.42999,0.147,0.29737599999999986
-160,98.105255,0.593,0.9726409999999959
-150,99.76792,1.366,2.635306
-140,100.65208,2.461,3.519465999999994
-130,102.265686,3.861,5.1330719999999985
-120,103.991486,5.51,6.858871999999991
-110,105.60058,7.315,8.46796599999999
-100,107.07176,9.152,9.939145999999994
-90,108.33961,10.677,11.20699599999999
-80,110.08989,9.809,12.957275999999993
-70,108.64006,8.066,11.507446000000002
-60,107.082275,6.27,9.949660999999992
-50,105.56245,4.688,8.429835999999995
-40,104.44091,3.516,7.308295999999999
-30,103.11488,2.591,5.982265999999996
-20,101.99886,1.912,4.86624599999999
-10,101.21483,1.491,4.0822160000000025
0,100.85027,1.344,3.717655999999991
10,101.21483,1.491,4.0822160000000025
20,101.99886,1.912,4.86624599999999
30,103.11488,2.591,5.982265999999996
40,104.44091,3.516,7.308295999999999
50,105.56245,4.688,8.429835999999995
60,107.082275,6.27,9.949660999999992
70,108.64006,8.066,11.507446000000002
80,110.08989,9.809,12.957275999999993
90,108.33961,10.677,11.20699599999999
100,107.07176,9.152,9.939145999999994
110,105.60058,7.315,8.46796599999999
120,103.991486,5.51,6.858871999999991
130,102.26568,3.861,5.1330659999999995
140,100.65208,2.461,3.519465999999994
150,99.76792,1.366,2.635306
160,98.105255,0.593,0.9726409999999959
170,97.429985,0.147,0.2973709999999983
180,97.132614,0,0
-170,93.76593,5.032,3.8202739999999977
-160,94.609,5.589,4.663343999999995
-150,95.80685,6.479,5.861193999999998
-140,97.27589,7.672,7.330234000000004
-130,98.8954,9.12,8.949743999999995
-120,100.518265,10.757,10.572609
-110,101.94222,12.502,11.996564000000006
-100,102.86641,14.215,12.920754000000002
-90,102.68199,14.982,12.736334
-80,102.0788,12.569,12.133144000000001
-70,100.16677,9.873,10.221114
-60,98.089035,7.303,8.143378999999996
-50,96.147705,5.078,6.202049000000002
-40,94.23765,3.242,4.2919940000000025
-30,92.56946,1.825,2.623804000000007
-20,91.168785,0.826,1.2231290000000001
-10,90.27175,0.219,0.32609399999999766
0,89.945656,0,0
10,90.27175,0.217,0.32609399999999766
20,91.168785,0.826,1.2231290000000001
30,92.56946,1.825,2.623804000000007
40,94.23765,3.242,4.2919940000000025
50,96.147705,5.078,6.202049000000002
60,98.089035,7.303,8.143378999999996
70,100.16676,9.873,10.221103999999997
80,102.0788,12.569,12.133144000000001
90,102.682,14.982,12.736344000000003
100,102.8664,14.217,12.920744
110,101.94222,12.5,11.996564000000006
120,100.51827,10.757,10.572614000000002
130,98.8954,9.12,8.949743999999995
140,97.27589,7.672,7.330234000000004
150,95.80685,6.479,5.861193999999998
160,94.609,5.589,4.663343999999995
170,93.76593,5.032,3.8202739999999977
180,93.44611,4.835,3.500454000000005
-170,24.7559,2.925,3.1598609999999994
-160,25.95322,3.361,4.357181000000001
-150,27.821955,4.066,6.225915999999998
-140,29.093046,4.892,7.497007
-130,29.76166,5.565,8.165620999999998
-120,27.84307,5.675,6.247031
-110,26.874754,4.941,5.278714999999998
-100,25.298658,3.724,3.7026189999999986
-90,24.157295,2.332,2.561256
-80,23.009027,1.075,1.4129879999999986
-70,21.915943,0.259,0.3199039999999975
-60,21.596039,0,0
-50,22.009144,0.538,0.41310499999999806
-40,23.047958,1.782,1.4519190000000002
-30,25.161045,3.485,3.5650060000000003
-20,25.541704,4.866,3.945664999999998
-10,26.391523,5.806,4.795483999999998
0,26.745329,6.193,5.149290000000001
10,26.390749,5.806,4.7947099999999985
20,25.540817,4.866,3.9447779999999995
30,25.158033,3.483,3.5619939999999986
40,23.047615,1.786,1.4515759999999993
50,22.011608,0.54,0.41556899999999786
60,21.598133,0,0.002093999999999596
70,21.916538,0.259,0.3204989999999981
80,23.008017,1.071,1.4119779999999977
90,24.15698,2.332,2.5609409999999997
100,25.299984,3.722,3.7039449999999974
110,26.875925,4.941,5.279885999999998
120,27.844893,5.675,6.248853999999998
130,29.762531,5.567,8.166491999999998
140,29.09154,4.892,7.495500999999997
150,27.81942,4.068,6.223381
160,25.95246,3.361,4.356420999999997
170,24.755367,2.927,3.1593279999999986
180,24.133654,2.739,2.537614999999999
-170,118.3017,0.124,0.22829000000000121
-160,118.83759,0.504,0.7641800000000103
-150,119.514786,1.136,1.4413760000000053
-140,120.23203,2.014,2.158619999999999
-130,120.95082,3.081,2.8774099999999976
-120,121.69623,4.271,3.6228200000000044
-110,122.49472,5.434,4.421310000000005
-100,123.29656,6.368,5.223150000000004
-90,123.839714,6.909,5.766304000000005
-80,123.97626,6.924,5.902850000000001
-70,123.80297,6.423,5.729560000000006
-60,123.52868,5.607,5.455269999999999
-50,123.21699,4.724,5.14358
-40,122.86483,3.96,4.791420000000002
-30,122.49638,3.369,4.4229700000000065
-20,122.14297,2.974,4.06956000000001
-10,121.8903,2.776,3.816890000000001
0,121.73402,2.675,3.6606100000000055
10,121.8903,2.776,3.816890000000001
20,122.14297,2.974,4.06956000000001
30,122.49556,3.365,4.422150000000002
40,122.86483,3.96,4.791420000000002
50,123.21699,4.724,5.14358
60,123.52868,5.607,5.455269999999999
70,123.80297,6.423,5.729560000000006
80,123.97626,6.924,5.902850000000001
90,123.839714,6.907,5.766304000000005
100,123.29656,6.368,5.223150000000004
110,122.49472,5.434,4.421310000000005
120,121.69623,4.271,3.6228200000000044
130,120.95082,3.081,2.8774099999999976
140,120.23203,2.014,2.158619999999999
150,119.514786,1.136,1.4413760000000053
160,118.83759,0.504,0.7641800000000103
170,118.3017,0.124,0.22829000000000121
180,118.07341,0,0
-170,104.86415,0.108,0.3518799999999942
-160,105.58657,0.399,1.0742999999999938
-150,106.486084,0.945,1.9738140000000044
-140,107.419044,1.82,2.9067739999999986
-130,108.37146,3.008,3.859189999999998
-120,109.52907,4.445,5.0168000000000035
-110,110.843735,6.003,6.331464999999994
-100,112.20917,7.443,7.696899999999999
-90,113.223206,8.532,8.710936000000004
-80,113.524216,9.046,9.011945999999995
-70,113.16542,8.899,8.653149999999997
-60,113.0034,8.536,8.491129999999998
-50,113.18604,8.242,8.673770000000005
-40,113.706116,8.23,9.193845999999994
-30,114.29232,8.585,9.780050000000003
-20,115.069176,9.304,10.556905999999998
-10,115.85752,10.285,11.345249999999993
0,116.07251,10.962,11.560239999999993
10,115.85704,10.289,11.344769999999997
20,115.06837,9.306,10.5561
30,114.29203,8.579,9.779759999999996
40,113.70532,8.228,9.19305
50,113.1881,8.242,8.675830000000005
60,113.00411,8.534,8.491839999999996
70,113.16414,8.899,8.651870000000002
80,113.5234,9.042,9.011129999999994
90,113.22356,8.532,8.711290000000005
100,112.20829,7.443,7.696020000000004
110,110.84333,5.999,6.331059999999994
120,109.5278,4.443,5.015529999999998
130,108.370605,3.012,3.8583349999999967
140,107.41839,1.82,2.9061200000000014
150,106.48726,0.945,1.9749900000000054
160,105.587494,0.395,1.0752240000000057
170,104.86577,0.106,0.3534999999999968
180,104.51227,0,0
-170,82.20618,0.152,0.5845600000000104
-160,82.562996,0.123,0.9413760000000053
-150,83.158134,0.338,1.536514000000011
-140,83.956566,0.808,2.334946000000002
-130,84.912834,1.496,3.2912140000000107
-120,85.96495,2.374,4.343330000000009
-110,86.987434,3.375,5.365814
-100,87.82439,4.15,6.202770000000001
-90,88.15224,4.445,6.530620000000013
-80,87.73147,4.159,6.109850000000009
-70,86.81545,3.395,5.1938300000000055
-60,85.71903,2.394,4.097410000000011
-50,84.583435,1.506,2.9618150000000014
-40,83.53017,0.802,1.9085500000000053
-30,82.68244,0.328,1.0608200000000068
-20,82.1516,0.145,0.529980000000009
-10,81.93422,0.233,0.3126000000000033
0,81.70414,0.337,0.08252000000000237
10,81.93424,0.233,0.31262000000000967
20,82.15402,0.145,0.5324000000000098
30,82.68369,0.328,1.0620700000000056
40,83.53143,0.802,1.9098100000000073
50,84.58231,1.506,2.960690000000014
60,85.72072,2.396,4.099100000000007
70,86.81611,3.393,5.194490000000002
80,87.73149,4.157,6.109870000000001
90,88.15036,4.443,6.528740000000013
100,87.82309,4.152,6.2014700000000005
110,86.98764,3.377,5.366020000000006
120,85.96576,2.374,4.34414000000001
130,84.91363,1.496,3.2920100000000048
140,83.95688,0.808,2.335260000000005
150,83.158554,0.338,1.5369340000000022
160,82.56245,0.123,0.9408300000000054
170,82.2074,0.152,0.585780000000014
180,81.62162,0,0
-170,31.27374,2.288,0.8229700000000015
-160,31.145071,1.81,0.6943010000000029
-150,30.581913,1.203,0.13114300000000156
-140,30.451324,0.63,0.0005540000000010536
-130,30.69403,0.204,0.24326000000000292
-120,30.777239,0,0.326469000000003
-110,30.822357,0.075,0.37158700000000167
-100,31.368967,0.357,0.9181970000000028
-90,31.51625,0.8,1.0654800000000009
-80,31.955444,1.323,1.5046740000000014
-70,31.97133,1.861,1.5205599999999997
-60,31.748491,2.241,1.2977210000000028
-50,31.729853,2.312,1.279083
-40,31.65206,1.999,1.2012900000000002
-30,31.711876,1.397,1.2611060000000016
-20,31.779394,0.781,1.3286240000000014
-10,31.897394,0.387,1.446624
0,31.861044,0.244,1.4102740000000011
10,31.896275,0.387,1.4455050000000007
20,31.779049,0.781,1.328279000000002
30,31.711195,1.397,1.2604250000000015
40,31.651215,1.999,1.200445000000002
50,31.729374,2.314,1.2786040000000014
60,31.748856,2.243,1.2980860000000014
70,31.97062,1.861,1.5198500000000017
80,31.955473,1.323,1.5047030000000028
90,31.51656,0.8,1.0657899999999998
100,31.368687,0.357,0.9179170000000028
110,30.821512,0.075,0.3707419999999999
120,30.777115,0.002,0.3263449999999999
130,30.694447,0.206,0.2436770000000017
140,30.45077,0.63,0
150,30.58099,1.203,0.13022000000000133
160,31.145172,1.812,0.6944020000000002
170,31.273361,2.286,0.8225910000000027
180,31.247398,2.473,0.7966280000000019
-170,71.37729,0.495,0.32111000000000445
-160,71.05618,0.105,0
-150,71.06443,0,0.008250000000003865
-140,71.38341,0.328,0.32723000000000013
-130,71.99146,1.007,0.9352800000000059
-120,72.79512,2.008,1.7389399999999995
-110,73.59505,3.061,2.538870000000003
-100,74.2118,3.883,3.155619999999999
-90,74.34923,4.206,3.293050000000008
-80,73.950035,3.886,2.893855000000002
-70,73.30862,3.055,2.252440000000007
-60,72.64016,2.004,1.5839799999999968
-50,72.064674,1.007,1.008493999999999
-40,71.68651,0.334,0.6303300000000007
-30,71.57105,0.012,0.5148700000000019
-20,71.76189,0.134,0.7057099999999963
-10,72.18989,0.528,1.1337100000000078
0,72.62482,0.92,1.568640000000002
10,72.18989,0.528,1.1337100000000078
20,71.76189,0.134,0.7057099999999963
30,71.57105,0.012,0.5148700000000019
40,71.68651,0.334,0.6303300000000007
50,72.064674,1.007,1.008493999999999
60,72.64016,2.004,1.5839799999999968
70,73.30862,3.055,2.252440000000007
80,73.950035,3.886,2.893855000000002
90,74.34923,4.206,3.293050000000008
100,74.2118,3.883,3.155619999999999
110,73.59505,3.061,2.538870000000003
120,72.79512,2.008,1.7389399999999995
130,71.99146,1.007,0.9352800000000059
140,71.38341,0.328,0.32723000000000013
150,71.06443,0,0.008250000000003865
160,71.05618,0.107,0
170,71.37728,0.495,0.3211000000000013
180,71.63282,0.892,0.5766399999999976
-170,36.45909,0.212,0.062300000000000466
-160,36.845978,0.578,0.4491879999999995
-150,36.8869,1.25,0.4901099999999943
-140,37.05317,1.976,0.6563799999999986
-130,36.58514,2.279,0.1883499999999998
-120,36.663597,1.975,0.266807
-110,37.30895,1.77,0.9121600000000001
-100,37.372105,1.644,0.9753149999999948
-90,37.893864,1.554,1.4970739999999978
-80,38.00762,1.559,1.61083
-70,38.00596,1.668,1.6091699999999989
-60,38.01011,1.881,1.6133199999999945
-50,38.0374,2.191,1.6406099999999952
-40,38.15435,2.491,1.757559999999998
-30,37.303917,2.26,0.9071269999999956
-20,36.73629,2.085,0.3394999999999939
-10,36.471897,1.991,0.0751069999999956
0,36.39679,1.964,0
10,36.474747,1.991,0.07795699999999783
20,36.73747,2.083,0.340679999999999
30,37.303204,2.26,0.906413999999998
40,38.153152,2.491,1.7563619999999958
50,38.03558,2.191,1.6387900000000002
60,38.011173,1.881,1.6143829999999966
70,38.009274,1.668,1.612483999999995
80,37.88943,1.559,1.4926399999999944
90,37.893475,1.554,1.4966849999999994
100,37.369,1.644,0.9722099999999969
110,37.307896,1.77,0.9111059999999966
120,36.66092,1.975,0.2641299999999944
130,36.582912,2.279,0.18612199999999746
140,37.0512,1.976,0.6544099999999986
150,36.887444,1.254,0.49065399999999926
160,36.845547,0.578,0.4487570000000005
170,36.458218,0.212,0.06142799999999937
180,36.658943,0,0.26215299999999786
-170,71.71937,1.169,0.19148500000000013
-160,72.53217,1.539,1.0042849999999959
-150,73.98622,2.218,2.4583350000000053
-140,75.086945,3.194,3.5590600000000023
-130,76.7993,4.441,5.271415000000005
-120,78.402954,5.868,6.875068999999996
-110,80.0878,7.345,8.559915000000004
-100,81.70811,8.653,10.180225000000007
-90,82.663025,9.237,11.135140000000007
-80,82.280785,8.463,10.752899999999997
-70,81.56149,6.987,10.033605000000009
-60,80.041306,5.361,8.513421000000008
-50,78.36176,3.854,6.833875000000006
-40,76.6514,2.57,5.123514999999998
-30,74.71969,1.523,3.1918050000000022
-20,73.48624,0.713,1.9583549999999974
-10,72.64446,0.192,1.1165749999999974
0,72.35995,0,0.832065
10,72.64446,0.19,1.1165749999999974
20,73.48624,0.713,1.9583549999999974
30,74.71969,1.523,3.1918050000000022
40,76.6514,2.57,5.123514999999998
50,78.36176,3.854,6.833875000000006
60,80.041306,5.361,8.513421000000008
70,81.56149,6.989,10.033605000000009
80,82.280785,8.463,10.752899999999997
90,82.663025,9.237,11.135140000000007
100,81.70811,8.653,10.180225000000007
110,80.08779,7.345,8.559905
120,78.402954,5.868,6.875068999999996
130,76.7993,4.443,5.271415000000005
140,75.08694,3.194,3.5590550000000007
150,73.98621,2.218,2.458325000000002
160,72.53217,1.539,1.0042849999999959
170,71.71937,1.169,0.19148500000000013
180,71.527885,1.059,0
-170,46.264313,1.156,1.590243000000001
-160,46.078316,1.217,1.4042460000000005
-150,46.430187,1.228,1.7561169999999962
-140,45.40165,1.091,0.7275799999999961
-130,44.953007,0.796,0.2789369999999991
-120,44.67407,0.477,0
-110,45.202984,0.227,0.5289140000000003
-100,45.129612,0.07,0.4555420000000012
-90,45.082573,0,0.40850299999999606
-80,45.059853,0.032,0.38578299999999643
-70,45.091427,0.186,0.41735700000000264
-60,45.95526,0.464,1.2811900000000023
-50,45.36467,0.805,0.6905999999999963
-40,45.547653,1.072,0.8735829999999964
-30,45.716236,1.188,1.0421660000000017
-20,46.33565,1.169,1.6615800000000007
-10,45.951286,1.103,1.2772160000000028
0,46.073162,1.065,1.399092000000003
10,45.951286,1.103,1.2772160000000028
20,46.335648,1.169,1.6615779999999987
30,45.716236,1.188,1.0421660000000017
40,45.547657,1.072,0.8735870000000006
50,45.36467,0.805,0.6905999999999963
60,45.95526,0.464,1.2811900000000023
70,45.091434,0.186,0.4173639999999992
80,45.059853,0.032,0.38578299999999643
90,45.082573,0,0.40850299999999606
100,45.129612,0.07,0.4555420000000012
110,45.202988,0.227,0.5289179999999973
120,44.67407,0.477,0
130,44.953007,0.796,0.2789369999999991
140,45.401653,1.091,0.7275830000000028
150,46.430187,1.228,1.7561169999999962
160,46.078316,1.217,1.4042460000000005
170,46.26431,1.156,1.5902400000000014
180,46.33367,1.072,1.6595999999999975
-170,11.456896,0.207,0.42264000000000124
-160,12.014565,0.392,0.9803090000000001
-150,13.168752,0.918,2.1344960000000004
-140,14.857775,1.746,3.823519000000001
-130,17.006853,2.83,5.972597
-120,19.441238,4.056,8.406982
-110,21.772228,5.235,10.737972
-100,23.477463,6.272,12.443207000000001
-90,23.960775,6.654,12.926519000000003
-80,23.092684,6.267,12.058428
-70,21.396858,5.26,10.362602000000003
-60,19.264635,4.084,8.230379
-50,17.067707,2.858,6.0334509999999995
-40,15.075147,1.759,4.040891
-30,13.483894,0.92,2.449638
-20,12.397822,0.392,1.3635660000000005
-10,11.925333,0.235,0.891077000000001
0,11.485445,0.001,0.4511890000000012
10,11.924767,0.235,0.890511
20,12.396506,0.392,1.3622500000000013
30,13.48445,0.92,2.4501940000000015
40,15.07469,1.759,4.040434000000001
50,17.066902,2.858,6.032646
60,19.269047,4.084,8.234791000000001
70,21.39708,5.262,10.362824
80,23.09321,6.267,12.058954
90,23.960299,6.652,12.926043
100,23.477016,6.274,12.44276
110,21.7712,5.235,10.736944000000001
120,19.437653,4.056,8.403397000000002
130,17.00311,2.83,5.968854
140,14.857926,1.746,3.8236700000000017
150,13.166061,0.918,2.131805
160,12.015252,0.392,0.9809960000000011
170,11.456903,0.207,0.4226470000000013
180,11.034256,0,0
-170,8.2229595,0.4,0.30046890000000026
-160,8.527296,1.016,0.6048054
-150,9.658235,1.89,1.7357443999999997
-140,10.378178,2.829,2.4556874000000004
-130,10.447829,3.58,2.5253384000000008
-120,10.9841175,3.891,3.0616269000000003
-110,10.549578,3.607,2.6270874000000006
-100,10.255356,2.806,2.332865400000001
-90,9.460279,1.762,1.5377884000000002
-80,8.792759,0.788,0.8702684000000005
-70,8.361249,0.148,0.4387584000000011
-60,8.301987,0,0.37949640000000073
-50,8.749074,0.432,0.8265834000000005
-40,9.748295,1.357,1.8258044000000009
-30,10.6069975,2.589,2.6845069000000006
-20,11.725365,3.844,3.8028744000000003
-10,12.286699,4.791,4.364208400000001
0,12.577542,5.146,4.6550514
10,12.286843,4.791,4.3643524
20,11.725531,3.846,3.8030404000000004
30,10.607338,2.589,2.6848474000000007
40,9.749273,1.357,1.8267824000000008
50,8.749124,0.432,0.8266334000000004
60,8.301152,0.002,0.37866140000000037
70,8.361872,0.148,0.43938140000000026
80,8.793609,0.786,0.8711184000000003
90,9.460289,1.764,1.5377983999999998
100,10.254358,2.806,2.3318674
110,10.550411,3.605,2.6279204000000007
120,10.98407,3.889,3.0615793999999994
130,10.447699,3.58,2.5252084000000004
140,10.378077,2.827,2.4555863999999996
150,9.658084,1.89,1.7355934000000008
160,8.526311,1.016,0.6038204
170,8.223226,0.4,0.30073540000000065
180,7.9224906,0.178,0
-170,33.76786,0.149,0.6947169999999971
-160,33.404312,0.031,0.3311689999999956
-150,33.28492,0.284,0.21177699999999788
-140,33.76495,0.803,0.6918069999999972
-130,34.418354,1.428,1.345210999999999
-120,35.201824,2.007,2.1286810000000003
-110,35.97125,2.549,2.898106999999996
-100,36.66146,3.138,3.5883169999999964
-90,37.208405,3.759,4.135261999999997
-80,36.462868,3.11,3.3897249999999985
-70,35.321796,2.456,2.2486529999999973
-60,34.53008,1.867,1.4569369999999964
-50,33.565804,1.285,0.49266099999999824
-40,33.073143,0.723,0
-30,33.316418,0.25,0.24327499999999702
-20,33.202324,0,0.12918099999999555
-10,33.29124,0.135,0.2180970000000002
0,33.330772,0.649,0.25762900000000144
10,33.291252,0.133,0.21810899999999833
20,33.203033,0,0.12988999999999606
30,33.315845,0.25,0.2427020000000013
40,33.074474,0.723,0.0013310000000004152
50,33.567554,1.287,0.4944109999999995
60,34.529858,1.867,1.4567149999999955
70,35.32045,2.456,2.2473069999999993
80,36.46307,3.11,3.389927
90,37.20702,3.757,4.133876999999998
100,36.66275,3.136,3.589607000000001
110,35.972866,2.551,2.8997230000000016
120,35.200356,2.007,2.1272129999999976
130,34.419415,1.43,1.346271999999999
140,33.765076,0.807,0.6919329999999988
150,33.284657,0.284,0.2115140000000011
160,33.405193,0.031,0.3320499999999953
170,33.766563,0.149,0.6934199999999962
180,33.837307,0.593,0.764164000000001
-170,97.90163,2.818,3.5661039999999957
-160,98.51491,2.922,4.179383999999999
-150,99.175865,3.186,4.840339
-140,99.702614,3.634,5.367087999999995
-130,100.05531,4.317,5.719784000000004
-120,100.25703,5.232,5.921503999999999
-110,100.39259,6.194,6.057063999999997
-100,100.52748,6.997,6.1919539999999955
-90,100.56077,7.33,6.2252440000000036
-80,100.44997,6.922,6.114443999999992
-70,100.05601,5.93,5.720483999999999
-60,99.30266,4.672,4.9671340000000015
-50,98.30453,3.381,3.969003999999998
-40,97.20732,2.215,2.871793999999994
-30,96.149315,1.28,1.8137889999999999
-20,95.24662,0.59,0.9110939999999914
-10,94.60673,0.161,0.27120399999999734
0,94.335526,0,0
10,94.60673,0.161,0.27120399999999734
20,95.24662,0.59,0.9110939999999914
30,96.149315,1.28,1.8137889999999999
40,97.20732,2.215,2.871793999999994
50,98.30453,3.381,3.969003999999998
60,99.30266,4.672,4.9671340000000015
70,100.05601,5.93,5.720483999999999
80,100.44997,6.922,6.114443999999992
90,100.56077,7.33,6.2252440000000036
100,100.52748,6.997,6.1919539999999955
110,100.39259,6.194,6.057063999999997
120,100.25703,5.232,5.921503999999999
130,100.05531,4.317,5.719784000000004
140,99.702614,3.634,5.367087999999995
150,99.175865,3.186,4.840339
160,98.51491,2.922,4.179383999999999
170,97.89859,2.818,3.563063999999997
180,97.48763,2.736,3.1521039999999942
-170,4.073553,0.626,0.45592800000000056
-160,3.6189306,0.628,0.00130560000000024
-150,4.1838756,0.636,0.5662506000000005
-140,4.3288846,0.624,0.7112596000000004
-130,4.2480745,0.577,0.6304495000000006
-120,4.261979,0.498,0.6443540000000003
-110,4.377298,0.378,0.7596729999999998
-100,4.22579,0.226,0.6081650000000001
-90,3.7218,0.074,0.10417500000000013
-80,4.000301,0,0.38267600000000046
-70,4.3499975,0.163,0.7323724999999999
-60,5.176671,0.705,1.559046
-50,6.1186867,1.634,2.5010616999999997
-40,7.16557,2.786,3.547945
-30,8.372459,3.955,4.754833999999999
-20,8.211132,4.908,4.593506999999999
-10,8.361965,5.545,4.744339999999999
0,8.656537,5.74,5.038912
10,8.361727,5.543,4.744102
20,8.213737,4.908,4.596112
30,8.373911,3.955,4.756285999999999
40,7.166674,2.788,3.5490490000000006
50,6.11777,1.632,2.5001450000000003
60,5.177064,0.707,1.5594389999999998
70,4.3511043,0.163,0.7334793000000004
80,3.999109,0,0.38148399999999993
90,3.7225778,0.072,0.10495279999999996
100,4.225352,0.226,0.6077270000000001
110,4.3769026,0.376,0.7592776000000003
120,4.2621922,0.498,0.6445672000000005
130,4.246035,0.577,0.6284100000000001
140,4.3289084,0.622,0.7112834000000006
150,4.18467,0.636,0.5670449999999998
160,3.617625,0.628,0
170,4.0729723,0.626,0.4553473000000001
180,3.817899,0.634,0.20027400000000029
-170,11.672572,0.449,0.3722159999999999
-160,12.3199625,1.011,1.0196065
-150,13.078963,1.811,1.7786069999999992
-140,13.715352,2.666,2.4149959999999986
-130,13.15307,3.349,1.8527139999999989
-120,14.144648,3.627,2.8442919999999994
-110,13.114712,3.345,1.814356
-100,12.850512,2.58,1.5501559999999994
-90,12.68548,1.596,1.3851239999999994
-80,11.909467,0.682,0.6091109999999986
-70,11.557897,0.104,0.2575409999999998
-60,11.300356,0.002,0
-50,11.700671,0.463,0.4003149999999991
-40,12.515161,1.388,1.2148050000000001
-30,13.983754,2.602,2.6833979999999986
-20,14.50128,3.835,3.2009239999999988
-10,15.239846,4.765,3.9394899999999993
0,15.591333,5.113,4.290977
10,15.240236,4.765,3.9398799999999987
20,14.501952,3.835,3.2015959999999986
30,13.983545,2.604,2.6831889999999987
40,12.5170355,1.39,1.2166794999999997
50,11.7007475,0.461,0.40039149999999957
60,11.301114,0,0.0007579999999993703
70,11.557521,0.104,0.25716499999999876
80,11.909411,0.68,0.6090549999999997
90,12.6858225,1.598,1.3854664999999997
100,12.849507,2.582,1.5491509999999984
110,13.11462,3.345,1.8142639999999997
120,14.145356,3.625,2.844999999999999
130,13.1528225,3.349,1.8524664999999985
140,13.715459,2.666,2.4151029999999984
150,13.079221,1.809,1.7788649999999997
160,12.319823,1.011,1.0194669999999988
170,11.672988,0.447,0.3726319999999994
180,11.372666,0.245,0.07230999999999987
-170,-92.92168,1.857,2.7375900000000115
-160,-93.27212,1.467,2.3871500000000054
-150,-94.29565,1.201,1.3636200000000116
-140,-95.01188,0.978,0.6473900000000015
-130,-95.5142,0.809,0.14507000000000403
-120,-95.65871,0.606,0.0005600000000072214
-110,-95.60989,0.32,0.049380000000013524
-100,-95.076195,0.042,0.583075000000008
-90,-94.82233,0.022,0.8369400000000127
-80,-94.38956,0.461,1.2697100000000034
-70,-90.798355,0.958,4.860915000000006
-60,-91.01535,0.852,4.6439200000000085
-50,-91.041794,1.249,4.617476000000011
-40,-90.48452,2.163,5.174750000000003
-30,-89.09986,3.508,6.55941
-20,-87.863266,5.083,7.796004000000011
-10,-87.95077,6.608,7.708500000000001
0,-86.69995,7.758,8.959320000000005
10,-87.950264,6.608,7.709006000000002
20,-87.863335,5.083,7.795935
30,-89.100555,3.508,6.5587150000000065
40,-90.486435,2.163,5.172835000000006
50,-91.03751,1.247,4.621760000000009
60,-91.0172,0.852,4.642070000000004
70,-90.79794,0.958,4.8613300000000095
80,-94.389854,0.461,1.2694160000000068
90,-94.81973,0.022,0.8395399999999995
100,-95.07619,0.044,0.5830800000000096
110,-95.60926,0.322,0.05001000000000033
120,-95.65927,0.606,0
130,-95.5153,0.811,0.14397000000001015
140,-95.009865,0.978,0.6494050000000016
150,-94.299385,1.201,1.3598850000000056
160,-93.27354,1.467,2.3857300000000095
170,-92.92035,1.857,2.7389200000000073
180,-92.289345,2.434,3.369925000000009
-170,-13.944331,0.209,0.19795000000000051
-160,-13.867434,0.74,0.2748470000000012
-150,-14.019282,1.562,0.12299900000000008
-140,-13.4381695,2.59,0.7041114999999998
-130,-13.197005,3.717,0.9452759999999998
-120,-12.259654,4.808,1.8826270000000012
-110,-10.623954,5.749,3.518327000000001
-100,-9.539656,6.506,4.602625
-90,-6.3409195,6.822,7.8013615000000005
-80,-6.28777,6.681,7.8545110000000005
-70,-6.521473,6.427,7.620808
-60,-7.141516,6.161,7.000765
-50,-6.929333,5.812,7.212948000000001
-40,-7.2705135,5.417,6.871767500000001
-30,-7.552819,5.132,6.589462
-20,-7.8294168,5.341,6.312864200000001
-10,-8.481154,5.794,5.6611270000000005
0,-8.266707,5.794,5.875574
10,-8.481158,5.794,5.661123
20,-7.8294168,5.341,6.312864200000001
30,-7.552819,5.132,6.589462
40,-7.2705064,5.417,6.8717746
50,-6.929333,5.812,7.212948000000001
60,-7.141516,6.161,7.000765
70,-6.521469,6.427,7.620812000000001
80,-6.28777,6.681,7.8545110000000005
90,-6.3409157,6.822,7.8013653000000005
100,-9.539648,6.506,4.602633000000001
110,-10.623946,5.749,3.5183350000000004
120,-12.259654,4.808,1.8826270000000012
130,-13.197005,3.717,0.9452759999999998
140,-13.4381695,2.59,0.7041114999999998
150,-14.019282,1.562,0.12299900000000008
160,-13.867434,0.74,0.2748470000000012
170,-13.944331,0.209,0.19795000000000051
180,-14.142281,0,0
-170,81.567024,0,0
-160,81.894745,0.101,0.3277209999999968
-150,82.386375,0.387,0.8193509999999975
-140,82.974976,0.892,1.4079519999999945
-130,83.63939,1.594,2.0723660000000024
-120,84.36463,2.451,2.797606000000002
-110,85.085014,3.371,3.5179899999999975
-100,85.6152,4.053,4.048175999999998
-90,85.733025,4.322,4.166000999999994
-80,85.40521,4.075,3.838185999999993
-70,84.81843,3.396,3.251406000000003
-60,84.176765,2.468,2.6097409999999996
-50,83.578575,1.628,2.011550999999997
-40,83.01973,0.906,1.452705999999992
-30,82.5232,0.406,0.9561759999999992
-20,82.184525,0.192,0.6175009999999901
-10,82.06794,0.245,0.5009159999999895
0,82.003334,0.319,0.43630999999999176
10,82.06794,0.245,0.5009159999999895
20,82.18453,0.192,0.6175059999999917
30,82.52321,0.406,0.9561860000000024
40,83.01973,0.906,1.452705999999992
50,83.578575,1.628,2.011550999999997
60,84.176765,2.468,2.6097409999999996
70,84.81843,3.396,3.251406000000003
80,85.40521,4.075,3.838185999999993
90,85.733025,4.322,4.166000999999994
100,85.6152,4.053,4.048175999999998
110,85.085014,3.371,3.5179899999999975
120,84.36463,2.451,2.797606000000002
130,83.63939,1.594,2.0723660000000024
140,82.974976,0.892,1.4079519999999945
150,82.386375,0.387,0.8193509999999975
160,81.894745,0.101,0.3277209999999968
170,81.567024,0,0
180,81.67794,0.235,0.11091600000000312
-170,94.51999,2.916,6.134890000000013
-160,91.68582,1.505,3.3007200000000125
-150,89.793526,0.481,1.4084260000000057
-140,88.74545,0.004,0.36035000000001105
-130,88.38578,0.068,0.0006800000000026785
-120,88.51801,0.545,0.13291000000000963
-110,88.95988,1.173,0.5747800000000041
-100,89.46019,1.689,1.075090000000003
-90,89.73662,1.878,1.3515200000000078
-80,89.556984,1.667,1.1718840000000057
-70,89.06766,1.116,0.6825600000000094
-60,88.64812,0.478,0.2630200000000116
-50,88.50371,0.024,0.11861000000000388
-40,88.85281,0.049,0.46771000000001095
-30,89.84108,0.617,1.455980000000011
-20,91.5615,1.696,3.176400000000001
-10,93.97954,3.053,5.594440000000006
0,96.809875,4.196,8.424775000000011
10,93.98532,3.059,5.600220000000007
20,91.556915,1.69,3.1718150000000094
30,89.84261,0.619,1.4575099999999992
40,88.852066,0.049,0.4669659999999993
50,88.5024,0.028,0.11730000000000018
60,88.651245,0.478,0.26614500000000874
70,89.0674,1.116,0.6823000000000121
80,89.55824,1.669,1.1731400000000036
90,89.73636,1.878,1.3512600000000106
100,89.46132,1.695,1.0762200000000064
110,88.96245,1.173,0.5773500000000098
120,88.51949,0.543,0.13439000000001045
130,88.3851,0.066,0
140,88.74451,0,0.3594100000000111
150,89.79334,0.483,1.4082400000000064
160,91.68795,1.507,3.3028500000000065
170,94.52248,2.92,6.137380000000007
180,97.63259,4.132,9.247489999999999
-170,101.84414,6.203,7.236980000000003
-160,101.97514,6.345,7.367980000000003
-150,102.20626,6.631,7.599100000000007
-140,103.103935,7.055,8.496775000000014
-130,102.81408,7.488,8.20692000000001
-120,102.99641,7.917,8.389250000000004
-110,103.04711,8.286,8.43995000000001
-100,103.555954,8.405,8.948794000000007
-90,102.368355,8.079,7.761195000000001
-80,101.79997,7.239,7.192810000000009
-70,100.0226,6.021,5.415440000000004
-60,99.45122,4.639,4.844060000000013
-50,98.13242,3.288,3.525260000000003
-40,97.05737,2.121,2.4502100000000127
-30,95.72561,1.192,1.11845000000001
-20,95.59583,0.526,0.9886700000000133
-10,95.34225,0.135,0.7350900000000138
0,94.60716,0,0
10,95.343605,0.135,0.7364450000000033
20,95.59443,0.526,0.9872700000000094
30,95.725426,1.192,1.1182660000000055
40,97.05732,2.121,2.450160000000011
50,98.13287,3.29,3.5257100000000037
60,99.451065,4.639,4.843905000000007
70,100.024055,6.021,5.416895000000011
80,101.799995,7.239,7.192835000000002
90,102.369,8.081,7.7618400000000065
100,103.55515,8.407,8.947990000000004
110,103.04754,8.284,8.440380000000005
120,102.99671,7.917,8.38955
130,102.81398,7.49,8.206820000000008
140,103.10402,7.055,8.496860000000012
150,102.205925,6.631,7.598765
160,101.97574,6.343,7.368580000000009
170,101.843994,6.203,7.236834000000002
180,102.40884,6.16,7.801680000000005
-170,35.66782,2.266,0.6197319999999991
-160,35.66776,1.727,0.6196720000000013
-150,35.55295,1.113,0.5048620000000028
-140,35.338203,0.554,0.2901150000000001
-130,35.142075,0.158,0.09398699999999849
-120,35.048088,0,0
-110,35.078873,0.105,0.030785000000001617
-100,35.195274,0.462,0.14718599999999782
-90,35.305763,0.987,0.257674999999999
-80,35.303783,1.59,0.2556950000000029
-70,35.16688,2.146,0.11879199999999912
-60,35.079132,2.533,0.031044000000001404
-50,35.32049,2.619,0.2724019999999996
-40,35.802387,2.334,0.7542990000000032
-30,36.205257,1.748,1.1571690000000032
-20,36.41886,1.057,1.3707720000000023
-10,36.501434,0.555,1.4533460000000034
0,36.513798,0.374,1.4657100000000014
10,36.502636,0.466,1.4545480000000026
20,36.490963,0.808,1.4428750000000008
30,36.45076,1.351,1.4026720000000026
40,36.302906,1.981,1.2548180000000002
50,36.027855,2.419,0.9797670000000025
60,35.82798,2.577,0.7798919999999967
70,35.936234,2.502,0.888145999999999
80,36.193054,2.176,1.1449659999999966
90,36.283356,1.602,1.2352679999999978
100,36.158413,1.012,1.1103250000000031
110,35.956184,0.587,0.9080960000000005
120,35.818314,0.38,0.770226000000001
130,35.81444,0.444,0.7663519999999977
140,35.92667,0.814,0.8785820000000015
150,36.062027,1.485,1.0139390000000006
160,36.081642,2.158,1.0335540000000023
170,35.90829,2.572,0.860202000000001
180,35.708233,2.589,0.660145
-170,10.226275,0.26,0.46250199999999886
-160,10.446617,0.949,0.6828439999999993
-150,11.117337,1.903,1.3535639999999987
-140,11.780326,2.885,2.016553
-130,12.239876,3.648,2.476103
-120,12.392825,3.928,2.6290519999999997
-110,12.227423,3.622,2.4636499999999995
-100,11.816115,2.857,2.0523419999999994
-90,11.271923,1.869,1.5081499999999988
-80,10.5777,0.927,0.8139269999999996
-70,9.916366,0.252,0.15259299999999953
-60,10.351245,0,0.587472
-50,9.764372,0.251,0.00059899999999935
-40,11.136341,0.929,1.3725679999999993
-30,11.757295,1.872,1.9935219999999987
-20,11.776187,2.856,2.0124139999999997
-10,12.640527,3.633,2.876754
0,12.670059,3.933,2.9062859999999997
10,12.640439,3.631,2.876666
20,11.775434,2.86,2.011661
30,11.758249,1.872,1.9944759999999988
40,11.135354,0.929,1.371580999999999
50,9.763773,0.251,0
60,10.351005,0.002,0.5872320000000002
70,9.91715,0.252,0.153376999999999
80,10.577671,0.929,0.813898
90,11.271428,1.869,1.5076549999999997
100,12.341765,2.853,2.577992
110,12.227811,3.624,2.4640380000000004
120,12.392916,3.93,2.629142999999999
130,12.239291,3.646,2.475517999999999
140,11.779578,2.885,2.0158050000000003
150,11.118279,1.901,1.3545059999999989
160,10.446754,0.951,0.6829809999999998
170,10.226751,0.26,0.46297799999999967
180,9.886009,0.003,0.12223599999999912
-170,30.86488,2.216,2.5776070000000004
-160,30.80291,1.79,2.5156370000000017
-150,30.737408,1.457,2.4501349999999995
-140,30.643995,1.18,2.3567220000000013
-130,30.39102,0.921,2.103747000000002
-120,29.696365,0.625,1.4090920000000011
-110,29.309278,0.36,1.022005
-100,28.778101,0.154,0.4908280000000005
-90,28.354836,0.012,0.06756299999999982
-80,28.287273,0,0
-70,28.827147,0.3,0.5398740000000011
-60,30.145515,1.176,1.8582420000000006
-50,31.68183,2.607,3.3945570000000025
-40,33.34039,4.118,5.053117
-30,33.73245,5.023,5.445177000000001
-20,34.28615,5.692,5.998877
-10,34.548203,6.15,6.260930000000002
0,34.658363,6.372,6.371090000000002
10,34.547062,6.148,6.259788999999998
20,34.28671,5.694,5.999437
30,33.731663,5.023,5.4443899999999985
40,33.341805,4.116,5.054532000000002
50,31.68466,2.611,3.397387000000002
60,30.145144,1.178,1.8578709999999994
70,28.827812,0.302,0.5405390000000025
80,28.28808,0,0.0008070000000017785
90,28.352633,0.012,0.06536000000000186
100,28.777054,0.154,0.4897810000000007
110,29.310743,0.36,1.0234699999999997
120,29.694881,0.625,1.4076079999999997
130,30.393007,0.921,2.1057340000000018
140,30.64606,1.18,2.3587869999999995
150,30.736296,1.457,2.4490230000000004
160,30.800543,1.79,2.513270000000002
170,30.86679,2.216,2.5795170000000027
180,31.128452,2.75,2.8411790000000003
-170,-69.27981,1.903,0.46278999999999826
-160,-69.30431,2.015,0.43828999999999496
-150,-69.26912,2.285,0.473479999999995
-140,-69.01695,2.749,0.7256500000000017
-130,-68.39245,3.44,1.3501499999999993
-120,-67.32054,4.36,2.422060000000002
-110,-65.86156,5.463,3.8810399999999987
-100,-64.14332,6.647,5.599279999999993
-90,-63.16641,7.554,6.576189999999997
-80,-64.55923,5.481,5.1833699999999965
-70,-65.661446,4.001,4.081153999999998
-60,-66.65666,2.719,3.0859399999999937
-50,-67.45015,1.696,2.2924500000000023
-40,-68.12692,0.929,1.6156799999999976
-30,-68.750824,0.401,0.9917760000000015
-20,-69.31132,0.082,0.431280000000001
-10,-69.7426,0,0
0,-69.62298,0.028,0.11961999999999762
10,-69.74143,0.002,0.0011700000000018917
20,-69.312035,0.082,0.4305650000000014
30,-68.75134,0.401,0.9912599999999969
40,-68.12738,0.929,1.6152199999999937
50,-67.44546,1.696,2.297139999999999
60,-66.65671,2.719,3.085889999999992
70,-65.666794,4.001,4.075806
80,-64.55814,5.481,5.184460000000001
90,-63.163155,7.554,6.579444999999993
100,-64.14748,6.647,5.595119999999994
110,-65.861946,5.463,3.8806539999999927
120,-67.32046,4.36,2.422139999999999
130,-68.39112,3.44,1.3514799999999951
140,-69.0171,2.749,0.7254999999999967
150,-69.26799,2.285,0.4746099999999984
160,-69.30716,2.015,0.4354399999999998
170,-69.28048,1.903,0.46211999999999875
180,-69.42355,2.326,0.31904999999999006
-170,20.170937,0.107,0.6520329999999994
-160,20.839956,1.148,1.3210520000000017
-150,23.206797,2.889,3.6878930000000025
-140,25.633863,5.12,6.1149590000000025
-130,28.382181,7.509,8.863277
-120,30.992277,9.721,11.473373000000002
-110,32.988834,11.55,13.469929999999998
-100,34.254574,12.808,14.735669999999999
-90,34.4765,13.448,14.957596000000002
-80,35.261593,13.546,15.742688999999999
-70,34.540234,13.479,15.021329999999999
-60,33.68492,12.183,14.166015999999999
-50,31.77574,10.918,12.256836
-40,30.955072,9.707,11.436168000000002
-30,29.680496,8.715,10.161592000000002
-20,28.683128,8.015,9.164224
-10,28.052914,7.616,8.534010000000002
0,27.21816,7.475,7.699256000000002
10,28.053673,7.616,8.534769
20,28.682735,8.013,9.163831000000002
30,29.678709,8.713,10.159805000000002
40,30.954973,9.709,11.436069
50,31.776947,10.92,12.258043
60,33.687225,12.183,14.168320999999999
70,34.54019,13.477,15.021286000000003
80,35.262306,13.546,15.743402000000003
90,34.478626,13.448,14.959722
100,34.251926,12.808,14.733021999999998
110,32.985905,11.548,13.467001000000003
120,30.991913,9.721,11.473009000000001
130,28.382935,7.507,8.864031
140,25.63605,5.122,6.117146000000002
150,23.20847,2.889,3.6895659999999992
160,20.838839,1.144,1.319935000000001
170,20.170742,0.107,0.6518380000000015
180,19.518904,0,0
-170,-5.951104,2.875,0.8251059999999999
-160,-5.794176,3.274,0.9820339999999996
-150,-5.7522936,3.748,1.0239164
-140,-5.3924584,4.109,1.3837516
-130,-5.323101,4.197,1.4531089999999995
-120,-5.4240437,3.909,1.3521662999999995
-110,-5.680697,3.25,1.0955129999999995
-100,-6.062576,2.332,0.7136339999999999
-90,-6.4736104,1.326,0.30259959999999975
-80,-6.764816,0.465,0.011394000000000126
-70,-6.775729,0,0.00048099999999973164
-60,-6.426769,0.163,0.34944099999999967
-50,-5.5633135,0.924,1.2128965000000003
-40,-4.8342924,2.18,1.9419176
-30,-3.4088256,3.756,3.3673843999999997
-20,-2.4110456,5.329,4.365164399999999
-10,-1.6801496,6.565,5.0960604
0,-1.5401475,7.214,5.2360625
10,-1.6776254,6.565,5.0985846
20,-2.410327,5.327,4.365883
30,-3.408302,3.76,3.367908
40,-4.8341393,2.18,1.9420706999999995
50,-5.5621734,0.924,1.2140366
60,-6.3473487,0.163,0.42886129999999945
70,-6.77621,0,0
80,-6.765045,0.465,0.011165000000000092
90,-6.4738636,1.326,0.30234640000000024
100,-6.061957,2.33,0.7142530000000002
110,-5.680265,3.25,1.0959449999999995
120,-5.4235177,3.909,1.3526923000000002
130,-5.323854,4.195,1.452356
140,-5.391145,4.109,1.385065
150,-5.7540655,3.748,1.0221444999999996
160,-5.795706,3.274,0.9805039999999998
170,-5.948761,2.873,0.8274489999999997
180,-5.8757257,2.692,0.9004842999999996
-170,82.40763,0.143,0.536990000000003
-160,83.07027,0.455,1.199629999999999
-150,83.98818,0.993,2.1175400000000053
-140,85.02487,1.749,3.1542300000000125
-130,86.071526,2.675,4.200886000000011
-120,87.0571,3.689,5.186460000000011
-110,87.90358,4.714,6.032940000000011
-100,88.48269,5.504,6.612050000000011
-90,88.64352,5.799,6.772880000000001
-80,88.34989,5.522,6.4792500000000075
-70,87.76259,4.769,5.8919500000000085
-60,87.020676,3.761,5.150036
-50,86.12451,2.766,4.253870000000006
-40,85.1023,1.82,3.231660000000005
-30,84.01407,1.035,2.1434300000000093
-20,83.013115,0.471,1.1424750000000046
-10,82.344025,0.186,0.4733850000000075
0,81.87064,0,0
10,82.344025,0.186,0.4733850000000075
20,83.01311,0.471,1.142470000000003
30,84.01407,1.035,2.1434300000000093
40,85.1023,1.82,3.231660000000005
50,86.12451,2.766,4.253870000000006
60,87.020676,3.761,5.150036
70,87.76259,4.769,5.8919500000000085
80,88.34989,5.522,6.4792500000000075
90,88.64352,5.799,6.772880000000001
100,88.48269,5.504,6.612050000000011
110,87.90358,4.714,6.032940000000011
120,87.0571,3.689,5.186460000000011
130,86.07152,2.675,4.200880000000012
140,85.02487,1.749,3.1542300000000125
150,83.98818,0.993,2.1175400000000053
160,83.07027,0.455,1.199629999999999
170,82.40763,0.143,0.536990000000003
180,82.0934,0.003,0.22276000000000806
-170,65.64633,0.057,0.07344000000000506
-160,66.02372,0.34,0.4508299999999963
-150,66.55156,0.818,0.9786699999999939
-140,67.21894,1.511,1.6460500000000025
-130,67.9142,2.372,2.341309999999993
-120,68.49579,3.457,2.9228999999999985
-110,68.876526,4.519,3.3036359999999974
-100,69.05651,5.321,3.483620000000002
-90,68.938835,5.672,3.3659449999999964
-80,68.55332,5.472,2.9804299999999984
-70,68.17942,4.796,2.6065299999999922
-60,67.8986,3.849,2.325710000000001
-50,67.61429,2.847,2.041399999999996
-40,67.22552,1.98,1.652630000000002
-30,66.7978,1.325,1.2249099999999942
-20,66.42466,0.949,0.8517700000000019
-10,66.286545,0.877,0.7136550000000028
0,66.261475,0.947,0.6885850000000033
10,66.286545,0.877,0.7136550000000028
20,66.42466,0.949,0.8517700000000019
30,66.7978,1.325,1.2249099999999942
40,67.22552,1.98,1.652630000000002
50,67.61429,2.847,2.041399999999996
60,67.8986,3.849,2.325710000000001
70,68.17942,4.796,2.6065299999999922
80,68.55332,5.472,2.9804299999999984
90,68.938835,5.672,3.3659449999999964
100,69.05651,5.321,3.483620000000002
110,68.87652,4.517,3.3036299999999983
120,68.49579,3.457,2.9228999999999985
130,67.9142,2.372,2.341309999999993
140,67.21894,1.511,1.6460500000000025
150,66.55156,0.818,0.9786699999999939
160,66.02371,0.34,0.4508199999999931
170,65.64633,0.057,0.07344000000000506
180,65.57289,0,0
-170,-20.787788,1.331,1.2035820000000008
-160,-20.19123,1.328,1.800139999999999
-150,-20.07906,1.379,1.9123100000000015
-140,-19.195982,1.525,2.795387999999999
-130,-18.755373,1.764,3.235997000000001
-120,-16.616716,2.078,5.374654
-110,-15.549018,2.45,6.442352
-100,-14.457477,2.856,7.533892999999999
-90,-14.769599,3.23,7.221771
-80,-13.9822445,3.093,8.0091255
-70,-16.62137,2.495,5.370000000000001
-60,-18.064194,1.874,3.9271759999999993
-50,-18.068752,1.272,3.922618
-40,-20.124945,0.756,1.8664249999999996
-30,-21.035017,0.375,0.956353
-20,-21.478304,0.189,0.5130659999999985
-10,-21.523073,0.084,0.46829699999999974
0,-21.99137,0,0
10,-21.523073,0.084,0.46829699999999974
20,-21.478304,0.189,0.5130659999999985
30,-21.035017,0.375,0.956353
40,-20.124945,0.756,1.8664249999999996
50,-18.068752,1.272,3.922618
60,-18.064194,1.874,3.9271759999999993
70,-16.621378,2.495,5.369992
80,-13.9822445,3.093,8.0091255
90,-14.769599,3.23,7.221771
100,-14.45747,2.856,7.533899999999999
110,-15.549018,2.45,6.442352
120,-16.616716,2.078,5.374654
130,-18.755373,1.764,3.235997000000001
140,-19.195982,1.525,2.795387999999999
150,-20.07906,1.379,1.9123100000000015
160,-20.19123,1.328,1.800139999999999
170,-20.787794,1.331,1.2035759999999982
180,-20.968351,1.176,1.0230190000000015
