scan,mm_energy,qm_relative_energy,mm_relative_energy
-170.0,52.107048,8.751,7.156180999999997
-160.0,52.61819,9.276,7.667322999999996
-150.0,53.398552,10.102,8.447685
-140.0,54.36906,11.156,9.418192999999995
-130.0,55.38639,12.352,10.435522999999996
-120.0,56.2729,13.603,11.322032999999998
-110.0,56.801678,14.75,11.850811
-100.0,56.800762,15.463,11.849894999999997
-90.0,56.45895,14.989,11.508083
-80.0,55.58769,13.101,10.636823
-70.0,54.172756,10.573,9.221888999999997
-60.0,52.449196,7.963,7.498328999999998
-50.0,50.609695,5.564,5.658828
-40.0,48.815865,3.555,3.864998
-30.0,47.262695,1.963,2.3118279999999984
-20.0,46.053535,0.837,1.1026679999999942
-10.0,45.254265,0.191,0.3033979999999943
0.0,44.950867,0.0,0.0
10.0,45.254574,0.191,0.30370699999999573
20.0,46.05162,0.835,1.1007529999999974
30.0,47.261257,1.965,2.310389999999998
40.0,48.81616,3.553,3.865293000000001
50.0,50.614185,5.57,5.663317999999997
60.0,52.446724,7.963,7.495857000000001
70.0,54.170082,10.573,9.219214999999998
80.0,55.585327,13.101,10.634459999999997
90.0,56.462894,14.993,11.512026999999996
100.0,56.80026,15.463,11.849393
110.0,56.80224,14.75,11.851372999999995
120.0,56.272156,13.603,11.321289
130.0,55.38746,12.354,10.436592999999995
140.0,54.368,11.156,9.417133
150.0,53.400524,10.1,8.449656999999995
160.0,52.61672,9.276,7.6658529999999985
170.0,52.106148,8.753,7.155280999999995
180.0,51.926075,8.58,6.975207999999995
-170.0,-15.692111,5.63,5.606981999999999
-160.0,-18.532877,4.047,2.766216
-150.0,-18.98995,3.304,2.309142999999999
-140.0,-19.358717,2.802,1.9403760000000005
-130.0,-19.626955,2.452,1.6721380000000003
-120.0,-19.586483,2.152,1.712609999999998
-110.0,-20.550686,1.112,0.7484070000000003
-100.0,-21.118513,0.338,0.18057999999999907
-90.0,-21.297585,0.0,0.0015079999999976224
-80.0,-20.984009,0.17,0.3150839999999988
-70.0,-20.189798,0.893,1.1092949999999995
-60.0,-19.139948,2.027,2.1591449999999988
-50.0,-19.648203,2.537,1.6508900000000004
-40.0,-19.435873,2.952,1.8632199999999983
-30.0,-19.094307,3.557,2.2047859999999986
-20.0,-18.627571,4.278,2.6715219999999995
-10.0,-15.734809,5.643,5.564283999999999
0.0,-15.624643,5.701,5.674449999999998
10.0,-15.739024,5.645,5.560068999999999
20.0,-18.629246,4.28,2.6698470000000007
30.0,-19.09414,3.557,2.2049529999999997
40.0,-19.437164,2.952,1.861929
50.0,-19.650326,2.537,1.6487669999999994
60.0,-19.134014,2.025,2.1650789999999986
70.0,-20.18689,0.891,1.112203000000001
80.0,-20.984877,0.17,0.3142159999999983
90.0,-21.299093,0.0,0.0
100.0,-21.12065,0.34,0.1784429999999979
110.0,-20.550385,1.114,0.7487080000000006
120.0,-19.58576,2.15,1.7133329999999987
130.0,-19.623552,2.452,1.675540999999999
140.0,-19.360477,2.802,1.9386159999999997
150.0,-18.984947,3.304,2.314146000000001
160.0,-18.533142,4.049,2.7659509999999976
170.0,-15.697745,5.63,5.601348
180.0,-15.615191,5.705,5.683902
-170.0,36.947605,0.264,0.33262200000000064
-160.0,37.84616,1.006,1.2311769999999953
-150.0,39.205345,2.2,2.590361999999999
-140.0,40.936928,3.764,4.3219449999999995
-130.0,42.910027,5.599,6.295043999999997
-120.0,44.99108,7.556,8.376096999999994
-110.0,47.01026,9.425,10.395277
-100.0,48.78737,10.998,12.172387
-90.0,50.097797,11.996,13.482813999999998
-80.0,50.76677,12.314,14.151786999999999
-70.0,51.010654,12.006,14.395671
-60.0,50.97052,11.371,14.355536999999998
-50.0,50.79254,10.762,14.177557
-40.0,50.56759,10.322,13.952607
-30.0,50.37207,10.124,13.757086999999999
-20.0,50.2768,10.168,13.661817
-10.0,50.251606,10.378,13.636623
0.0,49.92926,10.392,13.314276999999997
10.0,50.25338,10.374,13.638396999999998
20.0,50.282223,10.166,13.66724
30.0,50.374096,10.124,13.759113
40.0,50.565342,10.324,13.950358999999999
50.0,50.796856,10.764,14.181872999999996
60.0,50.96864,11.371,14.353656999999998
70.0,51.00444,12.004,14.389457
80.0,50.769436,12.312,14.154452999999997
90.0,50.103317,11.996,13.488333999999995
100.0,48.792164,10.996,12.177180999999997
110.0,47.01334,9.427,10.398356999999997
120.0,44.992813,7.558,8.377829999999996
130.0,42.9109,5.605,6.295916999999996
140.0,40.94122,3.766,4.326236999999999
150.0,39.20668,2.2,2.5916969999999964
160.0,37.84564,1.002,1.2306570000000008
170.0,36.949123,0.26,0.3341399999999979
180.0,36.614983,0.0,0.0
-170.0,-214.51991,0.036,0.0002599999999972624
-160.0,-214.30505,0.227,0.21512000000001308
-150.0,-213.87224,0.65,0.6479300000000023
-140.0,-213.25748,1.286,1.2626900000000205
-130.0,-212.49936,2.151,2.0208100000000115
-120.0,-211.5642,3.243,2.9559700000000078
-110.0,-210.51006,4.513,4.010109999999997
-100.0,-209.33963,5.88,5.180540000000008
-90.0,-208.18727,7.097,6.332899999999995
-80.0,-209.52014,5.653,5.0000300000000095
-70.0,-210.79465,4.215,3.7255200000000173
-60.0,-211.90576,2.934,2.6144100000000208
-50.0,-212.78906,1.889,1.731110000000001
-40.0,-213.50253,1.097,1.01764
-30.0,-214.00883,0.533,0.5113400000000183
-20.0,-214.37013,0.168,0.15004000000001838
-10.0,-214.52017,0.029,0.0
0.0,-214.51027,0.0,0.009900000000016007
10.0,-214.52017,0.029,0.0
20.0,-214.37013,0.168,0.15004000000001838
30.0,-214.00883,0.533,0.5113400000000183
40.0,-213.50253,1.097,1.01764
50.0,-212.78906,1.889,1.731110000000001
60.0,-211.90576,2.934,2.6144100000000208
70.0,-210.79465,4.215,3.7255200000000173
80.0,-209.52014,5.653,5.0000300000000095
90.0,-208.18727,7.097,6.332899999999995
100.0,-209.33963,5.88,5.180540000000008
110.0,-210.51006,4.513,4.010109999999997
120.0,-211.56422,3.243,2.9559500000000014
130.0,-212.49936,2.151,2.0208100000000115
140.0,-213.25748,1.286,1.2626900000000205
150.0,-213.87224,0.65,0.6479300000000023
160.0,-214.30505,0.227,0.21512000000001308
170.0,-214.51991,0.036,0.0002599999999972624
180.0,-214.5174,0.005,0.002769999999998163
-170.0,6.807735,5.781,9.1967187
-160.0,6.2753496,5.658,8.6643333
-150.0,5.4077625,5.475,7.796746199999999
-140.0,4.3505,5.161,6.7394837
-130.0,3.2081285,4.662,5.5971122
-120.0,2.1130679,3.955,4.5020516
-110.0,1.1231023,3.108,3.512086
-100.0,0.26133746,2.221,2.65032116
-90.0,-0.42899105,1.39,1.9599926499999998
-80.0,-0.9500495,0.706,1.4389341999999998
-70.0,-1.3591924,0.261,1.0297912999999999
-60.0,-1.681668,0.029,0.7073156999999999
-50.0,-1.933375,0.0,0.45560869999999976
-40.0,-2.1031847,0.237,0.2857989999999999
-30.0,-2.2346578,0.606,0.1543258999999999
-20.0,-2.3045747,0.97,0.08440899999999996
-10.0,-2.353052,1.209,0.0359316999999999
0.0,-2.3889837,1.287,0.0
10.0,-2.3517118,1.209,0.03727189999999991
20.0,-2.3072572,0.972,0.08172649999999981
30.0,-2.2329893,0.606,0.15599439999999998
40.0,-2.1005309,0.237,0.28845279999999995
50.0,-1.9324386,0.0,0.4565450999999998
60.0,-1.6831121,0.029,0.7058715999999998
70.0,-1.3568146,0.261,1.0321690999999997
80.0,-0.9514645,0.708,1.4375191999999997
90.0,-0.42903116,1.392,1.9599525399999997
100.0,0.26168483,2.221,2.65066853
110.0,1.1224158,3.11,3.5113994999999996
120.0,2.1085932,3.953,4.4975769
130.0,3.2075522,4.664,5.596535899999999
140.0,4.349755,5.161,6.7387387
150.0,5.4090176,5.473,7.7980013
160.0,6.281089,5.658,8.670072699999999
170.0,6.8064003,5.781,9.195384
180.0,6.912383,5.811,9.301366699999999
-170.0,57.278072,11.284,10.309874999999998
-160.0,57.205986,11.366,10.237789
-150.0,57.161625,11.61,10.193427999999997
-140.0,57.255657,12.089,10.287459999999996
-130.0,57.52184,12.818,10.553642999999994
-120.0,58.260853,13.319,11.292655999999994
-110.0,58.17407,13.823,11.205872999999997
-100.0,57.753906,14.37,10.785708999999997
-90.0,57.112873,13.7,10.144675999999997
-80.0,56.26372,11.732,9.295522999999996
-70.0,55.014477,9.311,8.046279999999996
-60.0,53.51149,6.91,6.5432929999999985
-50.0,51.902878,4.78,4.934680999999998
-40.0,50.3541,3.021,3.385902999999999
-30.0,49.013847,1.669,2.045649999999995
-20.0,47.9713,0.722,1.0031029999999959
-10.0,47.253723,0.169,0.2855259999999973
0.0,46.968197,0.0,0.0
10.0,47.253723,0.169,0.2855259999999973
20.0,47.9713,0.722,1.0031029999999959
30.0,49.013847,1.669,2.045649999999995
40.0,50.3541,3.021,3.385902999999999
50.0,51.902878,4.78,4.934680999999998
60.0,53.511494,6.91,6.5432969999999955
70.0,55.014477,9.311,8.046279999999996
80.0,56.26373,11.732,9.295532999999999
90.0,57.112873,13.7,10.144675999999997
100.0,57.753906,14.37,10.785708999999997
110.0,58.17407,13.823,11.205872999999997
120.0,58.260853,13.319,11.292655999999994
130.0,57.52184,12.818,10.553642999999994
140.0,57.255657,12.089,10.287459999999996
150.0,57.161625,11.61,10.193427999999997
160.0,57.205986,11.366,10.237789
170.0,57.278072,11.284,10.309874999999998
180.0,57.28248,11.245,10.314282999999996
-170.0,27.387436,0.158,0.32149100000000175
-160.0,27.749365,0.23,0.6834200000000017
-150.0,28.429474,0.497,1.3635289999999998
-140.0,29.439842,0.97,2.3738969999999995
-130.0,30.73481,1.633,3.6688650000000003
-120.0,32.147755,2.432,5.081809999999997
-110.0,33.533485,3.383,6.46754
-100.0,34.60189,4.163,7.535944999999998
-90.0,35.055016,4.482,7.989071000000003
-80.0,34.69209,4.189,7.626145000000001
-70.0,33.670635,3.454,6.604689999999998
-60.0,32.298992,2.519,5.233046999999999
-50.0,30.82861,1.71,3.762665000000002
-40.0,29.484993,1.018,2.419048
-30.0,28.45608,0.513,1.3901350000000008
-20.0,27.780048,0.233,0.7141030000000015
-10.0,27.538572,0.205,0.47262699999999924
0.0,27.065945,0.0,0.0
10.0,27.538572,0.205,0.47262699999999924
20.0,27.780048,0.233,0.7141030000000015
30.0,28.456087,0.513,1.3901420000000009
40.0,29.484997,1.018,2.4190520000000006
50.0,30.828606,1.71,3.7626610000000014
60.0,32.298992,2.519,5.233046999999999
70.0,33.670643,3.454,6.604697999999999
80.0,34.69209,4.189,7.626145000000001
90.0,35.055016,4.482,7.989071000000003
100.0,34.601894,4.163,7.535949000000002
110.0,33.533478,3.383,6.467533000000003
120.0,32.147755,2.432,5.081809999999997
130.0,30.734808,1.633,3.6688630000000018
140.0,29.439842,0.97,2.3738969999999995
150.0,28.429474,0.497,1.3635289999999998
160.0,27.749361,0.23,0.6834160000000011
170.0,27.387436,0.158,0.32149100000000175
180.0,27.34341,0.244,0.2774649999999994
-170.0,17.805012,2.139,1.6476819999999996
-160.0,16.73092,1.047,0.5735899999999994
-150.0,16.157331,0.251,9.999999974752427e-07
-140.0,16.159018,0.0,0.0016879999999979134
-130.0,16.649132,0.26,0.49180199999999985
-120.0,17.45761,0.898,1.3002799999999972
-110.0,18.350796,1.686,2.1934659999999973
-100.0,19.083323,2.341,2.9259929999999983
-90.0,19.37484,2.596,3.217509999999997
-80.0,19.08607,2.343,2.9287399999999977
-70.0,18.35129,1.687,2.193959999999997
-60.0,17.458347,0.904,1.301016999999998
-50.0,16.651857,0.261,0.49452699999999794
-40.0,16.159252,0.01,0.0019219999999968707
-30.0,16.18331,0.281,0.025979999999997005
-20.0,16.779036,1.104,0.6217059999999996
-10.0,17.811941,2.208,1.6546109999999992
0.0,18.915123,3.105,2.7577929999999995
10.0,17.811945,2.208,1.6546149999999997
20.0,16.779036,1.104,0.6217059999999996
30.0,16.18331,0.281,0.025979999999997005
40.0,16.159252,0.01,0.0019219999999968707
50.0,16.651857,0.261,0.49452699999999794
60.0,17.458347,0.904,1.301016999999998
70.0,18.35129,1.687,2.193959999999997
80.0,19.08607,2.343,2.9287399999999977
90.0,19.37484,2.596,3.217509999999997
100.0,19.083323,2.341,2.9259929999999983
110.0,18.350798,1.686,2.1934679999999993
120.0,17.45761,0.898,1.3002799999999972
130.0,16.64913,0.26,0.4917999999999978
140.0,16.159016,0.0,0.0016859999999994102
150.0,16.15733,0.251,0.0
160.0,16.730919,1.047,0.5735889999999984
170.0,17.80501,2.139,1.6476799999999976
180.0,18.869087,2.989,2.7117569999999986
-170.0,-95.45506,0.279,0.4820699999999931
-160.0,-94.50552,0.863,1.431609999999992
-150.0,-93.13125,1.742,2.805880000000002
-140.0,-91.398125,2.854,4.539005000000003
-130.0,-89.37603,4.093,6.561099999999996
-120.0,-87.09139,5.295,8.845739999999992
-110.0,-84.54884,6.318,11.388289999999998
-100.0,-81.9139,7.13,14.023229999999998
-90.0,-78.76049,7.82,17.176639999999992
-80.0,-78.581535,7.667,17.355594999999994
-70.0,-78.721954,7.548,17.215176
-60.0,-79.171326,7.503,16.765804000000003
-50.0,-79.92929,7.541,16.00784
-40.0,-81.00614,7.639,14.930989999999994
-30.0,-82.23208,7.79,13.70505
-20.0,-83.408104,8.144,12.529026000000002
-10.0,-84.37847,8.72,11.558660000000003
0.0,-85.161316,9.215,10.775813999999997
10.0,-84.37847,8.72,11.558660000000003
20.0,-83.40809,8.144,12.529039999999995
30.0,-82.23208,7.79,13.70505
40.0,-81.00614,7.639,14.930989999999994
50.0,-79.92929,7.541,16.00784
60.0,-79.171326,7.503,16.765804000000003
70.0,-78.721954,7.548,17.215176
80.0,-78.581535,7.667,17.355594999999994
90.0,-78.757996,7.82,17.17913399999999
100.0,-81.9139,7.13,14.023229999999998
110.0,-84.54883,6.318,11.388300000000001
120.0,-87.0914,5.295,8.845730000000003
130.0,-89.376015,4.093,6.561115000000001
140.0,-91.398125,2.854,4.539005000000003
150.0,-93.13125,1.742,2.805880000000002
160.0,-94.50552,0.863,1.431609999999992
170.0,-95.45506,0.279,0.4820699999999931
180.0,-95.93713,0.0,0.0
-170.0,23.588623,0.169,0.28014599999999845
-160.0,24.097649,0.515,0.7891720000000007
-150.0,24.949862,1.194,1.6413849999999996
-140.0,26.1715,2.222,2.863023000000002
-130.0,27.684124,3.548,4.375647000000001
-120.0,29.382631,5.04,6.074154
-110.0,31.078384,6.496,7.769907
-100.0,32.474155,7.67,9.165678000000003
-90.0,33.380714,8.344,10.072236999999998
-80.0,33.541607,8.418,10.23313
-70.0,33.25771,8.01,9.949233000000003
-60.0,32.74626,7.388,9.437783
-50.0,32.14896,6.848,8.840483000000003
-40.0,31.659756,6.606,8.351279000000002
-30.0,31.32577,6.746,8.017292999999999
-20.0,31.197842,7.242,7.8893650000000015
-10.0,31.290716,7.898,7.982239
0.0,31.26049,8.142,7.952013000000001
10.0,31.285753,7.902,7.977276
20.0,31.19666,7.244,7.8881830000000015
30.0,31.320131,6.742,8.011654
40.0,31.661123,6.608,8.352646
50.0,32.151,6.85,8.842523000000003
60.0,32.74816,7.388,9.439682999999999
70.0,33.257294,8.012,9.948817000000002
80.0,33.544495,8.416,10.236017999999998
90.0,33.377113,8.344,10.068636000000001
100.0,32.475475,7.67,9.166998000000003
110.0,31.076685,6.498,7.768208000000001
120.0,29.38638,5.04,6.077902999999999
130.0,27.687723,3.55,4.379245999999998
140.0,26.171751,2.222,2.8632740000000005
150.0,24.943907,1.192,1.6354299999999995
160.0,24.092272,0.519,0.7837950000000014
170.0,23.587107,0.169,0.2786299999999997
180.0,23.308477,0.0,0.0
-170.0,-32.47241,0.21,0.5655769999999976
-160.0,-31.42522,0.721,1.6127670000000016
-150.0,-29.947884,1.444,3.0901030000000027
-140.0,-28.059107,2.327,4.97888
-130.0,-25.787405,3.222,7.250582000000001
-120.0,-23.135677,3.951,9.90231
-110.0,-20.544744,3.954,12.493243
-100.0,-20.5435,3.734,12.494487
-90.0,-20.552866,3.605,12.485121
-80.0,-20.577438,3.556,12.460549
-70.0,-20.672722,3.64,12.365265
-60.0,-20.830606,3.884,12.207381000000002
-50.0,-21.08069,4.283,11.957297
-40.0,-21.402702,4.826,11.635285
-30.0,-21.782114,5.478,11.255873000000001
-20.0,-22.142696,6.197,10.895291
-10.0,-21.168789,7.051,11.869198
0.0,-21.547167,7.214,11.49082
10.0,-21.168781,7.051,11.869206000000002
20.0,-22.14085,6.197,10.897137
30.0,-21.782114,5.478,11.255873000000001
40.0,-21.402702,4.826,11.635285
50.0,-21.080683,4.283,11.957304
60.0,-20.830606,3.884,12.207381000000002
70.0,-20.672714,3.64,12.365273000000002
80.0,-20.577438,3.556,12.460549
90.0,-20.552858,3.605,12.485129
100.0,-20.5435,3.734,12.494487
110.0,-20.544744,3.954,12.493243
120.0,-23.13569,3.951,9.902297
130.0,-25.787397,3.222,7.2505900000000025
140.0,-28.059107,2.327,4.97888
150.0,-29.947884,1.444,3.0901030000000027
160.0,-31.42522,0.721,1.6127670000000016
170.0,-32.472416,0.21,0.5655709999999985
180.0,-33.037987,0.0,0.0
-170.0,24.591097,0.425,0.3073560000000022
-160.0,24.81506,0.087,0.5313189999999999
-150.0,25.227564,0.013,0.9438230000000019
-140.0,25.916512,0.245,1.6327710000000017
-130.0,26.870804,0.782,2.5870630000000006
-120.0,27.92684,1.548,3.6430989999999994
-110.0,28.913359,2.438,4.629618000000001
-100.0,29.675465,3.158,5.391724
-90.0,29.959965,3.443,5.676224000000001
-80.0,29.72962,3.162,5.4458790000000015
-70.0,28.99218,2.439,4.708439000000002
-60.0,27.987774,1.567,3.7040330000000026
-50.0,26.878563,0.789,2.5948220000000006
-40.0,25.901861,0.244,1.6181200000000011
-30.0,25.217129,0.0,0.9333880000000008
-20.0,24.915012,0.128,0.6312710000000017
-10.0,24.79149,0.48,0.5077490000000004
0.0,24.620325,0.884,0.336584000000002
10.0,24.791492,0.48,0.5077510000000025
20.0,24.915014,0.128,0.6312730000000002
30.0,25.21713,0.0,0.9333890000000018
40.0,25.901863,0.244,1.6181219999999996
50.0,26.878563,0.789,2.5948220000000006
60.0,27.98778,1.567,3.7040390000000016
70.0,28.992182,2.441,4.7084410000000005
80.0,29.72962,3.162,5.4458790000000015
90.0,29.959965,3.443,5.676224000000001
100.0,29.675465,3.158,5.391724
110.0,28.91336,2.438,4.629619000000002
120.0,27.92684,1.548,3.6430989999999994
130.0,26.870804,0.782,2.5870630000000006
140.0,25.916512,0.245,1.6327710000000017
150.0,25.227562,0.013,0.9438209999999998
160.0,24.815054,0.087,0.5313130000000008
170.0,24.591097,0.425,0.3073560000000022
180.0,24.283741,0.849,0.0
-170.0,9.625568,0.1,0.5999559999999988
-160.0,9.452261,0.316,0.4266489999999994
-150.0,9.310923,0.433,0.2853110000000001
-140.0,9.10305,0.543,0.07743799999999901
-130.0,9.025612,0.693,0.0
-120.0,9.028904,0.854,0.0032920000000000726
-110.0,9.069241,1.033,0.04362899999999925
-100.0,9.2139,1.254,0.188288
-90.0,9.566454,1.551,0.5408419999999996
-80.0,10.212948,1.955,1.1873360000000002
-70.0,11.050322,2.396,2.024709999999999
-60.0,13.435461,2.632,4.4098489999999995
-50.0,13.762348,2.791,4.736735999999999
-40.0,13.986754,2.967,4.961141999999999
-30.0,14.199563,3.13,5.173950999999999
-20.0,14.405514,3.312,5.3799019999999995
-10.0,14.546963,3.538,5.521350999999999
0.0,14.563599,3.744,5.537986999999999
10.0,14.551374,3.54,5.5257619999999985
20.0,14.407218,3.314,5.381606
30.0,14.199284,3.13,5.173672
40.0,13.988168,2.967,4.962555999999999
50.0,13.760204,2.791,4.734591999999999
60.0,13.436019,2.632,4.410406999999999
70.0,11.04916,2.396,2.023548
80.0,10.215743,1.955,1.1901309999999992
90.0,9.564886,1.551,0.5392739999999989
100.0,9.212466,1.254,0.18685399999999852
110.0,9.073159,1.033,0.047546999999999784
120.0,9.027673,0.854,0.0020609999999994244
130.0,9.0257,0.693,8.799999999986596e-05
140.0,9.104886,0.543,0.07927399999999984
150.0,9.311831,0.433,0.2862189999999991
160.0,9.450856,0.316,0.4252439999999993
170.0,9.626519,0.1,0.6009069999999994
180.0,9.699922,0.0,0.6743100000000002
-170.0,-48.62581,5.689,5.994574
-160.0,-47.66105,5.107,6.959333999999998
-150.0,-46.869377,4.426,7.751007000000001
-140.0,-46.22864,3.795,8.391744000000003
-130.0,-45.728725,3.283,8.891659000000004
-120.0,-45.333958,2.923,9.286425999999999
-110.0,-45.06529,2.708,9.555094000000004
-100.0,-44.952705,2.616,9.667679
-90.0,-45.108803,2.606,9.511581
-80.0,-45.655914,2.62,8.964469999999999
-70.0,-46.79162,2.583,7.828764
-60.0,-48.84309,2.379,5.777294000000005
-50.0,-51.07195,1.945,3.5484340000000003
-40.0,-52.598774,1.378,2.0216100000000026
-30.0,-53.508747,0.875,1.1116370000000018
-20.0,-54.06186,0.444,0.5585239999999985
-10.0,-54.521088,0.141,0.0992960000000025
0.0,-54.620384,0.0,0.0
10.0,-54.521088,0.141,0.0992960000000025
20.0,-54.06186,0.444,0.5585239999999985
30.0,-53.508747,0.875,1.1116370000000018
40.0,-52.598774,1.378,2.0216100000000026
50.0,-51.07194,1.945,3.5484440000000035
60.0,-48.84309,2.379,5.777294000000005
70.0,-46.79162,2.583,7.828764
80.0,-45.655914,2.62,8.964469999999999
90.0,-45.108803,2.606,9.511581
100.0,-44.952705,2.616,9.667679
110.0,-45.06529,2.708,9.555094000000004
120.0,-45.333958,2.923,9.286425999999999
130.0,-45.728733,3.283,8.891651000000003
140.0,-46.22865,3.795,8.391734
150.0,-46.869377,4.426,7.751007000000001
160.0,-47.66105,5.107,6.959333999999998
170.0,-48.62581,5.689,5.994574
180.0,-49.68315,5.943,4.937234000000004
-170.0,18.001503,0.496,0.1327229999999986
-160.0,18.063803,0.14,0.19502299999999906
-150.0,18.40444,0.0,0.53566
-140.0,19.05746,0.165,1.188679999999998
-130.0,20.01156,0.635,2.1427799999999984
-120.0,21.181631,1.297,3.3128509999999984
-110.0,22.313847,1.998,4.445066999999998
-100.0,23.143213,2.518,5.274432999999998
-90.0,23.489025,2.717,5.620245000000001
-80.0,23.188833,2.547,5.320052999999998
-70.0,22.380873,2.043,4.512093
-60.0,21.229214,1.35,3.360433999999998
-50.0,20.024439,0.665,2.155659
-40.0,19.056564,0.178,1.1877840000000006
-30.0,18.461008,0.004,0.5922279999999986
-20.0,18.279427,0.196,0.4106469999999973
-10.0,18.327957,0.599,0.4591770000000004
0.0,18.358007,1.041,0.48922699999999963
10.0,18.327957,0.599,0.4591770000000004
20.0,18.279428,0.196,0.41064799999999835
30.0,18.46101,0.004,0.5922300000000007
40.0,19.056564,0.178,1.1877840000000006
50.0,20.024439,0.665,2.155659
60.0,21.229218,1.35,3.3604379999999985
70.0,22.380875,2.043,4.512094999999999
80.0,23.188833,2.547,5.320052999999998
90.0,23.489025,2.717,5.620245000000001
100.0,23.143213,2.518,5.274432999999998
110.0,22.313843,1.998,4.4450629999999975
120.0,21.18163,1.297,3.3128499999999974
130.0,20.011559,0.635,2.1427789999999973
140.0,19.057457,0.165,1.1886769999999984
150.0,18.404438,0.0,0.535657999999998
160.0,18.0638,0.14,0.19501999999999953
170.0,18.001503,0.496,0.1327229999999986
180.0,17.86878,0.945,0.0
-170.0,8.859209,3.765,2.885949
-160.0,8.332892,2.787,2.3596319999999995
-150.0,7.6171637,1.728,1.6439037
-140.0,6.903441,0.836,0.9301810000000001
-130.0,6.3440557,0.246,0.3707957000000004
-120.0,6.0213614,0.0,0.04810140000000018
-110.0,5.97326,0.076,0.0
-100.0,6.2617373,0.19,0.28847730000000027
-90.0,6.5462074,0.508,0.5729474000000003
-80.0,6.959352,1.038,0.9860920000000002
-70.0,7.4014263,1.674,1.4281663
-60.0,7.826905,2.171,1.8536450000000002
-50.0,8.186195,2.333,2.212935
-40.0,8.358753,2.04,2.3854930000000003
-30.0,8.277294,1.414,2.3040339999999997
-20.0,8.078708,0.748,2.105448000000001
-10.0,7.9048142,0.281,1.9315541999999999
0.0,7.883749,0.094,1.910489
10.0,7.9087143,0.281,1.9354543
20.0,8.078628,0.75,2.1053680000000004
30.0,8.274135,1.412,2.3008749999999996
40.0,8.357735,2.042,2.384475
50.0,8.189394,2.333,2.2161340000000003
60.0,7.82308,2.171,1.8498200000000002
70.0,7.3976846,1.672,1.4244246
80.0,6.964751,1.038,0.9914909999999999
90.0,6.543387,0.506,0.5701270000000003
100.0,6.2579207,0.19,0.2846606999999999
110.0,5.9745827,0.076,0.001322700000000232
120.0,6.018055,0.002,0.044795000000000584
130.0,6.343,0.244,0.3697400000000002
140.0,6.904076,0.838,0.9308160000000001
150.0,7.6183686,1.726,1.6451086000000004
160.0,8.332018,2.789,2.358758
170.0,8.854382,3.765,2.8811219999999995
180.0,8.917497,4.208,2.9442369999999993
-170.0,-43.52603,0.002,1.5868850000000023
-160.0,-43.249706,0.217,1.8632089999999977
-150.0,-42.681602,0.974,2.431313000000003
-140.0,-41.83544,2.213,3.2774750000000026
-130.0,-40.740643,3.866,4.372272000000002
-120.0,-39.43487,5.787,5.6780450000000044
-110.0,-37.936058,7.835,7.176856999999998
-100.0,-35.5266,7.406,9.586314999999999
-90.0,-37.267616,6.529,7.845299000000004
-80.0,-39.140522,5.513,5.972393000000004
-70.0,-40.93344,4.443,4.179475000000004
-60.0,-42.4741,3.403,2.638815000000001
-50.0,-43.641514,2.451,1.4714010000000002
-40.0,-44.41192,1.726,0.7009949999999989
-30.0,-44.887928,1.238,0.22498699999999872
-20.0,-45.112915,1.052,0.0
-10.0,-45.07437,1.141,0.03854499999999916
0.0,-44.795605,1.306,0.3173099999999991
10.0,-45.072754,1.141,0.04016099999999767
20.0,-45.110844,1.052,0.002071000000000822
30.0,-44.88962,1.238,0.22329500000000024
40.0,-44.41412,1.726,0.698795000000004
50.0,-43.636528,2.451,1.4763870000000026
60.0,-42.47526,3.403,2.6376550000000023
70.0,-40.931335,4.445,4.181580000000004
80.0,-39.137844,5.515,5.975071
90.0,-37.27229,6.529,7.840625000000003
100.0,-35.526276,7.406,9.586638999999998
110.0,-37.933105,7.839,7.179810000000003
120.0,-39.438248,5.785,5.6746669999999995
130.0,-40.74117,3.862,4.371745000000004
140.0,-41.834602,2.213,3.2783130000000043
150.0,-42.68252,0.974,2.4303950000000043
160.0,-43.24812,0.217,1.8647950000000009
170.0,-43.52859,0.0,1.5843249999999998
180.0,-43.511063,0.394,1.601852000000001
-170.0,53.182,3.029,1.8026049999999998
-160.0,53.715736,3.415,2.3363409999999973
-150.0,54.519253,4.071,3.1398579999999967
-140.0,55.506226,4.975,4.126830999999996
-130.0,56.618073,6.075,5.238678
-120.0,57.734734,7.267,6.355339000000001
-110.0,58.783474,8.422,7.404078999999996
-100.0,59.60143,9.264,8.222034999999998
-90.0,60.003277,9.367,8.623881999999995
-80.0,59.69005,8.506,8.310654999999997
-70.0,58.73269,7.063,7.353294999999996
-60.0,57.410866,5.418,6.031470999999996
-50.0,55.974007,3.834,4.594611999999998
-40.0,54.550716,2.458,3.171320999999999
-30.0,53.284916,1.366,1.9055210000000002
-20.0,52.289314,0.594,0.909918999999995
-10.0,51.63215,0.143,0.2527550000000005
0.0,51.379395,0.0,0.0
10.0,51.63215,0.143,0.2527550000000005
20.0,52.289314,0.594,0.909918999999995
30.0,53.28491,1.366,1.9055150000000012
40.0,54.550724,2.458,3.171329
50.0,55.974007,3.834,4.594611999999998
60.0,57.410866,5.418,6.031470999999996
70.0,58.73269,7.063,7.353294999999996
80.0,59.69005,8.506,8.310654999999997
90.0,60.003277,9.367,8.623881999999995
100.0,59.60143,9.264,8.222034999999998
110.0,58.783466,8.424,7.404070999999995
120.0,57.734737,7.267,6.355342
130.0,56.618065,6.075,5.238669999999999
140.0,55.506226,4.975,4.126830999999996
150.0,54.519253,4.071,3.1398579999999967
160.0,53.715736,3.415,2.3363409999999973
170.0,53.182,3.029,1.8026049999999998
180.0,52.99283,2.907,1.6134349999999955
-170.0,29.852346,2.145,1.455019
-160.0,28.944155,0.971,0.5468279999999979
-150.0,28.493681,0.264,0.09635399999999805
-140.0,28.47591,0.0,0.0785829999999983
-130.0,28.846132,0.15,0.4488050000000001
-120.0,29.451231,0.458,1.0539039999999993
-110.0,30.11849,0.868,1.7211630000000007
-100.0,30.61478,1.204,2.217452999999999
-90.0,31.079714,1.292,2.6823869999999985
-80.0,30.621113,1.121,2.2237860000000005
-70.0,29.96697,0.742,1.5696429999999992
-60.0,29.226482,0.321,0.8291550000000001
-50.0,28.645744,0.055,0.2484169999999999
-40.0,28.397327,0.045,0.0
-30.0,28.590174,0.495,0.19284700000000043
-20.0,29.234486,1.423,0.8371589999999998
-10.0,30.280104,2.799,1.8827770000000008
0.0,31.672369,4.523,3.275041999999999
10.0,30.283743,2.799,1.8864160000000005
20.0,29.235283,1.425,0.8379559999999984
30.0,28.591011,0.495,0.19368400000000108
40.0,28.39797,0.043,0.0006430000000001712
50.0,28.642166,0.055,0.24483899999999892
60.0,29.227587,0.321,0.8302599999999991
70.0,29.967863,0.742,1.5705360000000006
80.0,30.620718,1.121,2.2233909999999995
90.0,31.082895,1.29,2.685568
100.0,30.614672,1.202,2.217344999999998
110.0,30.115366,0.866,1.718039000000001
120.0,29.454721,0.458,1.0573939999999986
130.0,28.84659,0.15,0.4492629999999984
140.0,28.477814,0.0,0.08048699999999798
150.0,28.489801,0.262,0.09247399999999928
160.0,28.943247,0.969,0.5459199999999989
170.0,29.849741,2.145,1.452414000000001
180.0,31.179249,3.743,2.781921999999998
-170.0,-114.50958,0.09,0.03583000000000425
-160.0,-114.480484,0.372,0.06492599999999982
-150.0,-114.368996,0.825,0.1764140000000083
-140.0,-113.96892,1.454,0.5764900000000068
-130.0,-113.1635,2.261,1.3819100000000049
-120.0,-111.92011,3.259,2.62530000000001
-110.0,-110.37837,4.421,4.16704
-100.0,-108.64713,5.654,5.89828
-90.0,-106.8028,6.805,7.742609999999999
-80.0,-105.984856,7.239,8.56055400000001
-70.0,-107.334816,6.369,7.210594
-60.0,-108.543785,5.59,6.001625000000004
-50.0,-109.53082,5.085,5.014589999999998
-40.0,-110.260475,4.782,4.284935000000004
-30.0,-110.74335,4.642,3.8020599999999973
-20.0,-111.027504,4.622,3.5179060000000106
-10.0,-111.136734,4.683,3.408676
0.0,-111.161224,4.75,3.3841859999999997
10.0,-111.136734,4.683,3.408676
20.0,-111.02749,4.622,3.5179200000000037
30.0,-110.74335,4.642,3.8020599999999973
40.0,-110.260475,4.782,4.284935000000004
50.0,-109.53079,5.085,5.014620000000008
60.0,-108.543785,5.59,6.001625000000004
70.0,-107.3348,6.369,7.210610000000003
80.0,-105.984856,7.239,8.56055400000001
90.0,-106.8028,6.805,7.742609999999999
100.0,-108.64713,5.654,5.89828
110.0,-110.37649,4.421,4.16892
120.0,-111.922035,3.259,2.62337500000001
130.0,-113.1635,2.261,1.3819100000000049
140.0,-113.96892,1.454,0.5764900000000068
150.0,-114.36901,0.825,0.176400000000001
160.0,-114.480484,0.372,0.06492599999999982
170.0,-114.50957,0.09,0.03584000000000742
180.0,-114.54541,0.0,0.0
-170.0,6.652933,0.206,0.3123800000000001
-160.0,7.4675074,0.716,1.1269543999999998
-150.0,8.734107,1.576,2.393554
-140.0,10.335807,2.79,3.995254000000001
-130.0,12.116029,4.281,5.775475999999999
-120.0,13.946068,5.969,7.6055150000000005
-110.0,15.641609,7.683,9.301056
-100.0,17.004215,9.18,10.663661999999999
-90.0,17.751692,10.054,11.411138999999999
-80.0,17.924385,9.953,11.583832000000001
-70.0,17.643429,9.119,11.302876000000001
-60.0,16.821175,8.054,10.480622
-50.0,15.700934,7.046,9.360381
-40.0,14.527789,6.203,8.187236
-30.0,13.461597,5.598,7.1210439999999995
-20.0,12.636901,5.268,6.296348
-10.0,12.065492,5.202,5.724939000000001
0.0,11.469068,5.103,5.128515
10.0,12.067105,5.204,5.726552
20.0,12.63186,5.268,6.291307
30.0,13.462965,5.596,7.122412000000001
40.0,14.53176,6.203,8.191207
50.0,15.706638,7.046,9.366085
60.0,16.822718,8.058,10.482164999999998
70.0,17.64362,9.119,11.303066999999999
80.0,17.92603,9.953,11.585477000000001
90.0,17.753548,10.056,11.412994999999999
100.0,17.001991,9.178,10.661438
110.0,15.640588,7.683,9.300035
120.0,13.943426,5.963,7.602873000000001
130.0,12.125034,4.285,5.7844809999999995
140.0,10.32614,2.788,3.9855870000000007
150.0,8.732288,1.578,2.3917350000000006
160.0,7.468471,0.716,1.1279180000000002
170.0,6.6452565,0.206,0.30470350000000046
180.0,6.340553,0.0,0.0
-170.0,-63.315636,4.334,1.1452139999999957
-160.0,-62.83196,3.103,1.6288899999999913
-150.0,-62.87004,1.846,1.5908099999999905
-140.0,-63.01803,0.851,1.4428199999999904
-130.0,-62.96876,0.213,1.4920899999999904
-120.0,-62.47595,0.0,1.9848999999999961
-110.0,-61.55204,0.233,2.9088099999999955
-100.0,-60.17724,0.832,4.283609999999996
-90.0,-58.46203,1.712,5.998819999999995
-80.0,-56.95635,2.004,7.504499999999993
-70.0,-56.737167,2.021,7.723682999999994
-60.0,-57.106907,2.05,7.353942999999994
-50.0,-57.79234,2.135,6.668509999999991
-40.0,-58.79944,2.273,5.6614099999999965
-30.0,-59.95435,2.473,4.5064999999999955
-20.0,-61.086792,2.981,3.374057999999991
-10.0,-62.086784,3.662,2.374065999999992
0.0,-63.008663,4.249,1.452186999999995
10.0,-62.086784,3.662,2.374065999999992
20.0,-61.086792,2.981,3.374057999999991
30.0,-59.95435,2.473,4.5064999999999955
40.0,-58.79944,2.273,5.6614099999999965
50.0,-57.79234,2.135,6.668509999999991
60.0,-57.108555,2.05,7.352294999999991
70.0,-56.737167,2.021,7.723682999999994
80.0,-56.95635,2.004,7.504499999999993
90.0,-58.46202,1.712,5.998829999999991
100.0,-60.177254,0.832,4.283595999999996
110.0,-61.55204,0.233,2.9088099999999955
120.0,-62.47595,0.0,1.9848999999999961
130.0,-62.96877,0.213,1.4920799999999943
140.0,-63.01803,0.851,1.4428199999999904
150.0,-62.870033,1.846,1.5908169999999942
160.0,-62.831966,3.103,1.6288839999999922
170.0,-63.315636,4.334,1.1452139999999957
180.0,-64.46085,4.903,0.0
-170.0,-29.084536,0.227,0.0
-160.0,-28.684952,0.859,0.3995840000000008
-150.0,-27.79568,2.102,1.2888559999999991
-140.0,-26.414713,3.932,2.669823000000001
-130.0,-24.613136,6.237,4.471399999999999
-120.0,-22.463186,8.867,6.62135
-110.0,-20.063381,11.653,9.021155
-100.0,-17.424744,14.356,11.659792
-90.0,-17.08095,12.979,12.003585999999999
-80.0,-19.227646,10.78,9.85689
-70.0,-21.154528,8.782,7.930008000000001
-60.0,-22.862957,7.116,6.221578999999998
-50.0,-24.08572,5.34,4.9988160000000015
-40.0,-25.36247,3.998,3.7220660000000017
-30.0,-26.275225,3.133,2.809311000000001
-20.0,-26.765259,2.682,2.3192769999999996
-10.0,-26.813671,2.56,2.2708650000000006
0.0,-26.478447,2.6,2.6060890000000008
10.0,-26.815042,2.562,2.2694940000000017
20.0,-26.765078,2.68,2.319458000000001
30.0,-26.273848,3.133,2.810687999999999
40.0,-25.362316,3.998,3.72222
50.0,-24.08737,5.338,4.997166
60.0,-22.860384,7.116,6.224152
70.0,-21.155823,8.782,7.928712999999998
80.0,-19.230827,10.782,9.853708999999998
90.0,-17.0777,12.983,12.006836
100.0,-17.42738,14.356,11.657156
110.0,-20.059359,11.649,9.025177
120.0,-22.468199,8.869,6.6163370000000015
130.0,-24.612331,6.233,4.472204999999999
140.0,-26.413662,3.932,2.6708740000000013
150.0,-27.792093,2.102,1.2924429999999987
160.0,-28.684643,0.859,0.3998929999999987
170.0,-29.08332,0.227,0.0012159999999994398
180.0,-29.071236,0.0,0.013300000000000978
-170.0,-3.61911,0.737,2.4427734
-160.0,-5.1270947,0.225,0.9347887000000004
-150.0,-6.0056562,0.002,0.056227200000000366
-140.0,-6.0591264,0.205,0.0027569999999998984
-130.0,-5.483656,0.765,0.5782274000000003
-120.0,-4.4785585,1.642,1.5833249
-110.0,-3.3242242,2.594,2.7376592
-100.0,-2.3296964,3.327,3.732187
-90.0,-1.7469628,3.644,4.314920600000001
-80.0,-1.8106282,3.496,4.2512552
-70.0,-2.3128169,3.033,3.7490665
-60.0,-2.959256,2.527,3.1026274000000003
-50.0,-3.4977858,2.245,2.5640976
-40.0,-3.6983242,2.395,2.3635592
-30.0,-3.4881945,2.999,2.5736889
-20.0,-2.8608558,4.039,3.2010276
-10.0,-1.9249215,5.255,4.1369619
0.0,-1.6062204,5.796,4.455663
10.0,-1.9239879,5.253,4.1378955
20.0,-2.8573895,4.035,3.2044939
30.0,-3.4869728,2.995,2.5749106
40.0,-3.6980615,2.395,2.3638219
50.0,-3.5005646,2.243,2.5613188
60.0,-2.9593782,2.527,3.1025052
70.0,-2.3117173,3.035,3.7501661
80.0,-1.8138174,3.494,4.248066
90.0,-1.7470868,3.642,4.3147966
100.0,-2.3277125,3.327,3.7341709
110.0,-3.3261342,2.594,2.7357492000000003
120.0,-4.478312,1.642,1.5835714000000003
130.0,-5.4866223,0.765,0.5752611000000005
140.0,-6.0618834,0.205,0.0
150.0,-6.003497,0.0,0.05838639999999984
160.0,-5.130645,0.225,0.9312383999999998
170.0,-3.6201606,0.739,2.4417228
180.0,-2.8259423,0.821,3.2359411000000002
-170.0,25.706638,0.231,0.22737100000000154
-160.0,26.280241,0.835,0.8009740000000001
-150.0,27.191254,1.79,1.7119870000000006
-140.0,28.412682,3.043,2.933415
-130.0,29.895454,4.479,4.416187000000001
-120.0,31.502527,5.988,6.0232600000000005
-110.0,33.104977,7.379,7.625709999999998
-100.0,34.496918,8.473,9.017651
-90.0,35.476944,9.126,9.997677000000003
-80.0,35.869457,9.245,10.390189999999997
-70.0,35.734303,8.892,10.255035999999997
-60.0,35.292763,8.284,9.813496
-50.0,34.780605,7.678,9.301338000000001
-40.0,34.32367,7.217,8.844403
-30.0,33.968132,6.989,8.488864999999997
-20.0,33.743275,6.991,8.264007999999997
-10.0,33.556797,7.118,8.077530000000003
0.0,33.19982,7.015,7.720553000000002
10.0,33.556797,7.118,8.077530000000003
20.0,33.743275,6.991,8.264007999999997
30.0,33.96814,6.989,8.488872999999998
40.0,34.32367,7.217,8.844403
50.0,34.780605,7.678,9.301338000000001
60.0,35.292763,8.284,9.813496
70.0,35.734303,8.892,10.255035999999997
80.0,35.86945,9.245,10.390183
90.0,35.476944,9.126,9.997677000000003
100.0,34.496918,8.473,9.017651
110.0,33.104977,7.379,7.625709999999998
120.0,31.502527,5.988,6.0232600000000005
130.0,29.895449,4.479,4.416181999999999
140.0,28.412682,3.043,2.933415
150.0,27.191254,1.79,1.7119870000000006
160.0,26.280237,0.835,0.8009699999999995
170.0,25.706642,0.231,0.22737499999999855
180.0,25.479267,0.0,0.0
-170.0,4.0017443,0.212,0.4912696000000003
-160.0,4.7523155,0.805,1.2418407999999999
-150.0,5.784885,1.649,2.2744103
-140.0,6.835031,2.546,3.3245563
-130.0,7.5992575,3.249,4.088782800000001
-120.0,7.8314514,3.53,4.320976699999999
-110.0,7.4162827,3.273,3.905808
-100.0,6.4839177,2.567,2.973443
-90.0,5.321467,1.692,1.8109923
-80.0,4.2713523,1.034,0.7608776000000002
-70.0,3.6245368,0.672,0.11406209999999994
-60.0,3.5110435,0.657,0.0005687999999999249
-50.0,3.9133785,1.044,0.4029037999999998
-40.0,4.769289,1.854,1.2588142999999996
-30.0,5.911043,2.958,2.4005683
-20.0,7.09319,4.186,3.5827153
-10.0,7.991413,5.242,4.4809383
0.0,8.280637,5.651,4.770162300000001
10.0,7.99322,5.242,4.4827452999999995
20.0,7.093146,4.186,3.5826713
30.0,5.9103336,2.958,2.3998589000000004
40.0,4.7686834,1.854,1.2582086999999995
50.0,3.9146514,1.044,0.40417669999999983
60.0,3.5104747,0.657,0.0
70.0,3.6237924,0.672,0.11331770000000008
80.0,4.2712426,1.034,0.7607678999999998
90.0,5.3204546,1.692,1.8099798999999996
100.0,6.4843035,2.571,2.9738288
110.0,7.4166636,3.273,3.9061888999999996
120.0,7.831974,3.53,4.321499299999999
130.0,7.5988874,3.249,4.088412699999999
140.0,6.8353143,2.544,3.3248396000000002
150.0,5.7854047,1.651,2.27493
160.0,4.7529383,0.805,1.2424636000000002
170.0,4.002473,0.212,0.4919983000000001
180.0,3.7375104,0.0,0.22703570000000006
-170.0,-34.08425,0.066,0.3076870000000014
-160.0,-34.333675,0.193,0.05826199999999915
-150.0,-34.372326,0.472,0.019610999999997603
-140.0,-33.994595,0.836,0.39734200000000186
-130.0,-33.185986,1.292,1.2059509999999989
-120.0,-32.04767,1.898,2.344267000000002
-110.0,-30.722725,2.602,3.669211999999998
-100.0,-31.354431,2.604,3.037505999999997
-90.0,-30.73015,2.808,3.6617870000000003
-80.0,-31.446838,2.596,2.945098999999999
-70.0,-32.147137,2.398,2.244799999999998
-60.0,-32.347225,1.847,2.044711999999997
-50.0,-33.44956,1.206,0.9423770000000005
-40.0,-34.150597,0.741,0.241340000000001
-30.0,-34.391937,0.381,0.0
-20.0,-34.30305,0.127,0.08888699999999972
-10.0,-34.09084,0.0,0.3010969999999986
0.0,-33.759415,0.091,0.6325220000000016
10.0,-34.089825,0.002,0.30211200000000105
20.0,-34.30344,0.129,0.08849699999999672
30.0,-34.389725,0.381,0.0022120000000001028
40.0,-34.15028,0.743,0.24165699999999646
50.0,-33.449883,1.204,0.9420539999999988
60.0,-32.347652,1.847,2.044285000000002
70.0,-32.146988,2.398,2.2449489999999983
80.0,-31.44735,2.596,2.9445869999999985
90.0,-30.730202,2.808,3.661735
100.0,-31.356607,2.604,3.0353299999999983
110.0,-30.724216,2.602,3.6677210000000002
120.0,-32.044106,1.9,2.3478309999999993
130.0,-33.184772,1.294,1.2071649999999963
140.0,-33.991714,0.838,0.4002229999999969
150.0,-34.373814,0.472,0.01812299999999567
160.0,-34.333195,0.193,0.05874199999999519
170.0,-34.085213,0.066,0.30672399999999556
180.0,-33.8345,0.061,0.5574370000000002
-170.0,29.58775,5.735,6.50225
-160.0,30.042892,6.052,6.957391999999999
-150.0,30.647177,6.653,7.5616769999999995
-140.0,31.388052,7.505,8.302551999999999
-130.0,32.192562,8.516,9.107062000000003
-120.0,32.955708,9.556,9.870208000000002
-110.0,33.560314,10.441,10.474813999999999
-100.0,33.809704,10.899,10.724204000000004
-90.0,33.494366,10.617,10.408866
-80.0,32.518856,9.562,9.433356
-70.0,31.116793,7.971,8.031293000000002
-60.0,29.52924,6.164,6.443740000000002
-50.0,27.9095,4.413,4.824000000000002
-40.0,26.383938,2.871,3.298438000000001
-30.0,25.06693,1.63,1.9814299999999996
-20.0,24.029001,0.72,0.9435010000000013
-10.0,23.339289,0.18,0.25378900000000115
0.0,23.0855,0.0,0.0
10.0,23.339289,0.18,0.25378900000000115
20.0,24.029001,0.72,0.9435010000000013
30.0,25.06693,1.63,1.9814299999999996
40.0,26.383938,2.871,3.298438000000001
50.0,27.909496,4.413,4.823996000000001
60.0,29.529242,6.164,6.443742
70.0,31.116796,7.971,8.031296000000001
80.0,32.518856,9.562,9.433356
90.0,33.494366,10.617,10.408866
100.0,33.809704,10.899,10.724204000000004
110.0,33.56031,10.441,10.474810000000002
120.0,32.955708,9.556,9.870208000000002
130.0,32.192554,8.516,9.107054000000002
140.0,31.388052,7.505,8.302551999999999
150.0,30.647177,6.653,7.5616769999999995
160.0,30.042896,6.052,6.957395999999999
170.0,29.58775,5.735,6.50225
180.0,29.375174,5.645,6.2896740000000015
-170.0,2.4423394,0.15,0.04602359999999983
-160.0,2.5800297,0.595,0.18371389999999987
-150.0,2.7042367,1.223,0.30792090000000005
-140.0,2.8595457,1.936,0.46322989999999997
-130.0,3.0828397,2.521,0.6865239000000001
-120.0,3.3442204,2.79,0.9479046000000002
-110.0,3.591,2.879,1.1946842000000002
-100.0,3.7901635,2.923,1.3938476999999998
-90.0,3.8596144,2.95,1.4632986
-80.0,3.7579603,2.924,1.3616445000000001
-70.0,3.5325108,2.865,1.1361949999999998
-60.0,3.2817447,2.736,0.8854289
-50.0,3.049325,2.4,0.6530092000000001
-40.0,2.8567681,1.797,0.46045230000000004
-30.0,2.6914654,1.133,0.2951495999999998
-20.0,2.5672786,0.561,0.17096279999999986
-10.0,2.428229,0.135,0.031913199999999975
0.0,2.3963158,0.0,0.0
10.0,2.4286664,0.135,0.03235060000000001
20.0,2.5659556,0.561,0.16963980000000012
30.0,2.6938217,1.133,0.2975059
40.0,2.855693,1.795,0.45937720000000004
50.0,3.048564,2.4,0.6522481999999998
60.0,3.2806334,2.736,0.8843176000000001
70.0,3.5319684,2.865,1.1356525999999998
80.0,3.7580664,2.924,1.3617506000000001
90.0,3.8605266,2.95,1.4642108
100.0,3.789901,2.923,1.3935852
110.0,3.5905046,2.881,1.1941888
120.0,3.3451688,2.788,0.9488530000000002
130.0,3.0825014,2.521,0.6861856
140.0,2.8593354,1.936,0.4630196
150.0,2.7044551,1.223,0.3081393000000001
160.0,2.5798638,0.595,0.18354800000000004
170.0,2.4426007,0.15,0.04628489999999985
180.0,2.4058003,0.002,0.009484500000000118
-170.0,4.834777,0.343,0.5375934999999998
-160.0,5.6395226,1.115,1.3423391000000002
-150.0,6.622851,2.156,2.3256674999999998
-140.0,7.551813,3.229,3.2546295
-130.0,8.184115,4.054,3.8869315
-120.0,8.343899,4.378,4.0467155
-110.0,7.9782453,4.092,3.6810618
-100.0,7.1977725,3.294,2.900589
-90.0,6.210636,2.251,1.9134525
-80.0,5.256512,1.243,0.9593284999999998
-70.0,4.5639195,0.517,0.26673599999999986
-60.0,4.2971835,0.21,0.0
-50.0,4.582613,0.403,0.2854295000000002
-40.0,5.2983937,1.045,1.0012102
-30.0,6.2707314,2.008,1.9735478999999998
-20.0,7.249131,3.073,2.9519475
-10.0,8.005552,3.955,3.7083684999999997
0.0,8.341873,4.371,4.0446895
10.0,8.133952,4.168,3.8367685000000007
20.0,7.4939585,3.433,3.1967749999999997
30.0,6.5836606,2.398,2.2864771
40.0,5.6371593,1.335,1.3399758000000004
50.0,4.8609476,0.487,0.5637641000000002
60.0,4.423694,0.034,0.1265105000000002
70.0,4.4248657,0.097,0.12768219999999975
80.0,4.899636,0.622,0.6024525000000001
90.0,5.643507,1.46,1.3463234999999996
100.0,6.4551125,2.37,2.157929
110.0,7.0848117,3.105,2.7876282000000003
120.0,7.3158035,3.42,3.0186200000000003
130.0,7.079901,3.195,2.7827175000000004
140.0,6.4470506,2.518,2.1498671
150.0,5.635334,1.632,1.3381505000000002
160.0,4.8883495,0.778,0.5911660000000003
170.0,4.4242535,0.178,0.1270699999999998
180.0,4.3924284,0.0,0.09524489999999997
-170.0,34.966335,1.23,1.3299950000000038
-160.0,34.228928,0.556,0.5925880000000063
-150.0,33.722385,0.101,0.0860450000000057
-140.0,33.65614,0.002,0.019800000000003593
-130.0,34.03903,0.348,0.40268999999999977
-120.0,34.737564,0.987,1.101224000000002
-110.0,35.53315,1.744,1.896810000000002
-100.0,36.39124,2.374,2.7549000000000063
-90.0,36.444332,2.584,2.807992000000006
-80.0,36.40995,2.369,2.773610000000005
-70.0,35.59461,1.745,1.958270000000006
-60.0,34.85876,1.052,1.2224199999999996
-50.0,34.158413,0.425,0.522073000000006
-40.0,33.699833,0.046,0.06349300000000113
-30.0,33.63634,0.074,0.0
-20.0,34.03817,0.512,0.4018300000000039
-10.0,34.814274,1.22,1.1779340000000005
0.0,35.458458,1.852,1.8221180000000032
10.0,34.81353,1.216,1.177190000000003
20.0,34.03949,0.512,0.40315000000000367
30.0,33.63955,0.074,0.0032100000000028217
40.0,33.701008,0.048,0.06466800000000461
50.0,34.15718,0.425,0.5208399999999997
60.0,34.85972,1.052,1.223380000000006
70.0,35.588676,1.747,1.9523360000000025
80.0,36.408665,2.371,2.772325000000002
90.0,36.446182,2.584,2.8098420000000033
100.0,36.39263,2.376,2.75629
110.0,35.536934,1.744,1.9005940000000052
120.0,34.737408,0.987,1.101068000000005
130.0,34.036957,0.348,0.400617000000004
140.0,33.655872,0.0,0.019532000000005212
150.0,33.72431,0.101,0.08797000000000565
160.0,34.225708,0.556,0.5893680000000003
170.0,34.962757,1.232,1.3264170000000064
180.0,35.220524,1.71,1.5841840000000005
-170.0,35.431232,0.147,0.18136900000000367
-160.0,35.95308,0.593,0.7032170000000022
-150.0,36.779305,1.366,1.529442000000003
-140.0,37.891815,2.461,2.6419520000000034
-130.0,39.234417,3.861,3.984554000000003
-120.0,40.774693,5.51,5.5248300000000015
-110.0,42.39434,7.315,7.144477000000002
-100.0,44.05531,9.152,8.805447000000001
-90.0,45.32248,10.677,10.072617000000001
-80.0,47.762863,9.809,12.513000000000005
-70.0,47.5375,8.066,12.287637000000004
-60.0,46.407448,6.27,11.157585000000005
-50.0,44.85338,4.688,9.603517000000004
-40.0,43.18451,3.516,7.934647000000005
-30.0,41.61683,2.591,6.3669670000000025
-20.0,40.32029,1.912,5.070427000000002
-10.0,39.45526,1.491,4.205397000000005
0.0,39.13808,1.344,3.8882170000000045
10.0,39.45526,1.491,4.205397000000005
20.0,40.32029,1.912,5.070427000000002
30.0,41.616837,2.591,6.366973999999999
40.0,43.18451,3.516,7.934647000000005
50.0,44.853386,4.688,9.603523000000003
60.0,46.40744,6.27,11.157577000000003
70.0,47.5375,8.066,12.287637000000004
80.0,47.762863,9.809,12.513000000000005
90.0,45.32248,10.677,10.072617000000001
100.0,44.05531,9.152,8.805447000000001
110.0,42.39434,7.315,7.144477000000002
120.0,40.774696,5.51,5.524833000000001
130.0,39.234417,3.861,3.984554000000003
140.0,37.891815,2.461,2.6419520000000034
150.0,36.779305,1.366,1.529442000000003
160.0,35.95308,0.593,0.7032170000000022
170.0,35.431232,0.147,0.18136900000000367
180.0,35.249863,0.0,0.0
-170.0,24.354681,5.032,4.9763069999999985
-160.0,24.886314,5.589,5.507939999999998
-150.0,25.685646,6.479,6.3072719999999975
-140.0,26.726763,7.672,7.348388999999997
-130.0,27.967396,9.12,8.589022
-120.0,29.278585,10.757,9.900210999999999
-110.0,30.463165,12.502,11.084791
-100.0,31.20345,14.215,11.825076
-90.0,31.623432,14.982,12.245058
-80.0,31.868397,12.569,12.490023
-70.0,30.641315,9.873,11.262940999999998
-60.0,28.748167,7.303,9.369792999999998
-50.0,26.5515,5.078,7.173126
-40.0,24.35223,3.242,4.973855999999998
-30.0,22.366451,1.825,2.9880770000000005
-20.0,20.788248,0.826,1.4098739999999985
-10.0,19.757208,0.219,0.3788339999999977
0.0,19.378374,0.0,0.0
10.0,19.757208,0.217,0.3788339999999977
20.0,20.788248,0.826,1.4098739999999985
30.0,22.366451,1.825,2.9880770000000005
40.0,24.352226,3.242,4.973852000000001
50.0,26.551497,5.078,7.173123
60.0,28.748167,7.303,9.369792999999998
70.0,30.641312,9.873,11.262937999999998
80.0,31.868397,12.569,12.490023
90.0,31.623432,14.982,12.245058
100.0,31.203453,14.217,11.825078999999999
110.0,30.463161,12.5,11.084786999999999
120.0,29.278582,10.757,9.900208
130.0,27.967392,9.12,8.589018
140.0,26.726763,7.672,7.348388999999997
150.0,25.68565,6.479,6.307275999999998
160.0,24.88631,5.589,5.507936000000001
170.0,24.354681,5.032,4.9763069999999985
180.0,24.129955,4.835,4.751580999999998
-170.0,20.248117,2.925,3.959945000000001
-160.0,20.993284,3.361,4.705112
-150.0,21.707981,4.066,5.419809000000001
-140.0,22.293705,4.892,6.005533
-130.0,22.622658,5.565,6.334486000000002
-120.0,22.023735,5.675,5.735562999999999
-110.0,21.103308,4.941,4.815135999999999
-100.0,19.936077,3.724,3.6479050000000015
-90.0,18.736067,2.332,2.447894999999999
-80.0,17.6763,1.075,1.3881280000000018
-70.0,16.868921,0.259,0.5807490000000008
-60.0,16.371048,0.0,0.08287599999999884
-50.0,16.288172,0.538,0.0
-40.0,16.702724,1.782,0.4145520000000005
-30.0,17.577257,3.485,1.289085
-20.0,18.644453,4.866,2.356280999999999
-10.0,19.011745,5.806,2.723573000000002
0.0,19.097994,6.193,2.8098220000000005
10.0,19.012613,5.806,2.7244410000000023
20.0,18.646437,4.866,2.3582649999999994
30.0,17.57908,3.483,1.2909080000000017
40.0,16.706156,1.786,0.4179840000000006
50.0,16.290663,0.54,0.002490999999999133
60.0,16.373608,0.0,0.0854360000000014
70.0,16.869158,0.259,0.5809859999999993
80.0,17.673697,1.071,1.3855250000000012
90.0,18.73571,2.332,2.4475380000000015
100.0,19.934196,3.722,3.6460240000000006
110.0,21.102797,4.941,4.8146249999999995
120.0,22.024197,5.675,5.7360250000000015
130.0,22.622002,5.567,6.333829999999999
140.0,22.289957,4.892,6.001785000000002
150.0,21.7075,4.068,5.419328
160.0,20.994488,3.361,4.706316000000001
170.0,20.24841,2.927,3.9602380000000004
180.0,19.600111,2.739,3.311938999999999
-170.0,51.7318,0.124,0.23637000000000086
-160.0,52.335323,0.504,0.8398930000000036
-150.0,53.206894,1.136,1.7114639999999994
-140.0,54.380066,2.014,2.8846360000000004
-130.0,55.749737,3.081,4.254307000000004
-120.0,57.216522,4.271,5.721091999999999
-110.0,58.638584,5.434,7.143154000000003
-100.0,59.758213,6.368,8.262782999999999
-90.0,60.36258,6.909,8.867150000000002
-80.0,60.29328,6.924,8.797850000000004
-70.0,59.783794,6.423,8.288364000000001
-60.0,59.040264,5.607,7.544834000000002
-50.0,58.207054,4.724,6.7116240000000005
-40.0,57.41379,3.96,5.91836
-30.0,56.708687,3.369,5.213256999999999
-20.0,56.17747,2.974,4.682040000000001
-10.0,55.82099,2.776,4.325560000000003
0.0,55.600315,2.675,4.104885000000003
10.0,55.82099,2.776,4.325560000000003
20.0,56.17747,2.974,4.682040000000001
30.0,56.708973,3.365,5.213543000000001
40.0,57.41379,3.96,5.91836
50.0,58.207047,4.724,6.711617000000004
60.0,59.040264,5.607,7.544834000000002
70.0,59.783794,6.423,8.288364000000001
80.0,60.29328,6.924,8.797850000000004
90.0,60.362587,6.907,8.867156999999999
100.0,59.758213,6.368,8.262782999999999
110.0,58.638584,5.434,7.143154000000003
120.0,57.216522,4.271,5.721091999999999
130.0,55.74973,3.081,4.254300000000001
140.0,54.380066,2.014,2.8846360000000004
150.0,53.206894,1.136,1.7114639999999994
160.0,52.335323,0.504,0.8398930000000036
170.0,51.7318,0.124,0.23637000000000086
180.0,51.49543,0.0,0.0
-170.0,46.541317,0.108,0.2182069999999996
-160.0,46.978672,0.399,0.6555620000000033
-150.0,47.679497,0.945,1.356386999999998
-140.0,48.725094,1.82,2.401983999999999
-130.0,50.09788,3.008,3.7747700000000037
-120.0,51.69748,4.445,5.374369999999999
-110.0,53.363914,6.003,7.040804000000001
-100.0,54.872803,7.443,8.549692999999998
-90.0,55.970295,8.532,9.647185
-80.0,56.61104,9.046,10.287930000000003
-70.0,56.970238,8.899,10.647128000000002
-60.0,57.128117,8.536,10.805007000000003
-50.0,57.358864,8.242,11.035753999999997
-40.0,57.79814,8.23,11.475029999999997
-30.0,58.48244,8.585,12.159329999999997
-20.0,59.48914,9.304,13.16603
-10.0,60.680706,10.285,14.357596000000001
0.0,61.41022,10.962,15.087110000000003
10.0,60.68331,10.289,14.360199999999999
20.0,59.49378,9.306,13.170670000000001
30.0,58.485863,8.579,12.162753000000002
40.0,57.79683,8.228,11.47372
50.0,57.363537,8.242,11.040427000000001
60.0,57.1266,8.534,10.803490000000004
70.0,56.96959,8.899,10.646479999999997
80.0,56.61168,9.042,10.28857
90.0,55.96752,8.532,9.64441
100.0,54.87253,7.443,8.549419999999998
110.0,53.36545,5.999,7.042340000000003
120.0,51.695446,4.443,5.372335999999997
130.0,50.090878,3.012,3.7677679999999967
140.0,48.721897,1.82,2.3987869999999987
150.0,47.679363,0.945,1.3562530000000024
160.0,46.974884,0.395,0.6517740000000032
170.0,46.543713,0.106,0.220602999999997
180.0,46.32311,0.0,0.0
-170.0,19.795586,0.152,0.4103379999999994
-160.0,20.076235,0.123,0.6909869999999998
-150.0,20.582245,0.338,1.1969969999999996
-140.0,21.352242,0.808,1.9669939999999997
-130.0,22.348577,1.496,2.963328999999998
-120.0,23.4672,2.374,4.081951999999998
-110.0,24.54446,3.375,5.159212
-100.0,25.355917,4.15,5.970669000000001
-90.0,25.67067,4.445,6.2854220000000005
-80.0,25.35897,4.159,5.973721999999999
-70.0,24.528862,3.395,5.1436139999999995
-60.0,23.431059,2.394,4.0458110000000005
-50.0,22.288818,1.506,2.9035699999999984
-40.0,21.296684,0.802,1.9114359999999984
-30.0,20.554588,0.328,1.1693399999999983
-20.0,20.147606,0.145,0.762357999999999
-10.0,20.030657,0.233,0.6454090000000008
0.0,19.923397,0.337,0.5381490000000007
10.0,20.032833,0.233,0.6475849999999994
20.0,20.149206,0.145,0.7639579999999988
30.0,20.556984,0.328,1.1717359999999992
40.0,21.299778,0.802,1.9145299999999992
50.0,22.288256,1.506,2.903008
60.0,23.430494,2.396,4.045245999999999
70.0,24.524826,3.393,5.139578
80.0,25.356709,4.157,5.971460999999998
90.0,25.66768,4.443,6.282432
100.0,25.35765,4.152,5.972401999999999
110.0,24.54418,3.377,5.158932
120.0,23.465096,2.374,4.079847999999998
130.0,22.349361,1.496,2.9641129999999976
140.0,21.352333,0.808,1.9670850000000009
150.0,20.58085,0.338,1.195602000000001
160.0,20.074219,0.123,0.6889709999999987
170.0,19.796171,0.152,0.41092300000000037
180.0,19.385248,0.0,0.0
-170.0,5.6977205,2.288,1.5088505000000003
-160.0,5.3562145,1.81,1.1673445000000005
-150.0,4.912044,1.203,0.7231740000000002
-140.0,4.521456,0.63,0.33258600000000005
-130.0,4.264912,0.204,0.07604200000000017
-120.0,4.190589,0.0,0.0017190000000004702
-110.0,4.3169594,0.075,0.12808940000000035
-100.0,4.616342,0.357,0.42747200000000074
-90.0,5.0333543,0.8,0.8444843000000004
-80.0,5.4666133,1.323,1.2777433
-70.0,5.8390937,1.861,1.6502237000000006
-60.0,6.097745,2.241,1.908875
-50.0,6.176912,2.312,1.988042
-40.0,6.068603,1.999,1.8797330000000008
-30.0,5.808521,1.397,1.6196510000000002
-20.0,5.502333,0.781,1.3134630000000005
-10.0,5.262462,0.387,1.0735920000000005
0.0,5.1722054,0.244,0.9833354000000005
10.0,5.265757,0.387,1.0768870000000001
20.0,5.5043383,0.781,1.3154683
30.0,5.809718,1.397,1.6208480000000005
40.0,6.069708,1.999,1.8808380000000007
50.0,6.1771955,2.314,1.9883255000000002
60.0,6.0956564,2.243,1.9067864000000005
70.0,5.8395014,1.861,1.6506314
80.0,5.466074,1.323,1.2772040000000002
90.0,5.0327806,0.8,0.8439106000000001
100.0,4.6147676,0.357,0.42589760000000076
110.0,4.31451,0.075,0.12564000000000064
120.0,4.18887,0.002,0.0
130.0,4.2637076,0.206,0.07483760000000039
140.0,4.522982,0.63,0.3341120000000002
150.0,4.9167333,1.203,0.7278633000000001
160.0,5.3542457,1.812,1.1653757000000002
170.0,5.7004237,2.286,1.5115537000000003
180.0,5.834261,2.473,1.645391
-170.0,1.2579312,0.495,0.21297980000000005
-160.0,1.0466518,0.105,0.0017004000000000463
-150.0,1.2772465,0.0,0.23229509999999998
-140.0,1.9073782,0.328,0.8624267999999999
-130.0,2.898745,1.007,1.8537936
-120.0,4.1080713,2.008,3.0631199
-110.0,5.29415,3.061,4.2491986
-100.0,6.202247,3.883,5.157295599999999
-90.0,6.5419393,4.206,5.496987900000001
-80.0,6.147614,3.886,5.1026626
-70.0,5.249289,3.055,4.204337600000001
-60.0,4.0975795,2.004,3.0526281
-50.0,2.9202187,1.007,1.8752673
-40.0,1.9295348,0.334,0.8845834000000001
-30.0,1.2768978,0.012,0.2319464
-20.0,1.0449514,0.134,0.0
-10.0,1.1909868,0.528,0.14603539999999993
0.0,1.5072217,0.92,0.46227030000000013
10.0,1.1909845,0.528,0.14603309999999992
20.0,1.0449551,0.134,3.6999999999398625e-06
30.0,1.2768978,0.012,0.2319464
40.0,1.9295348,0.334,0.8845834000000001
50.0,2.9202197,1.007,1.8752683
60.0,4.0975795,2.004,3.0526281
70.0,5.249289,3.055,4.204337600000001
80.0,6.147615,3.886,5.1026636
90.0,6.5419393,4.206,5.496987900000001
100.0,6.2022424,3.883,5.157291000000001
110.0,5.29415,3.061,4.2491986
120.0,4.1080713,2.008,3.0631199
130.0,2.8987396,1.007,1.8537881999999999
140.0,1.9073782,0.328,0.8624267999999999
150.0,1.2772465,0.0,0.23229509999999998
160.0,1.0466518,0.107,0.0017004000000000463
170.0,1.2579312,0.495,0.21297980000000005
180.0,1.5159026,0.892,0.4709512
-170.0,-22.253197,0.212,0.002241000000001492
-160.0,-22.023535,0.578,0.23190300000000263
-150.0,-21.65855,1.25,0.5968879999999999
-140.0,-20.714031,1.976,1.541407000000003
-130.0,-17.957136,2.279,4.298302000000003
-120.0,-17.410666,1.975,4.8447720000000025
-110.0,-17.018726,1.77,5.236712000000001
-100.0,-16.852074,1.644,5.403364
-90.0,-16.957113,1.554,5.298325000000002
-80.0,-17.010796,1.559,5.2446420000000025
-70.0,-17.106373,1.668,5.149065
-60.0,-17.25536,1.881,5.000078000000002
-50.0,-17.49887,2.191,4.7565680000000015
-40.0,-18.701712,2.491,3.553726000000001
-30.0,-20.025448,2.26,2.229990000000001
-20.0,-20.713865,2.085,1.5415730000000032
-10.0,-20.953442,1.991,1.3019960000000026
0.0,-21.045818,1.964,1.209620000000001
10.0,-20.950417,1.991,1.305021
20.0,-20.710838,2.083,1.5446000000000026
30.0,-20.02442,2.26,2.2310180000000024
40.0,-18.702635,2.491,3.552803000000001
50.0,-17.5033,2.191,4.752138000000002
60.0,-17.253565,1.881,5.001873000000003
70.0,-17.10475,1.668,5.150688000000002
80.0,-17.016802,1.559,5.238636000000003
90.0,-16.95738,1.554,5.298058000000001
100.0,-16.857807,1.644,5.3976310000000005
110.0,-17.017975,1.77,5.237463000000002
120.0,-17.4163,1.975,4.839138000000002
130.0,-17.960964,2.279,4.294474000000001
140.0,-20.717361,1.976,1.5380770000000012
150.0,-21.660172,1.254,0.5952660000000023
160.0,-22.021296,0.578,0.23414200000000207
170.0,-22.255438,0.212,0.0
180.0,-22.181662,0.0,0.07377600000000228
-170.0,1.2072487,1.169,0.9230252300000001
-160.0,1.6306381,1.539,1.3464146300000002
-150.0,2.256099,2.218,1.97187553
-140.0,3.1088693,3.194,2.8246458299999997
-130.0,4.1621013,4.441,3.8778778299999996
-120.0,5.381276,5.868,5.09705253
-110.0,6.628697,7.345,6.34447353
-100.0,7.7574735,8.653,7.47325003
-90.0,8.7423935,9.237,8.45817003
-80.0,9.178765,8.463,8.89454153
-70.0,8.555064,6.987,8.27084053
-60.0,7.322359,5.361,7.03813553
-50.0,5.7715473,3.854,5.48732383
-40.0,4.1530347,2.57,3.86881123
-30.0,2.6505756,1.523,2.3663521299999997
-20.0,1.4281677,0.713,1.14394423
-10.0,0.5927197,0.192,0.30849623
0.0,0.28422347,0.0,0.0
10.0,0.5927206,0.19,0.30849713000000006
20.0,1.4281687,0.713,1.1439452300000001
30.0,2.6505766,1.523,2.36635313
40.0,4.1530333,2.57,3.8688098299999996
50.0,5.7715487,3.854,5.487325230000001
60.0,7.322356,5.361,7.03813253
70.0,8.555063,6.989,8.27083953
80.0,9.178764,8.463,8.894540529999999
90.0,8.742392,9.237,8.45816853
100.0,7.7574725,8.653,7.473249030000001
110.0,6.628696,7.345,6.34447253
120.0,5.3812747,5.868,5.09705123
130.0,4.162102,4.443,3.87787853
140.0,3.1088703,3.194,2.82464683
150.0,2.2560995,2.218,1.97187603
160.0,1.6306372,1.539,1.34641373
170.0,1.2072495,1.169,0.9230260300000002
180.0,1.0082666,1.059,0.7240431300000001
-170.0,8.155844,1.156,2.3453706
-160.0,7.9496098,1.217,2.1391364
-150.0,7.647024,1.228,1.8365505999999998
-140.0,7.2468104,1.091,1.436337
-130.0,6.777063,0.796,0.9665895999999998
-120.0,6.3782234,0.477,0.5677500000000002
-110.0,6.084734,0.227,0.27426059999999985
-100.0,5.895607,0.07,0.08513359999999981
-90.0,5.8104734,0.0,0.0
-80.0,5.8545027,0.032,0.04402930000000005
-70.0,6.05982,0.186,0.24934659999999997
-60.0,6.4384747,0.464,0.6280013000000002
-50.0,6.915797,0.805,1.1053236000000002
-40.0,7.3811088,1.072,1.5706353999999996
-30.0,7.743262,1.188,1.9327885999999994
-20.0,7.994378,1.169,2.1839046
-10.0,8.136456,1.103,2.3259826000000006
0.0,8.179136,1.065,2.3686625999999995
10.0,8.1364565,1.103,2.3259830999999993
20.0,7.994379,1.169,2.1839056
30.0,7.743261,1.188,1.9327876000000002
40.0,7.3811083,1.072,1.5706349
50.0,6.9157987,0.805,1.1053252999999996
60.0,6.4384737,0.464,0.6280003000000001
70.0,6.0598207,0.186,0.24934730000000016
80.0,5.8545027,0.032,0.04402930000000005
90.0,5.8104734,0.0,0.0
100.0,5.895607,0.07,0.08513359999999981
110.0,6.084735,0.227,0.2742616
120.0,6.3782225,0.477,0.5677490999999995
130.0,6.777065,0.796,0.9665916000000001
140.0,7.2468104,1.091,1.436337
150.0,7.647023,1.228,1.8365495999999997
160.0,7.9496098,1.217,2.1391364
170.0,8.155845,1.156,2.345371599999999
180.0,8.1891165,1.072,2.3786431000000006
-170.0,-76.08675,0.207,0.39060600000000534
-160.0,-75.631256,0.392,0.846100000000007
-150.0,-74.724724,0.918,1.7526320000000055
-140.0,-73.498146,1.746,2.979209999999995
-130.0,-71.9869,2.83,4.490455999999995
-120.0,-70.36432,4.056,6.113035999999994
-110.0,-68.8321,5.235,7.645256000000003
-100.0,-67.675674,6.272,8.801682
-90.0,-67.236115,6.654,9.241241000000002
-80.0,-67.68188,6.267,8.795475999999994
-70.0,-68.80506,5.26,7.672296000000003
-60.0,-70.34292,4.084,6.134435999999994
-50.0,-71.9689,2.858,4.508455999999995
-40.0,-73.48022,1.759,2.9971359999999976
-30.0,-74.72968,0.92,1.7476759999999985
-20.0,-75.632965,0.392,0.8443910000000017
-10.0,-76.05171,0.235,0.4256460000000004
0.0,-76.477356,0.001,0.0
10.0,-76.05323,0.235,0.4241260000000011
20.0,-75.62939,0.392,0.8479659999999996
30.0,-74.73379,0.92,1.7435660000000013
40.0,-73.48075,1.759,2.996606
50.0,-71.96323,2.858,4.5141260000000045
60.0,-70.336494,4.084,6.1408619999999985
70.0,-68.80287,5.262,7.674486000000002
80.0,-67.68124,6.267,8.796115999999998
90.0,-67.23946,6.652,9.237896000000006
100.0,-67.67704,6.274,8.800315999999995
110.0,-68.8294,5.235,7.6479559999999935
120.0,-70.36754,4.056,6.109815999999995
130.0,-71.98552,2.83,4.491836000000006
140.0,-73.495735,1.746,2.981621000000004
150.0,-74.724014,0.918,1.7533420000000035
160.0,-75.63128,0.392,0.8460759999999965
170.0,-76.088486,0.207,0.38886999999999716
180.0,-76.47311,0.0,0.004245999999994865
-170.0,3.3703406,0.4,0.2552013999999998
-160.0,4.053991,1.016,0.9388517999999997
-150.0,4.9972677,1.89,1.8821284999999999
-140.0,5.95798,2.829,2.8428408
-130.0,6.6744847,3.58,3.5593454999999996
-120.0,6.914157,3.891,3.7990178
-110.0,6.5862417,3.607,3.4711025
-100.0,5.7999587,2.806,2.6848195
-90.0,4.808553,1.762,1.6934137999999996
-80.0,3.8871398,0.788,0.7720005999999997
-70.0,3.2671654,0.148,0.1520261999999999
-60.0,3.1174905,0.0,0.002351299999999945
-50.0,3.474344,0.432,0.35920479999999966
-40.0,4.2711964,1.357,1.1560571999999998
-30.0,5.287882,2.589,2.1727427999999995
-20.0,6.2885203,3.844,3.1733811
-10.0,7.0310373,4.791,3.9158981
0.0,7.311823,5.146,4.196683800000001
10.0,7.0316305,4.791,3.9164913
20.0,6.289029,3.846,3.1738898
30.0,5.287034,2.589,2.1718948
40.0,4.2713656,1.357,1.1562264
50.0,3.4752526,0.432,0.3601133999999999
60.0,3.1183512,0.002,0.0032119999999999926
70.0,3.2687624,0.148,0.15362319999999974
80.0,3.8894467,0.786,0.7743074999999999
90.0,4.811268,1.764,1.6961287999999999
100.0,5.7996655,2.806,2.6845262999999995
110.0,6.586044,3.605,3.4709048
120.0,6.9137526,3.889,3.7986133999999994
130.0,6.675035,3.58,3.5598958
140.0,5.9571104,2.827,2.8419712
150.0,4.9970574,1.89,1.8819181999999999
160.0,4.0530853,1.016,0.9379461
170.0,3.3709238,0.4,0.2557845999999997
180.0,3.1151392,0.178,0.0
-170.0,-5.3273463,0.149,0.24908169999999963
-160.0,-5.3543477,0.031,0.2220803
-150.0,-5.1867466,0.284,0.38968139999999973
-140.0,-4.7497354,0.803,0.8266926000000003
-130.0,-4.2035527,1.428,1.3728752999999996
-120.0,-3.4063852,2.007,2.1700428
-110.0,-2.3578124,2.549,3.2186156
-100.0,-1.1782336,3.138,4.3981943999999995
-90.0,-0.038165998,3.759,5.538262002
-80.0,-1.3078858,3.11,4.2685422
-70.0,-2.512206,2.456,3.064222
-60.0,-3.5370326,1.867,2.0393954
-50.0,-4.2250504,1.285,1.3513776000000002
-40.0,-4.701083,0.723,0.8753450000000003
-30.0,-5.0956388,0.25,0.48078920000000025
-20.0,-5.409699,0.0,0.16672900000000013
-10.0,-5.5752573,0.135,0.001170700000000302
0.0,-5.4700255,0.649,0.10640249999999973
10.0,-5.576428,0.133,0.0
20.0,-5.4086056,0.0,0.16782240000000037
30.0,-5.092671,0.25,0.48375699999999977
40.0,-4.7019587,0.723,0.8744693000000003
50.0,-4.223198,1.287,1.35323
60.0,-3.537126,1.867,2.0393019999999997
70.0,-2.5117688,2.456,3.0646592
80.0,-1.3083736,3.11,4.2680544000000005
90.0,-0.03878688,3.757,5.53764112
100.0,-1.1777695,3.136,4.3986585
110.0,-2.3549678,2.551,3.2214602
120.0,-3.4061158,2.007,2.1703122
130.0,-4.202646,1.43,1.3737820000000003
140.0,-4.746525,0.807,0.8299029999999998
150.0,-5.1900783,0.284,0.38634970000000024
160.0,-5.351717,0.031,0.2247110000000001
170.0,-5.330665,0.149,0.24576300000000018
180.0,-5.1536617,0.593,0.42276630000000015
-170.0,37.150967,2.818,5.332962000000002
-160.0,37.478615,2.922,5.660609999999998
-150.0,38.09181,3.186,6.273805000000003
-140.0,38.92203,3.634,7.104025
-130.0,39.958847,4.317,8.140842
-120.0,41.100353,5.232,9.282347999999999
-110.0,42.133102,6.194,10.315097000000002
-100.0,42.755524,6.997,10.937519000000002
-90.0,42.605827,7.33,10.787821999999998
-80.0,41.714462,6.922,9.896456999999998
-70.0,40.454807,5.93,8.636802000000003
-60.0,38.84358,4.672,7.0255750000000035
-50.0,37.098484,3.381,5.280479
-40.0,35.41092,2.215,3.592914999999998
-30.0,33.945137,1.28,2.127132000000003
-20.0,32.844433,0.59,1.0264280000000028
-10.0,32.10064,0.161,0.2826349999999991
0.0,31.818005,0.0,0.0
10.0,32.100643,0.161,0.2826379999999986
20.0,32.844433,0.59,1.0264280000000028
30.0,33.945137,1.28,2.127132000000003
40.0,35.41092,2.215,3.592914999999998
50.0,37.098484,3.381,5.280479
60.0,38.84358,4.672,7.0255750000000035
70.0,40.454807,5.93,8.636802000000003
80.0,41.714455,6.922,9.896450000000002
90.0,42.605827,7.33,10.787821999999998
100.0,42.75553,6.997,10.937525
110.0,42.133102,6.194,10.315097000000002
120.0,41.10036,5.232,9.282355000000003
130.0,39.958847,4.317,8.140842
140.0,38.92203,3.634,7.104025
150.0,38.09181,3.186,6.273805000000003
160.0,37.478615,2.922,5.660609999999998
170.0,37.151215,2.818,5.333210000000001
180.0,36.913837,2.736,5.0958320000000015
-170.0,-32.744873,0.626,0.16480299999999914
-160.0,-32.672108,0.628,0.237567999999996
-150.0,-32.41467,0.636,0.4950059999999965
-140.0,-32.07364,0.624,0.836036
-130.0,-31.802214,0.577,1.1074619999999982
-120.0,-31.717916,0.498,1.1917599999999986
-110.0,-31.905777,0.378,1.003898999999997
-100.0,-32.29682,0.226,0.6128560000000007
-90.0,-32.71528,0.074,0.19439599999999757
-80.0,-32.907673,0.0,0.00200299999999487
-70.0,-32.55343,0.163,0.35624599999999873
-60.0,-31.42339,0.705,1.4862859999999962
-50.0,-29.614693,1.634,3.2949829999999984
-40.0,-27.660635,2.786,5.249040999999998
-30.0,-26.122913,3.955,6.786762999999997
-20.0,-25.185978,4.908,7.723697999999999
-10.0,-24.771704,5.545,8.137971999999998
0.0,-24.889147,5.74,8.020528999999996
10.0,-24.772785,5.543,8.136890999999999
20.0,-25.18502,4.908,7.724655999999996
30.0,-26.122255,3.955,6.787420999999998
40.0,-27.659548,2.788,5.250127999999997
50.0,-29.616426,1.632,3.293249999999997
60.0,-31.422668,0.707,1.4870079999999959
70.0,-32.55341,0.163,0.356265999999998
80.0,-32.909676,0.0,0.0
90.0,-32.71348,0.072,0.19619600000000048
100.0,-32.294827,0.226,0.6148489999999995
110.0,-31.906485,0.376,1.0031909999999975
120.0,-31.71821,0.498,1.1914659999999984
130.0,-31.802834,0.577,1.1068419999999968
140.0,-32.074284,0.622,0.8353919999999988
150.0,-32.41494,0.636,0.49473599999999607
160.0,-32.673294,0.628,0.23638199999999898
170.0,-32.744442,0.626,0.1652339999999981
180.0,-32.61996,0.634,0.28971599999999853
-170.0,5.266626,0.449,0.2662692999999994
-160.0,5.9556556,1.011,0.9552988999999998
-150.0,6.9016123,1.811,1.9012555999999998
-140.0,7.869015,2.666,2.8686583
-130.0,8.594137,3.349,3.5937802999999997
-120.0,8.840097,3.627,3.8397403
-110.0,8.512693,3.345,3.5123363000000003
-100.0,7.7254357,2.58,2.725079
-90.0,6.7244797,1.596,1.7241229999999996
-80.0,5.801731,0.682,0.8013743
-70.0,5.177973,0.104,0.1776162999999995
-60.0,5.0269213,0.002,0.026564599999999494
-50.0,5.3911104,0.463,0.3907536999999994
-40.0,6.176944,1.388,1.1765872999999996
-30.0,7.1822963,2.602,2.1819395999999998
-20.0,8.192907,3.835,3.1925502999999997
-10.0,8.945722,4.765,3.9453652999999997
0.0,9.217054,5.113,4.216697299999999
10.0,8.946674,4.765,3.9463172999999996
20.0,8.192494,3.835,3.1921372999999997
30.0,7.1842227,2.604,2.183866
40.0,6.1775494,1.39,1.1771927
50.0,5.3901258,0.461,0.38976909999999965
60.0,5.026237,0.0,0.025880299999999856
70.0,5.1785975,0.104,0.1782408000000002
80.0,5.8009253,0.68,0.8005686000000001
90.0,6.72303,1.598,1.7226732999999994
100.0,7.728038,2.582,2.7276812999999995
110.0,8.514178,3.345,3.513821299999999
120.0,8.839921,3.625,3.8395643
130.0,8.595945,3.349,3.5955883
140.0,7.869186,2.666,2.8688293
150.0,6.89833,1.809,1.8979732999999994
160.0,5.955998,1.011,0.9556412999999999
170.0,5.2666235,0.447,0.26626679999999947
180.0,5.0003567,0.245,0.0
-170.0,-121.081345,1.857,3.7466500000000025
-160.0,-121.655106,1.467,3.172888999999998
-150.0,-122.27028,1.201,2.5577150000000017
-140.0,-122.92753,0.978,1.900464999999997
-130.0,-123.566505,0.809,1.261489999999995
-120.0,-124.13329,0.606,0.694704999999999
-110.0,-124.52466,0.32,0.30333500000000413
-100.0,-124.75145,0.042,0.07654499999999587
-90.0,-124.827995,0.022,0.0
-80.0,-124.60514,0.461,0.22285499999999558
-70.0,-122.627495,0.958,2.2005000000000052
-60.0,-122.47225,0.852,2.355744999999999
-50.0,-121.93186,1.249,2.896135000000001
-40.0,-121.06373,2.163,3.7642649999999946
-30.0,-120.00919,3.508,4.818804999999998
-20.0,-118.98039,5.083,5.8476050000000015
-10.0,-118.22568,6.608,6.602315000000004
0.0,-117.977234,7.758,6.850761000000006
10.0,-118.22654,6.608,6.601455000000001
20.0,-118.98077,5.083,5.847224999999995
30.0,-120.00943,3.508,4.818565000000007
40.0,-121.069016,2.163,3.7589789999999965
50.0,-121.92902,1.247,2.898975000000007
60.0,-122.47644,0.852,2.3515550000000047
70.0,-122.62991,0.958,2.198085000000006
80.0,-124.603096,0.461,0.22489900000000773
90.0,-124.82632,0.022,0.0016750000000058662
100.0,-124.74985,0.044,0.07814500000000635
110.0,-124.52326,0.322,0.30473500000000797
120.0,-124.134476,0.606,0.6935189999999949
130.0,-123.56692,0.811,1.2610750000000053
140.0,-122.92633,0.978,1.9016650000000084
150.0,-122.27502,1.201,2.5529750000000035
160.0,-121.65712,1.467,3.1708749999999952
170.0,-121.07934,1.857,3.7486549999999994
180.0,-120.52951,2.434,4.2984849999999994
-170.0,-76.52749,0.209,0.3000300000000067
-160.0,-75.95594,0.74,0.8715800000000087
-150.0,-75.16179,1.562,1.6657300000000106
-140.0,-74.02557,2.59,2.801950000000005
-130.0,-72.53649,3.717,4.291030000000006
-120.0,-70.75531,4.808,6.0722100000000125
-110.0,-68.79398,5.749,8.033540000000002
-100.0,-66.813126,6.506,10.01439400000001
-90.0,-64.31521,6.822,12.512310000000014
-80.0,-64.33903,6.681,12.488490000000013
-70.0,-65.16071,6.427,11.666810000000012
-60.0,-66.41743,6.161,10.410090000000011
-50.0,-68.3289,5.812,8.498620000000003
-40.0,-70.65441,5.417,6.173110000000008
-30.0,-72.70113,5.132,4.126390000000001
-20.0,-74.201614,5.341,2.6259060000000005
-10.0,-76.27845,5.794,0.5490700000000004
0.0,-75.8631,5.794,0.964420000000004
10.0,-76.27845,5.794,0.5490700000000004
20.0,-74.201614,5.341,2.6259060000000005
30.0,-72.70113,5.132,4.126390000000001
40.0,-70.65441,5.417,6.173110000000008
50.0,-68.3289,5.812,8.498620000000003
60.0,-66.41743,6.161,10.410090000000011
70.0,-65.16071,6.427,11.666810000000012
80.0,-64.33903,6.681,12.488490000000013
90.0,-64.31521,6.822,12.512310000000014
100.0,-66.813126,6.506,10.01439400000001
110.0,-68.79398,5.749,8.033540000000002
120.0,-70.75531,4.808,6.0722100000000125
130.0,-72.53649,3.717,4.291030000000006
140.0,-74.02558,2.59,2.801940000000002
150.0,-75.16177,1.562,1.6657500000000027
160.0,-75.95594,0.74,0.8715800000000087
170.0,-76.52749,0.209,0.3000300000000067
180.0,-76.82752,0.0,0.0
-170.0,17.048843,0.0,0.0
-160.0,17.391407,0.101,0.3425639999999994
-150.0,18.008413,0.387,0.9595699999999994
-140.0,18.903494,0.892,1.854650999999997
-130.0,20.02852,1.594,2.979676999999999
-120.0,21.292597,2.451,4.243753999999999
-110.0,22.491177,3.371,5.442333999999999
-100.0,23.348274,4.053,6.2994309999999984
-90.0,23.683613,4.322,6.63477
-80.0,23.381788,4.075,6.332944999999999
-70.0,22.53013,3.396,5.481286999999998
-60.0,21.3418,2.468,4.292956999999998
-50.0,20.076557,1.628,3.0277139999999996
-40.0,18.942747,0.906,1.8939039999999991
-30.0,18.058239,0.406,1.0093959999999988
-20.0,17.52824,0.192,0.47939699999999874
-10.0,17.337826,0.245,0.2889829999999982
0.0,17.22191,0.319,0.17306699999999964
10.0,17.33783,0.245,0.2889869999999988
20.0,17.52824,0.192,0.47939699999999874
30.0,18.05824,0.406,1.0093969999999999
40.0,18.942749,0.906,1.8939059999999976
50.0,20.076557,1.628,3.0277139999999996
60.0,21.3418,2.468,4.292956999999998
70.0,22.53013,3.396,5.481286999999998
80.0,23.381792,4.075,6.332948999999999
90.0,23.683609,4.322,6.634765999999999
100.0,23.348274,4.053,6.2994309999999984
110.0,22.491177,3.371,5.442333999999999
120.0,21.292593,2.451,4.243749999999999
130.0,20.028517,1.594,2.9796739999999993
140.0,18.903494,0.892,1.854650999999997
150.0,18.008413,0.387,0.9595699999999994
160.0,17.391401,0.101,0.3425579999999968
170.0,17.048843,0.0,0.0
180.0,17.05285,0.235,0.004006999999997873
-170.0,24.862103,2.916,4.716509000000002
-160.0,22.28508,1.505,2.1394860000000016
-150.0,20.749638,0.481,0.6040440000000018
-140.0,20.145594,0.004,0.0
-130.0,20.264606,0.068,0.11901200000000145
-120.0,20.87155,0.545,0.725956
-110.0,21.674765,1.173,1.5291710000000016
-100.0,22.365479,1.689,2.2198850000000014
-90.0,22.631283,1.878,2.4856890000000007
-80.0,22.322912,1.667,2.1773179999999996
-70.0,21.60775,1.116,1.4621560000000002
-60.0,20.793724,0.478,0.6481300000000019
-50.0,20.20763,0.024,0.062036000000002645
-40.0,20.174555,0.049,0.028961000000002457
-30.0,20.89956,0.617,0.7539660000000019
-20.0,22.490849,1.696,2.3452550000000016
-10.0,24.90418,3.053,4.758586000000001
0.0,27.828197,4.196,7.682603
10.0,24.908886,3.059,4.763292
20.0,22.489574,1.69,2.343980000000002
30.0,20.902367,0.619,0.7567730000000026
40.0,20.17541,0.049,0.029816000000000287
50.0,20.206144,0.028,0.060549999999999216
60.0,20.793852,0.478,0.648258000000002
70.0,21.606958,1.116,1.4613639999999997
80.0,22.32147,1.669,2.1758760000000024
90.0,22.631886,1.878,2.4862920000000024
100.0,22.365158,1.695,2.219564000000002
110.0,21.672916,1.173,1.5273220000000016
120.0,20.871895,0.543,0.7263009999999994
130.0,20.264467,0.066,0.11887300000000067
140.0,20.14726,0.0,0.0016660000000001673
150.0,20.751345,0.483,0.6057510000000015
160.0,22.289978,1.507,2.1443840000000023
170.0,24.864391,2.92,4.718797000000002
180.0,28.046432,4.132,7.900838
-170.0,35.938816,6.203,8.854166000000003
-160.0,36.225124,6.345,9.140474000000001
-150.0,36.68826,6.631,9.60361
-140.0,37.31658,7.055,10.231930000000002
-130.0,37.999447,7.488,10.914797000000004
-120.0,38.495567,7.917,11.410917000000001
-110.0,38.78903,8.286,11.704379999999997
-100.0,38.73216,8.405,11.64751
-90.0,38.129658,8.079,11.045008
-80.0,36.91439,7.239,9.829739999999997
-70.0,35.28616,6.021,8.201510000000003
-60.0,33.511208,4.639,6.4265580000000035
-50.0,31.8076,3.288,4.722950000000001
-40.0,30.270395,2.121,3.1857450000000007
-30.0,28.987028,1.192,1.9023779999999988
-20.0,27.99955,0.526,0.9148999999999994
-10.0,27.329731,0.135,0.245080999999999
0.0,27.08465,0.0,0.0
10.0,27.326664,0.135,0.24201400000000106
20.0,28.004108,0.526,0.9194579999999988
30.0,28.98317,1.192,1.8985200000000013
40.0,30.268969,2.121,3.1843189999999986
50.0,31.810791,3.29,4.726140999999998
60.0,33.511925,4.639,6.427274999999998
70.0,35.285126,6.021,8.200475999999998
80.0,36.915688,7.239,9.831038000000003
90.0,38.135468,8.081,11.050818000000003
100.0,38.735836,8.407,11.651186
110.0,38.78844,8.284,11.703790000000001
120.0,38.49713,7.917,11.412479999999999
130.0,37.996048,7.49,10.911398000000002
140.0,37.315258,7.055,10.230608
150.0,36.68801,6.631,9.603359999999999
160.0,36.223957,6.343,9.139306999999999
170.0,35.93705,6.203,8.8524
180.0,35.811413,6.16,8.726763000000002
-170.0,3.2996817,2.266,0.9488346999999999
-160.0,3.0466058,1.727,0.6957588000000001
-150.0,2.7845652,1.113,0.43371819999999994
-140.0,2.5552247,0.554,0.20437770000000022
-130.0,2.4008555,0.158,0.05000850000000012
-120.0,2.350847,0.0,0.0
-110.0,2.4040606,0.105,0.053213600000000305
-100.0,2.5639837,0.462,0.21313670000000018
-90.0,2.781062,0.987,0.430215
-80.0,3.039278,1.59,0.688431
-70.0,3.2863102,2.146,0.9354632
-60.0,3.5320768,2.533,1.1812298
-50.0,3.7264688,2.619,1.3756218000000002
-40.0,3.8153732,2.334,1.4645262
-30.0,3.7482045,1.748,1.3973575
-20.0,3.623271,1.057,1.272424
-10.0,3.5154512,0.555,1.1646042000000003
0.0,3.496899,0.374,1.146052
10.0,3.5772116,0.466,1.2263646000000001
20.0,3.7250972,0.808,1.3742502
30.0,3.8686965,1.351,1.5178495
40.0,3.934253,1.981,1.583406
50.0,3.882101,2.419,1.5312540000000001
60.0,3.8076508,2.577,1.4568037999999999
70.0,3.8236284,2.502,1.4727814000000001
80.0,3.890272,2.176,1.539425
90.0,3.8754988,1.602,1.5246518
100.0,3.7564743,1.012,1.4056273
110.0,3.6022935,0.587,1.2514465000000001
120.0,3.510708,0.38,1.1598610000000003
130.0,3.5303793,0.444,1.1795323
140.0,3.6592605,0.814,1.3084135
150.0,3.8192883,1.485,1.4684413000000003
160.0,3.9029162,2.158,1.5520692
170.0,3.8019984,2.572,1.4511514
180.0,3.574115,2.589,1.223268
-170.0,3.429929,0.26,0.24946279999999987
-160.0,4.092089,0.949,0.9116227999999995
-150.0,4.9849467,1.903,1.8044805
-140.0,5.855583,2.885,2.6751168
-130.0,6.490984,3.648,3.3105178
-120.0,6.705638,3.928,3.5251718000000003
-110.0,6.451238,3.622,3.2707718
-100.0,5.794672,2.857,2.6142058
-90.0,4.9148154,1.869,1.7343492
-80.0,4.044641,0.927,0.8641748000000002
-70.0,3.4089646,0.252,0.22849839999999988
-60.0,3.181986,0.0,0.001519800000000071
-50.0,3.436938,0.251,0.2564717999999999
-40.0,4.087156,0.929,0.9066898000000001
-30.0,4.960491,1.872,1.7800248
-20.0,5.823803,2.856,2.6433367999999997
-10.0,6.4707375,3.633,3.2902713
0.0,6.707631,3.933,3.5271648
10.0,6.47136,3.631,3.2908937999999996
20.0,5.826867,2.86,2.6464008
30.0,4.961102,1.872,1.7806358000000002
40.0,4.0890074,0.929,0.9085411999999997
50.0,3.4366236,0.251,0.25615739999999976
60.0,3.1804662,0.002,0.0
70.0,3.408652,0.252,0.22818579999999988
80.0,4.046871,0.929,0.8664048000000002
90.0,4.9134564,1.869,1.7329902000000001
100.0,5.78851,2.853,2.6080437999999995
110.0,6.4492145,3.624,3.2687483
120.0,6.7049303,3.93,3.5244641
130.0,6.490324,3.646,3.3098578
140.0,5.856811,2.885,2.6763448000000003
150.0,4.982513,1.901,1.8020467999999998
160.0,4.0931168,0.951,0.9126505999999996
170.0,3.4287255,0.26,0.24825929999999996
180.0,3.1829777,0.003,0.002511499999999778
-170.0,-7.451021,2.216,3.9688849999999993
-160.0,-7.414161,1.79,4.005744999999999
-150.0,-7.19223,1.457,4.227675999999999
-140.0,-7.0347614,1.18,4.385144599999999
-130.0,-7.743246,0.921,3.676659999999999
-120.0,-8.668317,0.625,2.751588999999999
-110.0,-9.571837,0.36,1.8480689999999989
-100.0,-10.419387,0.154,1.0005189999999988
-90.0,-11.122822,0.012,0.2970839999999999
-80.0,-11.419489,0.0,0.00041699999999877946
-70.0,-10.862017,0.3,0.5578889999999994
-60.0,-9.172733,1.176,2.247173
-50.0,-6.7929854,2.607,4.626920599999999
-40.0,-4.7139373,4.118,6.705968699999999
-30.0,-3.0634944,5.023,8.3564116
-20.0,-1.9230306,5.692,9.496875399999999
-10.0,-1.1749287,6.15,10.244977299999999
0.0,-0.8941793,6.372,10.5257267
10.0,-1.176355,6.148,10.243551
20.0,-1.9209241,5.694,9.498981899999999
30.0,-3.06842,5.023,8.351486
40.0,-4.7150226,4.116,6.704883399999999
50.0,-6.7907996,2.611,4.6291063999999995
60.0,-9.169779,1.178,2.250126999999999
70.0,-10.856676,0.302,0.563229999999999
80.0,-11.419906,0.0,0.0
90.0,-11.120524,0.012,0.2993819999999996
100.0,-10.418631,0.154,1.0012749999999997
110.0,-9.574715,0.36,1.8451909999999998
120.0,-8.669031,0.625,2.750874999999999
130.0,-7.7441444,0.921,3.6757615999999995
140.0,-7.0346465,1.18,4.385259499999999
150.0,-7.194467,1.457,4.225438999999999
160.0,-7.4160004,1.79,4.0039055999999995
170.0,-7.4510937,2.216,3.968812299999999
180.0,-7.2794666,2.75,4.140439399999999
-170.0,-154.10655,1.903,3.1794000000000153
-160.0,-154.2196,2.015,3.06635
-150.0,-154.24774,2.285,3.0382100000000207
-140.0,-153.89214,2.749,3.393810000000002
-130.0,-153.06393,3.44,4.222020000000015
-120.0,-151.75024,4.36,5.535710000000023
-110.0,-150.08588,5.463,7.200070000000011
-100.0,-148.16325,6.647,9.122700000000009
-90.0,-150.03918,7.554,7.246770000000026
-80.0,-150.97353,5.481,6.312420000000003
-70.0,-152.53242,4.001,4.753530000000012
-60.0,-153.92268,2.719,3.36327
-50.0,-155.0701,1.696,2.2158500000000174
-40.0,-155.9821,0.929,1.3038500000000113
-30.0,-156.66112,0.401,0.6248300000000029
-20.0,-157.12733,0.082,0.1586200000000133
-10.0,-157.28595,0.0,0.0
0.0,-157.17262,0.028,0.11333000000001903
10.0,-157.27985,0.002,0.006100000000003547
20.0,-157.12679,0.082,0.15916000000001418
30.0,-156.66354,0.401,0.6224100000000021
40.0,-155.97893,0.929,1.3070200000000227
50.0,-155.06853,1.696,2.217420000000004
60.0,-153.92168,2.719,3.3642700000000048
70.0,-152.54317,4.001,4.74278000000001
80.0,-150.97191,5.481,6.314040000000006
90.0,-150.03183,7.554,7.25412
100.0,-148.16478,6.647,9.121170000000006
110.0,-150.084,5.463,7.201950000000011
120.0,-151.74869,4.36,5.537260000000003
130.0,-153.0604,3.44,4.225550000000027
140.0,-153.88431,2.749,3.4016400000000147
150.0,-154.24983,2.285,3.036120000000011
160.0,-154.22084,2.015,3.065110000000004
170.0,-154.10498,1.903,3.180970000000002
180.0,-156.0227,2.326,1.2632500000000277
-170.0,-16.623686,0.107,0.41476000000000113
-160.0,-16.052029,1.148,0.9864169999999994
-150.0,-15.153273,2.889,1.885173
-140.0,-14.005376,5.12,3.0330700000000004
-130.0,-12.637814,7.509,4.400632
-120.0,-11.181274,9.721,5.857172
-110.0,-9.8029,11.55,7.235546000000001
-100.0,-8.557975,12.808,8.480471
-90.0,-7.598159,13.448,9.440287000000001
-80.0,-6.9694505,13.546,10.0689955
-70.0,-7.2911096,13.479,9.7473364
-60.0,-7.2519436,12.183,9.7865024
-50.0,-7.5049143,10.918,9.533531700000001
-40.0,-7.7969966,9.707,9.2414494
-30.0,-8.08889,8.715,8.949556000000001
-20.0,-8.355041,8.015,8.683405
-10.0,-8.524524,7.616,8.513922
0.0,-8.722637,7.475,8.315809
10.0,-8.525097,7.616,8.513349
20.0,-8.3552065,8.013,8.6832395
30.0,-8.090424,8.713,8.948022
40.0,-7.7967787,9.709,9.2416673
50.0,-7.5046287,10.92,9.5338173
60.0,-7.2495027,12.183,9.7889433
70.0,-7.290518,13.477,9.747928000000002
80.0,-6.9685364,13.546,10.0699096
90.0,-7.597628,13.448,9.440818
100.0,-8.559201,12.808,8.479245
110.0,-9.803288,11.548,7.235158
120.0,-11.182507,9.721,5.855939000000001
130.0,-12.637291,7.507,4.401155000000001
140.0,-14.0034895,5.122,3.0349565
150.0,-15.151073,2.889,1.8873730000000002
160.0,-16.053082,1.144,0.9853640000000006
170.0,-16.625505,0.107,0.412941
180.0,-17.038446,0.0,0.0
-170.0,-7.489225,2.875,0.34016799999999936
-160.0,-7.3130217,3.274,0.5163712999999994
-150.0,-7.0318885,3.748,0.7975044999999996
-140.0,-6.6977735,4.109,1.1316194999999993
-130.0,-6.412673,4.197,1.4167199999999998
-120.0,-6.2897525,3.909,1.5396405
-110.0,-6.368153,3.25,1.4612399999999992
-100.0,-6.6583505,2.332,1.1710424999999995
-90.0,-7.087902,1.326,0.7414909999999999
-80.0,-7.512346,0.465,0.31704699999999963
-70.0,-7.786503,0.0,0.04288999999999987
-60.0,-7.828895,0.163,0.0004979999999994433
-50.0,-7.5907025,0.924,0.2386904999999997
-40.0,-7.152883,2.18,0.6765099999999995
-30.0,-6.6047273,3.756,1.2246656999999992
-20.0,-6.042105,5.329,1.7872879999999993
-10.0,-5.560786,6.565,2.2686069999999994
0.0,-5.1878767,7.214,2.6415162999999993
10.0,-5.561398,6.565,2.267995
20.0,-6.0449305,5.327,1.7844624999999992
30.0,-6.6024,3.76,1.2269929999999993
40.0,-7.152954,2.18,0.6764389999999993
50.0,-7.5896463,0.924,0.23974669999999954
60.0,-7.829393,0.163,0.0
70.0,-7.787193,0.0,0.04219999999999935
80.0,-7.5168304,0.465,0.3125625999999997
90.0,-7.0858655,1.326,0.7435274999999999
100.0,-6.6579156,2.33,1.1714773999999997
110.0,-6.3664036,3.25,1.4629893999999997
120.0,-6.290023,3.909,1.53937
130.0,-6.413357,4.195,1.4160359999999992
140.0,-6.699338,4.109,1.1300549999999996
150.0,-7.030938,3.748,0.7984549999999997
160.0,-7.311576,3.274,0.517817
170.0,-7.4919868,2.873,0.3374061999999993
180.0,-7.468558,2.692,0.3608349999999998
-170.0,20.540255,0.143,0.25744100000000003
-160.0,21.095089,0.455,0.8122750000000032
-150.0,21.98459,0.993,1.7017760000000024
-140.0,23.149641,1.749,2.8668270000000007
-130.0,24.533424,2.675,4.250610000000002
-120.0,26.012608,3.689,5.729794000000002
-110.0,27.404575,4.714,7.121761000000003
-100.0,28.44522,5.504,8.162406
-90.0,28.869478,5.799,8.586664000000003
-80.0,28.525486,5.522,8.242672000000002
-70.0,27.53095,4.769,7.248136000000002
-60.0,26.167484,3.761,5.884670000000003
-50.0,24.647144,2.766,4.3643300000000025
-40.0,23.220104,1.82,2.937290000000001
-30.0,21.995796,1.035,1.7129820000000002
-20.0,21.108255,0.471,0.8254410000000014
-10.0,20.638193,0.186,0.3553790000000028
0.0,20.282814,0.0,0.0
10.0,20.638193,0.186,0.3553790000000028
20.0,21.108255,0.471,0.8254410000000014
30.0,21.995796,1.035,1.7129820000000002
40.0,23.220104,1.82,2.937290000000001
50.0,24.647144,2.766,4.3643300000000025
60.0,26.16749,3.761,5.8846760000000025
70.0,27.53095,4.769,7.248136000000002
80.0,28.525486,5.522,8.242672000000002
90.0,28.869478,5.799,8.586664000000003
100.0,28.44522,5.504,8.162406
110.0,27.404575,4.714,7.121761000000003
120.0,26.012604,3.689,5.729790000000001
130.0,24.53342,2.675,4.250606000000001
140.0,23.149641,1.749,2.8668270000000007
150.0,21.98459,0.993,1.7017760000000024
160.0,21.095085,0.455,0.8122710000000026
170.0,20.540255,0.143,0.25744100000000003
180.0,20.285109,0.003,0.002295000000000158
-170.0,-6.109005,0.057,0.2945790000000006
-160.0,-5.711925,0.34,0.6916590000000005
-150.0,-5.0276275,0.818,1.3759565
-140.0,-4.040917,1.511,2.362667
-130.0,-2.8061252,2.372,3.5974588000000005
-120.0,-1.4522116,3.457,4.9513724
-110.0,-0.15195194,4.519,6.25163206
-100.0,0.83121854,5.321,7.2348025400000004
-90.0,1.2621197,5.672,7.6657037
-80.0,0.93588865,5.472,7.33947265
-70.0,-0.013730515,4.796,6.389853485000001
-60.0,-1.295299,3.849,5.108285
-50.0,-2.6922157,2.847,3.7113683
-40.0,-4.025422,1.98,2.3781620000000006
-30.0,-5.1467414,1.325,1.2568426000000006
-20.0,-5.942994,0.949,0.4605900000000007
-10.0,-6.298342,0.877,0.1052420000000005
0.0,-6.403584,0.947,0.0
10.0,-6.2983403,0.877,0.10524370000000083
20.0,-5.942994,0.949,0.4605900000000007
30.0,-5.1467414,1.325,1.2568426000000006
40.0,-4.0254197,1.98,2.378164300000001
50.0,-2.6922157,2.847,3.7113683
60.0,-1.295299,3.849,5.108285
70.0,-0.013730515,4.796,6.389853485000001
80.0,0.93588775,5.472,7.33947175
90.0,1.2621187,5.672,7.665702700000001
100.0,0.8312195,5.321,7.2348035
110.0,-0.15195103,4.517,6.25163297
120.0,-1.4522126,3.457,4.9513714
130.0,-2.8061252,2.372,3.5974588000000005
140.0,-4.040917,1.511,2.362667
150.0,-5.0276275,0.818,1.3759565
160.0,-5.711925,0.34,0.6916590000000005
170.0,-6.109005,0.057,0.2945790000000006
180.0,-6.1625214,0.0,0.24106260000000024
-170.0,-86.51825,1.331,2.4734300000000076
-160.0,-85.836296,1.328,3.155383999999998
-150.0,-84.86044,1.379,4.131240000000005
-140.0,-83.603424,1.525,5.388255999999998
-130.0,-82.18482,1.764,6.80686
-120.0,-80.69082,2.078,8.30086
-110.0,-79.168785,2.45,9.822895000000003
-100.0,-77.78516,2.856,11.206519999999998
-90.0,-76.76622,3.23,12.225459999999998
-80.0,-78.24155,3.093,10.750129999999999
-70.0,-80.77049,2.495,8.221190000000007
-60.0,-82.84543,1.874,6.146250000000009
-50.0,-84.697914,1.272,4.293766000000005
-40.0,-86.26861,0.756,2.723070000000007
-30.0,-87.50773,0.375,1.4839500000000072
-20.0,-88.24799,0.189,0.7436900000000009
-10.0,-88.72006,0.084,0.27161999999999864
0.0,-88.99168,0.0,0.0
10.0,-88.72006,0.084,0.27161999999999864
20.0,-88.24799,0.189,0.7436900000000009
30.0,-87.50773,0.375,1.4839500000000072
40.0,-86.26861,0.756,2.723070000000007
50.0,-84.697914,1.272,4.293766000000005
60.0,-82.84543,1.874,6.146250000000009
70.0,-80.77049,2.495,8.221190000000007
80.0,-78.24155,3.093,10.750129999999999
90.0,-76.76622,3.23,12.225459999999998
100.0,-77.78516,2.856,11.206519999999998
110.0,-79.168785,2.45,9.822895000000003
120.0,-80.69085,2.078,8.300830000000005
130.0,-82.18482,1.764,6.80686
140.0,-83.603424,1.525,5.388255999999998
150.0,-84.86044,1.379,4.131240000000005
160.0,-85.836296,1.328,3.155383999999998
170.0,-86.51825,1.331,2.4734300000000076
180.0,-87.086044,1.176,1.9056360000000012
