scan,Reference Energy,resff_relative_energy,wb97m_relative_energy
-170,0.057,0,0.0237195
-160,0.34,0.103515625,0.2403325
-150,0.818,0.3798828,0.643815
-140,1.511,0.8935547,1.27577025
-130,2.372,1.578125,2.09290075
-120,3.457,2.3242188,3.0045955
-110,4.519,2.9228516,3.8652745
-100,5.321,3.3613281,4.53211875
-90,5.672,3.4853516,4.8155605
-80,5.472,3.352539,4.63095
-70,4.796,3.0419922,4.084021
-60,3.849,2.5595703,3.312698
-50,2.847,1.9667969,2.482139
-40,1.98,1.3818359,1.748717
-30,1.325,0.87402344,1.1775665
-20,0.949,0.58496094,0.86093
-10,0.877,0.5410156,0.811232
0,0.947,0.59375,0.86751875
10,0.877,0.5410156,0.811232
20,0.949,0.58496094,0.86099275
30,1.325,0.87402344,1.1775665
40,1.98,1.3818359,1.748717
50,2.847,1.9677734,2.482139
60,3.849,2.5585938,3.312698
70,4.796,3.0429688,4.08408375
80,5.472,3.3535156,4.6308245
90,5.672,3.4853516,4.815686
100,5.321,3.3603516,4.532056
110,4.517,2.9228516,3.86533725
120,3.457,2.3242188,3.0045955
130,2.372,1.578125,2.09290075
140,1.511,0.8935547,1.27577025
150,0.818,0.3798828,0.643815
160,0.34,0.103515625,0.24039525
170,0.057,0,0.0237195
180,0,0.028320312,0
-170,0.264,0.234375,0.24114825
-160,1.006,0.8574219,0.89663475
-150,2.2,1.8554688,1.94832475
-140,3.764,3.1689453,3.3276325
-130,5.599,4.6816406,4.90673625
-120,7.556,6.2578125,6.55668475
-110,9.425,7.6621094,8.0755485
-100,10.998,8.760742,9.31304125
-90,11.996,9.446289,10.0991105
-80,12.314,9.748047,10.35626
-70,12.006,9.797852,10.211433
-60,11.371,9.498047,9.8395765
-50,10.762,8.96875,9.44669875
-40,10.322,8.547852,9.16959475
-30,10.124,8.373047,9.09203575
-20,10.168,8.463867,9.231027
-10,10.378,8.696289,9.492569
0,10.392,8.603516,9.42762275
10,10.374,8.689453,9.48271725
20,10.166,8.4609375,9.23071325
30,10.124,8.373047,9.0910945
40,10.324,8.545898,9.1704105
50,10.764,8.967773,9.44795375
60,11.371,9.498047,9.8395765
70,12.004,9.793945,10.2080445
80,12.312,9.744141,10.35481675
90,11.996,9.446289,10.098985
100,10.996,8.763672,9.31002925
110,9.427,7.6572266,8.07699175
120,7.558,6.2617188,6.55919475
130,5.605,4.6933594,4.91087775
140,3.766,3.1738281,3.32844825
150,2.2,1.8544922,1.9493915
160,1.002,0.85058594,0.89512875
170,0.26,0.23144531,0.23738325
180,0,0,0
-170,0.147,0.119140625,0.1469605
-160,0.593,0.49609375,0.58150425
-150,1.366,1.1582031,1.30287825
-140,2.461,2.1030273,2.30173275
-130,3.861,3.3164062,3.54719475
-120,5.51,4.7631836,4.998665
-110,7.315,6.355957,6.556622
-100,9.152,8.055176,8.042291
-90,10.677,9.347168,9.037506
-80,9.809,9.078613,8.85383675
-70,8.066,7.8203125,7.5815805
-60,6.27,6.2773438,6.08543225
-50,4.688,4.7348633,4.67167475
-40,3.516,3.322754,3.47038875
-30,2.591,2.1699219,2.5256875
-20,1.912,1.3149414,1.8351865
-10,1.491,0.75146484,1.400831
0,1.344,0.49951172,1.247721
10,1.491,0.75146484,1.400831
20,1.912,1.3144531,1.8351865
30,2.591,2.1704102,2.5256875
40,3.516,3.322754,3.47038875
50,4.688,4.7353516,4.67167475
60,6.27,6.2773438,6.08543225
70,8.066,7.820801,7.5815805
80,9.809,9.078613,8.8538995
90,10.677,9.347168,9.037506
100,9.152,8.055176,8.042291
110,7.315,6.355957,6.556622
120,5.51,4.765625,4.998665
130,3.861,3.3164062,3.54719475
140,2.461,2.1020508,2.30173275
150,1.366,1.1582031,1.30287825
160,0.593,0.49609375,0.58150425
170,0.147,0.118652344,0.1469605
180,0,0,0
-170,0.152,0.1015625,0.136795
-160,0.123,0.002929688,0.0633775
-150,0.338,0.14355469,0.22081725
-140,0.808,0.57421875,0.648835
-130,1.496,1.2470703,1.29861125
-120,2.374,2.0703125,2.09290075
-110,3.375,2.7998047,2.8846175
-100,4.15,3.319336,3.48231125
-90,4.445,3.4980469,3.71229
-80,4.159,3.3046875,3.51149
-70,3.395,2.772461,2.90463475
-60,2.394,2.0576172,2.11436125
-50,1.506,1.2373047,1.3058275
-40,0.802,0.5576172,0.64400325
-30,0.328,0.1328125,0.21404025
-20,0.145,0.024414062,0.08151225
-10,0.233,0.21484375,0.22771975
0,0.337,0.37890625,0.36489125
10,0.233,0.21191406,0.22784525
20,0.145,0.029296875,0.0862185
30,0.328,0.13476562,0.2134755
40,0.802,0.5605469,0.646576
50,1.506,1.2382812,1.3065805
60,2.396,2.0625,2.1178125
70,3.393,2.7695312,2.90325425
80,4.157,3.2998047,3.50791325
90,4.443,3.493164,3.708776
100,4.152,3.3251953,3.48557425
110,3.377,2.8027344,2.88568425
120,2.374,2.0683594,2.092336
130,1.496,1.2529297,1.30018
140,0.808,0.5722656,0.64864675
150,0.338,0.14648438,0.22395475
160,0.123,0,0.06118125
170,0.152,0.11035156,0.13811275
180,0,0.000976563,0
-170,0.279,0.28027344,0.211593
-160,0.863,0.93066406,0.68617125
-150,1.742,1.8886719,1.43465325
-140,2.854,3.0429688,2.44179075
-130,4.093,4.3222656,3.641508
-120,5.295,5.616211,4.89519025
-110,6.318,6.9335938,6.05619075
-100,7.13,8.199219,7.02756075
-90,7.82,10.518555,7.4016135
-80,7.667,10.762695,7.27190925
-70,7.548,10.78418,7.19334625
-60,7.503,10.8046875,7.17966675
-50,7.541,10.865234,7.24329525
-40,7.639,10.831055,7.34093425
-30,7.79,10.731445,7.47496825
-20,8.144,10.703125,7.65857475
-10,8.72,10.759766,7.85711575
0,9.215,10.832031,8.0421655
10,8.72,10.759766,7.85711575
20,8.144,10.704102,7.65857475
30,7.79,10.731445,7.47496825
40,7.639,10.832031,7.34093425
50,7.541,10.865234,7.24329525
60,7.503,10.8046875,7.179604
70,7.548,10.78418,7.19334625
80,7.667,10.762695,7.27190925
90,7.82,10.519531,7.40042125
100,7.13,8.199219,7.02756075
110,6.318,6.9375,6.05619075
120,5.295,5.616211,4.89519025
130,4.093,4.3222656,3.641508
140,2.854,3.0429688,2.44179075
150,1.742,1.8857422,1.43465325
160,0.863,0.93066406,0.68617125
170,0.279,0.27929688,0.211593
180,0,0,0
-170,0.124,0.17089844,0.10397675
-160,0.504,0.6113281,0.398839
-150,1.136,1.2841797,0.885528
-140,2.014,2.1484375,1.58261775
-130,3.081,3.0917969,2.4257895
-120,4.271,4.0351562,3.3539875
-110,5.434,4.8984375,4.2563325
-100,6.368,5.5996094,4.9862405
-90,6.909,5.970703,5.407293
-80,6.924,5.984375,5.46646625
-70,6.423,5.682617,5.139476
-60,5.607,5.140625,4.577989
-50,4.724,4.4541016,3.9237575
-40,3.96,3.758789,3.327507
-30,3.369,3.171875,2.862404
-20,2.974,2.7460938,2.546897
-10,2.776,2.5019531,2.39454
0,2.675,2.3623047,2.29934825
10,2.776,2.5029297,2.39454
20,2.974,2.7460938,2.546897
30,3.365,3.1748047,2.86008225
40,3.96,3.758789,3.32744425
50,4.724,4.4541016,3.9237575
60,5.607,5.140625,4.577989
70,6.423,5.6835938,5.13953875
80,6.924,5.984375,5.46646625
90,6.907,5.970703,5.40723025
100,6.368,5.5996094,4.98630325
110,5.434,4.8984375,4.2563325
120,4.271,4.0351562,3.3539875
130,3.081,3.0917969,2.42572675
140,2.014,2.1484375,1.58261775
150,1.136,1.2841797,0.885528
160,0.504,0.6113281,0.398839
170,0.124,0.16992188,0.10397675
180,0,0,0
-170,0.169,0.1796875,0.152859
-160,0.515,0.484375,0.43429275
-150,1.194,1.0224609,0.98699475
-140,2.222,1.7568359,1.8304175
-130,3.548,2.6738281,2.929923
-120,5.04,3.6552734,4.15185375
-110,6.496,4.6464844,5.311913
-100,7.67,5.4140625,6.22687075
-90,8.344,5.7265625,6.723537
-80,8.418,5.651367,6.785785
-70,8.01,5.381836,6.53873825
-60,7.388,5.0585938,6.13902075
-50,6.848,4.9091797,5.824204
-40,6.606,4.966797,5.751163
-30,6.746,5.178711,5.99833525
-20,7.242,5.4921875,6.5321495
-10,7.898,5.7597656,7.14251875
0,8.142,5.5976562,7.26676375
10,7.902,5.763672,7.1463465
20,7.244,5.4902344,6.53221225
30,6.742,5.1777344,5.9965155
40,6.608,4.9628906,5.75323375
50,6.85,4.9101562,5.8248315
60,7.388,5.060547,6.13902075
70,8.012,5.3896484,6.53811075
80,8.416,5.649414,6.78547125
90,8.344,5.7226562,6.72083875
100,7.67,5.4160156,6.22661975
110,6.498,4.645508,5.31410925
120,5.04,3.647461,4.15348525
130,3.55,2.6816406,2.93224475
140,2.222,1.7636719,1.83022925
150,1.192,1.0175781,0.98511225
160,0.519,0.49414062,0.43730475
170,0.169,0.17773438,0.1517295
180,0,0,0
-170,0.15,0.1743164,0.1419405
-160,0.595,0.68115234,0.58727725
-150,1.223,1.3349609,1.1883595
-140,1.936,2.0395508,1.8791115
-130,2.521,2.637207,2.473103
-120,2.79,3.0385742,2.783088
-110,2.879,3.2993164,2.91793775
-100,2.923,3.4970703,3.009992
-90,2.95,3.5732422,3.035343
-80,2.924,3.4609375,3.00252475
-70,2.865,3.2460938,2.90174825
-60,2.736,2.9501953,2.73332725
-50,2.4,2.5273438,2.38004475
-40,1.797,1.9208984,1.786367
-30,1.133,1.2114258,1.1228485
-20,0.561,0.60253906,0.554208
-10,0.135,0.15039062,0.12556275
0,0,0,0
10,0.135,0.15039062,0.12619025
20,0.561,0.6020508,0.555965
30,1.133,1.2138672,1.123225
40,1.795,1.918457,1.7867435
50,2.4,2.5302734,2.380484
60,2.736,2.949707,2.733139
70,2.865,3.2426758,2.9011835
80,2.924,3.461914,3.003215
90,2.95,3.5791016,3.036347
100,2.923,3.4926758,3.00754475
110,2.881,3.2949219,2.918126
120,2.788,3.0327148,2.78089175
130,2.521,2.6313477,2.47235
140,1.936,2.036621,1.8796135
150,1.223,1.3339844,1.1878575
160,0.595,0.6816406,0.58727725
170,0.15,0.17773438,0.1429445
180,0.002,0.002929688,0.00207075
-170,0.449,0.51953125,0.36087525
-160,1.011,1.1367188,0.86237325
-150,1.811,1.8964844,1.55789425
-140,2.666,2.5859375,2.29194375
-130,3.349,3.0449219,2.8514855
-120,3.627,3.1679688,3.047642
-110,3.345,2.9345703,2.81050975
-100,2.58,2.3720703,2.18376275
-90,1.596,1.5532227,1.36399675
-80,0.682,0.7138672,0.569017
-70,0.104,0.09716797,0.053463
-60,0.002,0,0.00031375
-50,0.463,0.49609375,0.453306
-40,1.388,1.3535156,1.33211975
-30,2.602,2.368164,2.450011
-20,3.835,3.2958984,3.544371
-10,4.765,3.9257812,4.335774
0,5.113,4.145996,4.6190275
10,4.765,3.925293,4.33533475
20,3.835,3.2958984,3.54380625
30,2.604,2.364746,2.450764
40,1.39,1.3540039,1.3336885
50,0.461,0.4951172,0.452553
60,0,0,0
70,0.104,0.096191406,0.053965
80,0.68,0.71484375,0.568766
90,1.598,1.5541992,1.36487525
100,2.582,2.3740234,2.184955
110,3.345,2.9311523,2.81076075
120,3.625,3.1679688,3.0470145
130,3.349,3.0454102,2.85167375
140,2.666,2.586914,2.2917555
150,1.809,1.8925781,1.556702
160,1.011,1.1391602,0.86237325
170,0.447,0.52490234,0.360687
180,0.245,0.28173828,0.1718095
-170,0.212,0.2553711,0.202557
-160,0.805,0.92285156,0.758271
-150,1.649,1.7783203,1.54245775
-140,2.546,2.546875,2.356639
-130,3.249,3.0566406,2.96851425
-120,3.53,3.2626953,3.20909775
-110,3.273,3.0942383,3.00867425
-100,2.567,2.4951172,2.41920075
-90,1.692,1.6821289,1.65804325
-80,1.034,0.8989258,1.00067425
-70,0.672,0.52685547,0.6243625
-60,0.657,0.47558594,0.59279925
-50,1.044,0.7631836,0.96879725
-40,1.854,1.5317383,1.7694245
-30,2.958,2.6391602,2.86736125
-20,4.186,3.741211,4.027295
-10,5.242,4.557129,4.9438215
0,5.651,4.880371,5.29515875
10,5.242,4.5581055,4.94413525
20,4.186,3.7387695,4.02698125
30,2.958,2.6396484,2.8670475
40,1.854,1.5307617,1.76948725
50,1.044,0.76220703,0.96917375
60,0.657,0.47607422,0.59317575
70,0.672,0.52441406,0.6243625
80,1.034,0.8979492,1.00117625
90,1.692,1.6845703,1.658106
100,2.571,2.4995117,2.420393
110,3.273,3.0908203,3.0088625
120,3.53,3.2636719,3.209035
130,3.249,3.0595703,2.968828
140,2.544,2.5439453,2.35594875
150,1.651,1.7753906,1.542897
160,0.805,0.92333984,0.758271
170,0.212,0.2524414,0.20236875
180,0,0,0
-170,0.343,0.421875,0.3224095
-160,1.115,1.2294922,1.0475485
-150,2.156,2.2524414,2.01873025
-140,3.229,3.253418,2.959541
-130,4.054,3.9882812,3.654811
-120,4.378,4.2719727,3.91666675
-110,4.092,4.0595703,3.68850775
-100,3.294,3.409668,3.0462615
-90,2.251,2.4453125,2.14849725
-80,1.243,1.4414062,1.2480975
-70,0.517,0.64697266,0.58614775
-60,0.21,0.2685547,0.277355
-50,0.403,0.5234375,0.4948465
-40,1.045,1.265625,1.093105
-30,2.008,2.2519531,1.96351025
-20,3.073,3.2509766,2.88217025
-10,3.955,3.975586,3.59438275
0,4.371,4.2695312,3.91026625
10,4.168,4.0859375,3.74046475
20,3.433,3.446289,3.1200555
30,2.398,2.4975586,2.22191475
40,1.335,1.4570312,1.24163425
50,0.487,0.5888672,0.44872525
60,0.034,0.049804688,0.03319475
70,0.097,0.05517578,0.06620125
80,0.622,0.64941406,0.53042575
90,1.46,1.5454102,1.25355675
100,2.37,2.4648438,2.0266995
110,3.105,3.1308594,2.63430775
120,3.42,3.4013672,2.8660435
130,3.195,3.2260742,2.69956775
140,2.518,2.6396484,2.15401925
150,1.632,1.7504883,1.3971915
160,0.778,0.83154297,0.658373
170,0.178,0.14501953,0.13384575
180,0,0,0
-170,1.23,2.0517578,1.456051
-160,0.556,1.1308594,0.71829925
-150,0.101,0.38476562,0.175449
-140,0.002,0.015625,0
-130,0.348,0.109375,0.19734875
-120,0.987,0.60253906,0.677198
-110,1.744,1.2617188,1.2731975
-100,2.374,1.4443359,1.78630425
-90,2.584,1.6748047,1.9534075
-80,2.369,1.4541016,1.78755925
-70,1.745,1.2861328,1.3013095
-60,1.052,0.67285156,0.74264625
-50,0.425,0.16503906,0.2596595
-40,0.046,0,0.01361675
-30,0.074,0.29101562,0.135038
-20,0.512,1.0478516,0.663644
-10,1.22,2.0419922,1.4566785
0,1.852,2.7753906,2.040881
10,1.216,2.0351562,1.454043
20,0.512,1.0488281,0.66596575
30,0.074,0.29589844,0.13798725
40,0.048,0.002929688,0.01506
50,0.425,0.1640625,0.257526
60,1.052,0.6669922,0.74045
70,1.747,1.2871094,1.30250175
80,2.371,1.4560547,1.78963
90,2.584,1.6816406,1.955541
100,2.376,1.4472656,1.78806125
110,1.744,1.2548828,1.27300925
120,0.987,0.6074219,0.6773235
130,0.348,0.11328125,0.19835275
140,0,0.018554688,0.0006275
150,0.101,0.390625,0.1745705
160,0.556,1.1318359,0.7162285
170,1.232,2.0458984,1.45573725
180,1.71,2.5761719,1.83838675
-170,2.145,2.5097656,1.9109885
-160,0.971,1.3183594,0.852898
-150,0.264,0.51171875,0.2207545
-140,0,0.08203125,0.0001255
-130,0.15,0,0.11062825
-120,0.458,0.087890625,0.39337975
-110,0.868,0.24902344,0.70512175
-100,1.204,0.39257812,0.93917925
-90,1.292,0.40429688,0.9875595
-80,1.121,0.38476562,0.8808845
-70,0.742,0.23339844,0.604157
-60,0.321,0.07519531,0.26913475
-50,0.055,0.00390625,0.03043375
-40,0.045,0.21191406,0.053714
-30,0.495,0.7949219,0.46930725
-20,1.423,1.7773438,1.3228955
-10,2.799,3.1054688,2.57971525
0,4.523,4.6064453,4.1393665
10,2.799,3.1015625,2.58009175
20,1.425,1.7792969,1.32358575
30,0.495,0.79003906,0.4697465
40,0.043,0.21191406,0.053463
50,0.055,0.010742188,0.03118675
60,0.321,0.07421875,0.2704525
70,0.742,0.22558594,0.60233725
80,1.121,0.38085938,0.8798805
90,1.29,0.39648438,0.9863045
100,1.202,0.39160156,0.93874
110,0.866,0.24511719,0.703051
120,0.458,0.09082031,0.39476025
130,0.15,0.000976563,0.11037725
140,0,0.08886719,0
150,0.262,0.50878906,0.219123
160,0.969,1.3173828,0.8510155
170,2.145,2.5146484,1.912369
180,3.743,4.008789,3.355117
-170,6.203,5.175293,5.9237255
-160,6.345,5.3095703,6.00887725
-150,6.631,5.598633,6.19449175
-140,7.055,5.991211,6.45791625
-130,7.488,6.3603516,6.70452375
-120,7.917,6.600586,6.92063475
-110,8.286,6.8442383,7.08453775
-100,8.405,6.9277344,7.0642695
-90,8.079,6.650879,6.71782675
-80,7.239,6.044922,6.030526
-70,6.021,5.223633,5.03637775
-60,4.639,4.3115234,3.9164785
-50,3.288,3.3422852,2.81327075
-40,2.121,2.3725586,1.8422145
-30,1.192,1.4633789,1.057212
-20,0.526,0.6948242,0.48010025
-10,0.135,0.18847656,0.1286375
0,0,0,0
10,0.135,0.19140625,0.130269
20,0.526,0.69091797,0.47934725
30,1.192,1.4638672,1.056208
40,2.121,2.3691406,1.84227725
50,3.29,3.3447266,2.81371
60,4.639,4.3095703,3.9169805
70,6.021,5.224121,5.03662875
80,7.239,6.0424805,6.02983575
90,8.081,6.647949,6.71770125
100,8.407,6.929199,7.064897
110,8.284,6.838379,7.08315725
120,7.917,6.6030273,6.92050925
130,7.49,6.3598633,6.7058415
140,7.055,5.9882812,6.458732
150,6.631,5.595215,6.19160525
160,6.343,5.2998047,6.005677
170,6.203,5.1782227,5.92617275
180,6.16,5.130371,5.8873305
-170,3.029,3.581543,2.709043
-160,3.415,3.8496094,2.9810015
-150,4.071,4.277832,3.43813525
-140,4.975,4.8325195,4.0530225
-130,6.075,5.4975586,4.7748985
-120,7.267,6.2802734,5.5474765
-110,8.422,7.150879,6.24067575
-100,9.264,7.8549805,6.68143175
-90,9.367,8.032227,6.760434
-80,8.506,7.4780273,6.342268
-70,7.063,6.498535,5.4400485
-60,5.418,5.302246,4.29530025
-50,3.834,3.9985352,3.093324
-40,2.458,2.7089844,2.0053645
-30,1.366,1.5786133,1.12830775
-20,0.594,0.7207031,0.49967825
-10,0.143,0.18310547,0.12292725
0,0,0,0
10,0.143,0.18310547,0.12292725
20,0.594,0.7207031,0.49967825
30,1.366,1.578125,1.12830775
40,2.458,2.708496,2.0053645
50,3.834,4,3.093324
60,5.418,5.3027344,4.29530025
70,7.063,6.498535,5.4400485
80,8.506,7.4785156,6.34233075
90,9.367,8.032227,6.76037125
100,9.264,7.8554688,6.68143175
110,8.424,7.150879,6.2407385
120,7.267,6.2807617,5.5474765
130,6.075,5.4975586,4.7748985
140,4.975,4.8325195,4.0530225
150,4.071,4.277832,3.43813525
160,3.415,3.8500977,2.98106425
170,3.029,3.581543,2.709043
180,2.907,3.474121,2.609145
-170,11.284,8.861328,10.2675315
-160,11.366,8.892578,10.1806855
-150,11.61,8.995117,10.17095925
-140,12.089,9.231445,10.32507325
-130,12.818,9.583984,10.6490515
-120,13.319,10.238281,10.8340385
-110,13.823,10.4765625,10.855248
-100,14.37,11.061523,10.9366975
-90,13.7,10.399414,10.4736025
-80,11.732,9.099609,9.315363
-70,9.311,7.6103516,7.64087925
-60,6.91,6.1054688,5.7954645
-50,4.78,4.567383,4.054905
-40,3.021,3.0839844,2.56327475
-30,1.669,1.8066406,1.4167695
-20,0.722,0.8359375,0.62404875
-10,0.169,0.21875,0.153361
0,0,0,0
10,0.169,0.21972656,0.153361
20,0.722,0.8359375,0.62404875
30,1.669,1.8066406,1.4167695
40,3.021,3.0830078,2.56327475
50,4.78,4.567383,4.054905
60,6.91,6.1054688,5.79540175
70,9.311,7.6103516,7.640942
80,11.732,9.100586,9.315363
90,13.7,10.399414,10.4736025
100,14.37,11.061523,10.9366975
110,13.823,10.4765625,10.85518525
120,13.319,10.238281,10.8340385
130,12.818,9.583984,10.6490515
140,12.089,9.229492,10.32507325
150,11.61,8.995117,10.17095925
160,11.366,8.892578,10.1806855
170,11.284,8.861328,10.2675315
180,11.245,8.888672,10.304303
-170,5.735,6.227539,5.487111
-160,6.052,6.5336914,5.68107125
-150,6.653,6.963379,6.0306515
-140,7.505,7.520996,6.52367825
-130,8.516,8.164551,7.1064375
-120,9.556,8.851074,7.6719405
-110,10.441,9.490234,8.09682075
-100,10.899,9.859863,8.26292
-90,10.617,9.710449,8.0446755
-80,9.562,9.057129,7.372121
-70,7.971,8.003418,6.2901855
-60,6.164,6.6328125,4.99345675
-50,4.413,5.063965,3.65625425
-40,2.871,3.4658203,2.4210205
-30,1.63,2.0517578,1.400078
-20,0.72,0.9448242,0.6323945
-10,0.18,0.24414062,0.16133025
0,0,0,0
10,0.18,0.24414062,0.16133025
20,0.72,0.9448242,0.6323945
30,1.63,2.052246,1.400078
40,2.871,3.4658203,2.4210205
50,4.413,5.063965,3.65625425
60,6.164,6.6328125,4.99345675
70,7.971,8.003418,6.2901855
80,9.562,9.057129,7.372121
90,10.617,9.709961,8.04461275
100,10.899,9.860352,8.26292
110,10.441,9.490234,8.09682075
120,9.556,8.852051,7.6719405
130,8.516,8.164551,7.1064375
140,7.505,7.5214844,6.523741
150,6.653,6.963867,6.0306515
160,6.052,6.5336914,5.68107125
170,5.735,6.227539,5.487111
180,5.645,6.104492,5.429632
-170,5.689,3.6064453,5.69776275
-160,5.107,3.3535156,5.17216875
-150,4.426,2.9335938,4.509968
-140,3.795,2.5253906,3.8758165
-130,3.283,2.2167969,3.36070175
-120,2.923,2.0058594,2.986147
-110,2.708,1.9121094,2.759745
-100,2.616,1.8945312,2.65463875
-90,2.606,1.9091797,2.63430775
-80,2.62,1.9716797,2.645038
-70,2.583,1.9833984,2.59785
-60,2.379,1.6933594,2.39761475
-50,1.945,1.1523438,1.9642005
-40,1.378,0.65625,1.395811
-30,0.875,0.32128906,0.84643475
-20,0.444,0.091796875,0.40831425
-10,0.141,0.000976563,0.1248725
0,0,0,0
10,0.141,0.000976563,0.1248725
20,0.444,0.091796875,0.40831425
30,0.875,0.32226562,0.84643475
40,1.378,0.65625,1.395811
50,1.945,1.1523438,1.96413775
60,2.379,1.6933594,2.39761475
70,2.583,1.9833984,2.59785
80,2.62,1.9707031,2.645038
90,2.606,1.9091797,2.63430775
100,2.616,1.8945312,2.654576
110,2.708,1.9121094,2.759745
120,2.923,2.0058594,2.986147
130,3.283,2.2167969,3.36070175
140,3.795,2.5253906,3.8758165
150,4.426,2.9335938,4.509968
160,5.107,3.3535156,5.17216875
170,5.689,3.6064453,5.69776275
180,5.943,3.522461,5.87534525
-170,0.1,0.2919922,0.095129
-160,0.316,0.33691406,0.3118675
-150,0.433,0,0.310989
-140,0.543,0.025390625,0.4775275
-130,0.693,0.20898438,0.6733075
-120,0.854,0.5263672,0.88101
-110,1.033,0.83691406,1.10408625
-100,1.254,1.1787109,1.367197
-90,1.551,1.5527344,1.68577875
-80,1.955,1.953125,2.07545625
-70,2.396,2.3291016,2.48521375
-60,2.632,2.0292969,2.61472975
-50,2.791,2.09375,2.7520895
-40,2.967,2.2382812,2.889512
-30,3.13,2.4111328,3.026307
-20,3.312,2.5263672,3.1624745
-10,3.538,2.616211,3.2776835
0,3.744,2.7070312,3.3725615
10,3.54,2.6201172,3.2776835
20,3.314,2.5341797,3.1637295
30,3.13,2.4033203,3.02549125
40,2.967,2.241211,2.88819425
50,2.791,2.0927734,2.75365825
60,2.632,2.0273438,2.616424
70,2.396,2.3291016,2.4857785
80,1.955,1.9541016,2.07646025
90,1.551,1.5488281,1.68540225
100,1.254,1.1757812,1.36638125
110,1.033,0.8388672,1.104651
120,0.854,0.52246094,0.88057075
130,0.693,0.20507812,0.67236625
140,0.543,0.0234375,0.478155
150,0.433,0.00390625,0.31167925
160,0.316,0.33789062,0.311993
170,0.1,0.29101562,0.094627
180,0,0.27246094,0
-170,0.212,0.20703125,0.175449
-160,0.578,0.66796875,0.51122425
-150,1.25,1.3793945,1.090344
-140,1.976,2.2104492,1.72782125
-130,2.279,5.4038086,1.90025825
-120,1.975,5.15625,1.56165925
-110,1.77,4.8896484,1.32408775
-100,1.644,4.6030273,1.16784025
-90,1.554,4.3515625,1.08049225
-80,1.559,4.1030273,1.06656175
-70,1.668,3.9746094,1.174178
-60,1.881,4.0996094,1.3994505
-50,2.191,4.3945312,1.7254995
-40,2.491,2.2407227,1.99789725
-30,2.26,1.9101562,1.68427275
-20,2.085,1.7026367,1.4654635
-10,1.991,1.6230469,1.3572825
0,1.964,1.6254883,1.3264095
10,1.991,1.6240234,1.35558825
20,2.083,1.6938477,1.46364375
30,2.26,1.90625,1.6823275
40,2.491,2.2402344,2.0005955
50,2.191,4.3969727,1.72706825
60,1.881,4.0981445,1.396815
70,1.668,3.9750977,1.17260925
80,1.559,4.098633,1.06530675
90,1.554,4.3481445,1.0791745
100,1.644,4.59375,1.16583225
110,1.77,4.885742,1.319758
120,1.975,5.157715,1.56341625
130,2.279,5.4033203,1.899066
140,1.976,2.209961,1.72769575
150,1.254,1.3847656,1.094611
160,0.578,0.66015625,0.5114125
170,0.212,0.20214844,0.1740685
180,0,0,0
-170,0.496,0.6640625,0.60585125
-160,0.14,0.24121094,0.2252725
-150,0,0,0.00194525
-140,0.165,0.021484375,0.024849
-130,0.635,0.3232422,0.319021
-120,1.297,0.79003906,0.8015685
-110,1.998,1.2636719,1.3595415
-100,2.518,1.6152344,1.806949
-90,2.717,1.6835938,1.96652225
-80,2.547,1.5878906,1.803686
-70,2.043,1.2734375,1.38552
-60,1.35,0.82714844,0.84229325
-50,0.665,0.33984375,0.3427405
-40,0.178,0.034179688,0.029618
-30,0.004,0.01171875,6.27E-05
-20,0.196,0.34179688,0.2922895
-10,0.599,0.8876953,0.78468875
0,1.041,1.328125,1.1705385
10,0.599,0.8857422,0.7845005
20,0.196,0.34179688,0.29235225
30,0.004,0.01171875,0
40,0.178,0.032226562,0.029618
50,0.665,0.33984375,0.34280325
60,1.35,0.82714844,0.84229325
70,2.043,1.2734375,1.38558275
80,2.547,1.5869141,1.803686
90,2.717,1.6835938,1.96652225
100,2.518,1.6162109,1.806949
110,1.998,1.2636719,1.3595415
120,1.297,0.79003906,0.8015685
130,0.635,0.3232422,0.3188955
140,0.165,0.021484375,0.0247235
150,0,0,0.00194525
160,0.14,0.24121094,0.225147
170,0.496,0.6640625,0.6057885
180,0.945,1.1162109,0.94984675
-170,0.066,0.078125,0.0714095
-160,0.193,0.16503906,0.15718875
-150,0.472,0.40039062,0.3723585
-140,0.836,0.7861328,0.71177325
-130,1.292,1.2529297,1.156608
-120,1.898,1.8378906,1.72142075
-110,2.602,2.4902344,2.35017575
-100,2.604,3.1230469,2.094846
-90,2.808,3.3574219,2.29357525
-80,2.596,3.131836,2.08963775
-70,2.398,3.0185547,1.87999
-60,1.847,1.7666016,1.679441
-50,1.206,1.1523438,1.08651625
-40,0.741,0.68847656,0.635783
-30,0.381,0.32714844,0.3060945
-20,0.127,0.09765625,0.09180325
-10,0,0,0
0,0.091,0.12988281,0.09142675
10,0.002,0.001953125,0.0008785
20,0.129,0.09863281,0.091364
30,0.381,0.32226562,0.3055925
40,0.743,0.6953125,0.6371635
50,1.204,1.1552734,1.08450825
60,1.847,1.7744141,1.68088425
70,2.398,3.0195312,1.87892325
80,2.596,3.1269531,2.08926125
90,2.808,3.359375,2.292885
100,2.604,3.1269531,2.0944695
110,2.602,2.4794922,2.34904625
120,1.9,1.8388672,1.7217345
130,1.294,1.2529297,1.15629425
140,0.838,0.7871094,0.71290275
150,0.472,0.39941406,0.37279775
160,0.193,0.17285156,0.15894575
170,0.066,0.080078125,0.06984075
180,0.061,0.076171875,0.05515725
-170,0.21,0.31152344,0.17413125
-160,0.721,0.86035156,0.553706
-150,1.444,1.5712891,1.12742925
-140,2.327,2.3164062,1.8703265
-130,3.222,3.140625,2.69329275
-120,3.951,4.0634766,3.449242
-110,3.954,6.198242,3.45972125
-100,3.734,6.2109375,3.2242205
-90,3.605,6.470703,3.09690075
-80,3.556,6.680664,3.0743735
-70,3.64,6.915039,3.18763725
-60,3.884,7.251953,3.46085075
-50,4.283,7.7695312,3.89068825
-40,4.826,8.358398,4.4601445
-30,5.478,8.883789,5.11531725
-20,6.197,9.412109,5.8230745
-10,7.051,7.551758,6.49380925
0,7.214,7.6816406,6.5753215
10,7.051,7.551758,6.49380925
20,6.197,9.410156,5.821694
30,5.478,8.884766,5.11531725
40,4.826,8.358398,4.4601445
50,4.283,7.7695312,3.89068825
60,3.884,7.251953,3.46085075
70,3.64,6.915039,3.18763725
80,3.556,6.6796875,3.0743735
90,3.605,6.470703,3.09690075
100,3.734,6.211914,3.2242205
110,3.954,6.1953125,3.45972125
120,3.951,4.0634766,3.449242
130,3.222,3.1396484,2.69329275
140,2.327,2.3154297,1.8703265
150,1.444,1.5712891,1.1273665
160,0.721,0.86035156,0.553706
170,0.21,0.3125,0.17413125
180,0,0,0
-170,0.626,0.52001953,0.49377975
-160,0.628,0.5131836,0.48122975
-150,0.636,0.56103516,0.48386525
-140,0.624,0.62402344,0.4752685
-130,0.577,0.6191406,0.451549
-120,0.498,0.5263672,0.39651725
-110,0.378,0.3564453,0.30038425
-100,0.226,0.2109375,0.17664125
-90,0.074,0.07714844,0.0488195
-80,0,0,0
-70,0.163,0.16113281,0.17613925
-60,0.705,0.71191406,0.72369575
-50,1.634,1.6533203,1.6170675
-40,2.786,2.8374023,2.69755975
-30,3.955,3.9345703,3.736386
-20,4.908,4.6679688,4.59737875
-10,5.545,5.1254883,5.18534625
0,5.74,5.2070312,5.37296875
10,5.543,5.1254883,5.184907
20,4.908,4.67041,4.59832
30,3.955,3.9365234,3.73757825
40,2.788,2.8413086,2.697999
50,1.632,1.6469727,1.61644
60,0.707,0.71435547,0.72344475
70,0.163,0.16064453,0.1758255
80,0,0.000976563,0
90,0.072,0.072753906,0.04850575
100,0.226,0.20654297,0.17664125
110,0.376,0.35351562,0.3003215
120,0.498,0.5283203,0.39639175
130,0.577,0.6191406,0.451298
140,0.622,0.625,0.47457825
150,0.636,0.56396484,0.48512025
160,0.628,0.5151367,0.48097875
170,0.626,0.52001953,0.4928385
180,0.634,0.5839844,0.49490925
-170,1.331,0.8984375,1.523319
-160,1.328,0.9609375,1.525829
-150,1.379,1.1318359,1.58889275
-140,1.525,1.4091797,1.75078775
-130,1.764,1.765625,2.00630575
-120,2.078,2.194336,2.32570325
-110,2.45,2.6777344,2.693481
-100,2.856,3.1748047,3.0786405
-90,3.23,3.7402344,3.40588175
-80,3.093,3.4433594,3.234888
-70,2.495,2.6435547,2.642779
-60,1.874,1.9384766,1.99927775
-50,1.272,1.2226562,1.357157
-40,0.756,0.62402344,0.80589825
-30,0.375,0.22949219,0.39865075
-20,0.189,0.08691406,0.1959055
-10,0.084,0.040039062,0.0832065
0,0,0,0
10,0.084,0.038085938,0.0832065
20,0.189,0.08691406,0.1959055
30,0.375,0.22949219,0.39865075
40,0.756,0.62402344,0.80589825
50,1.272,1.2226562,1.357157
60,1.874,1.9375,1.99927775
70,2.495,2.6435547,2.64284175
80,3.093,3.4433594,3.234888
90,3.23,3.7402344,3.405819
100,2.856,3.1748047,3.0786405
110,2.45,2.6777344,2.693481
120,2.078,2.194336,2.32570325
130,1.764,1.765625,2.00630575
140,1.525,1.4101562,1.75078775
150,1.379,1.1318359,1.58889275
160,1.328,0.9609375,1.52576625
170,1.331,0.8984375,1.52325625
180,1.176,0.7636719,1.3025645
-170,5.032,5.132324,4.588029
-160,5.589,5.6362305,5.0863895
-150,6.479,6.402832,5.88764425
-140,7.672,7.3999023,6.94849575
-130,9.12,8.673828,8.24001625
-120,10.757,10.166504,9.6942475
-110,12.502,11.794434,11.195604
-100,14.215,13.375,12.51341675
-90,14.982,13.745605,13.13062575
-80,12.569,12.306152,11.47314725
-70,9.873,10.3046875,9.1729205
-60,7.303,8.099121,6.84345225
-50,5.078,5.947754,4.76981575
-40,3.242,3.9882812,3.048144
-30,1.825,2.3466797,1.713577
-20,0.826,1.1210938,0.7737075
-10,0.219,0.34228516,0.19973325
0,0,0,0
10,0.217,0.34228516,0.19973325
20,0.826,1.121582,0.7737075
30,1.825,2.3461914,1.713577
40,3.242,3.9882812,3.048144
50,5.078,5.947754,4.769753
60,7.303,8.098145,6.84345225
70,9.873,10.305176,9.1729205
80,12.569,12.306152,11.47314725
90,14.982,13.744141,13.13062575
100,14.217,13.375,12.51341675
110,12.5,11.793945,11.195604
120,10.757,10.166016,9.6942475
130,9.12,8.673828,8.24001625
140,7.672,7.3999023,6.94849575
150,6.479,6.4033203,5.887707
160,5.589,5.6362305,5.0863895
170,5.032,5.132324,4.588029
180,4.835,4.9418945,4.4104465
-170,3.765,2.9697266,3.230872
-160,2.787,2.296875,2.41141975
-150,1.728,1.4472656,1.50920025
-140,0.836,0.68652344,0.753753
-130,0.246,0.18017578,0.25256875
-120,0,0,0.05051375
-110,0.076,0.15478516,0.124747
-100,0.19,0.3227539,0.25809075
-90,0.508,0.79296875,0.550192
-80,1.038,1.3012695,1.049431
-70,1.674,1.8344727,1.602635
-60,2.171,2.097168,1.9777545
-50,2.333,2.055664,2.030841
-40,2.04,1.8144531,1.71276125
-30,1.414,1.328125,1.1394145
-20,0.748,0.8310547,0.5583495
-10,0.281,0.43115234,0.159887
0,0.094,0.1616211,0
10,0.281,0.42871094,0.15882025
20,0.75,0.83154297,0.55973
30,1.412,1.3276367,1.1391635
40,2.042,1.8115234,1.71351425
50,2.333,2.0600586,2.029586
60,2.171,2.097168,1.9782565
70,1.672,1.8378906,1.6022585
80,1.038,1.2993164,1.048427
90,0.506,0.79541016,0.5503175
100,0.19,0.32714844,0.25853
110,0.076,0.15429688,0.1233665
120,0.002,0.001953125,0.05189425
130,0.244,0.17626953,0.2518785
140,0.838,0.6894531,0.75481975
150,1.726,1.4487305,1.50857275
160,2.789,2.2944336,2.4122355
170,3.765,2.9658203,3.23068375
180,4.208,3.2207031,3.57166725
-170,8.751,8.015625,8.3335765
-160,9.276,8.446289,8.71089225
-150,10.102,9.045898,9.287753
-140,11.156,9.788086,10.025191
-130,12.352,10.647949,10.831403
-120,13.603,11.5703125,11.617535
-110,14.75,12.3984375,12.203118
-100,15.463,12.782715,12.3994
-90,14.989,12.264648,12.03965425
-80,13.101,10.964355,10.85556175
-70,10.573,9.384277,9.05538975
-60,7.963,7.57959,7.00283725
-50,5.564,5.703125,4.998916
-40,3.555,3.8652344,3.218071
-30,1.963,2.2719727,1.8058195
-20,0.837,1.0595703,0.7973015
-10,0.191,0.2841797,0.19283075
0,0,0,0
10,0.191,0.28222656,0.1926425
20,0.835,1.0581055,0.79698775
30,1.965,2.2739258,1.80789025
40,3.553,3.8657227,3.21782
50,5.57,5.703125,5.003685
60,7.963,7.5839844,7.00283725
70,10.573,9.38623,9.05589175
80,13.101,10.963867,10.85581275
90,14.993,12.263672,12.040721
100,15.463,12.778809,12.3980195
110,14.75,12.398926,12.20205125
120,13.603,11.564941,11.6156525
130,12.354,10.650391,10.832658
140,11.156,9.7890625,10.02512825
150,10.1,9.044434,9.28630975
160,9.276,8.445801,8.71264925
170,8.753,8.01709,8.33376475
180,8.58,7.866699,8.205692
-170,0.143,0.16210938,0.12355475
-160,0.455,0.53222656,0.400596
-150,0.993,1.1455078,0.903349
-140,1.749,1.96875,1.627986
-130,2.675,2.9199219,2.51608675
-120,3.689,3.9121094,3.498438
-110,4.714,4.8222656,4.42418875
-100,5.504,5.4882812,5.092288
-90,5.799,5.7529297,5.3461745
-80,5.522,5.5410156,5.108854
-70,4.769,4.8808594,4.46924325
-60,3.761,3.9560547,3.57216925
-50,2.766,2.9628906,2.6057565
-40,1.82,2.0078125,1.695505
-30,1.035,1.1757812,0.946772
-20,0.471,0.5517578,0.4180405
-10,0.186,0.21191406,0.16471875
0,0,0,0
10,0.186,0.21191406,0.16471875
20,0.471,0.55078125,0.41810325
30,1.035,1.1757812,0.94696025
40,1.82,2.0078125,1.695505
50,2.766,2.9628906,2.6057565
60,3.761,3.9570312,3.572232
70,4.769,4.8808594,4.46924325
80,5.522,5.5410156,5.108854
90,5.799,5.7529297,5.34611175
100,5.504,5.4882812,5.092288
110,4.714,4.8222656,4.42418875
120,3.689,3.9121094,3.498438
130,2.675,2.9199219,2.51608675
140,1.749,1.96875,1.627986
150,0.993,1.1494141,0.9034745
160,0.455,0.53222656,0.4007215
170,0.143,0.16210938,0.12355475
180,0.003,0.002929688,0.00194525
-170,2.139,2.2578125,2.1569685
-160,1.047,1.2167969,1.118456
-150,0.251,0.39746094,0.310738
-140,0,0,0
-130,0.26,0.04296875,0.1622715
-120,0.898,0.4501953,0.65931425
-110,1.686,1.1337891,1.29597575
-100,2.341,1.6201172,1.8208795
-90,2.596,1.7402344,2.0063685
-80,2.343,1.6386719,1.8284095
-70,1.687,1.1386719,1.2998035
-60,0.904,0.4609375,0.664899
-50,0.261,0.052734375,0.16296175
-40,0.01,0.020507812,0.01085575
-30,0.281,0.4501953,0.34832525
-20,1.104,1.3476562,1.198274
-10,2.208,2.430664,2.252474
0,3.105,3.2041016,3.0050975
10,2.208,2.430664,2.252474
20,1.104,1.3476562,1.19846225
30,0.281,0.4501953,0.34819975
40,0.01,0.020507812,0.011044
50,0.261,0.05078125,0.16296175
60,0.904,0.4638672,0.6647735
70,1.687,1.1386719,1.29974075
80,2.343,1.6386719,1.8284095
90,2.596,1.7402344,2.0063685
100,2.341,1.6210938,1.820754
110,1.686,1.1318359,1.29597575
120,0.898,0.45410156,0.65931425
130,0.26,0.044921875,0.162146
140,0,0.00390625,6.27E-05
150,0.251,0.3984375,0.31067525
160,1.047,1.2177734,1.118456
170,2.139,2.258789,2.1569685
180,2.989,3.0097656,2.86936925
-170,0.26,0.32128906,0.22088
-160,0.949,1.1162109,0.8718485
-150,1.903,2.1357422,1.74903075
-140,2.885,3.069336,2.60895675
-130,3.648,3.6484375,3.2352645
-120,3.928,3.833496,3.4501205
-110,3.622,3.621582,3.20985075
-100,2.857,3.0234375,2.566475
-90,1.869,2.0927734,1.69958375
-80,0.927,1.0883789,0.83501425
-70,0.252,0.31054688,0.2104635
-60,0,0,0
-50,0.251,0.31640625,0.217868
-40,0.929,1.1020508,0.855659
-30,1.872,2.1113281,1.7219855
-20,2.856,3.0498047,2.58097025
-10,3.633,3.640625,3.22014175
0,3.933,3.8364258,3.45168925
10,3.631,3.640625,3.2197025
20,2.86,3.052246,2.58260175
30,1.872,2.116211,1.72242475
40,0.929,1.1049805,0.8552825
50,0.251,0.31835938,0.217617
60,0.002,0.000976563,0.0003765
70,0.252,0.3076172,0.20989875
80,0.929,1.0908203,0.8357045
90,1.869,2.0913086,1.69970925
100,2.853,3.0219727,2.56402775
110,3.624,3.618164,3.21029
120,3.93,3.836914,3.450497
130,3.646,3.6513672,3.234637
140,2.885,3.0664062,2.60945875
150,1.901,2.1342773,1.74852875
160,0.951,1.1181641,0.87304075
170,0.26,0.31835938,0.220629
180,0.003,0.006835938,0.001506
-170,2.216,2.3198242,2.257996
-160,1.79,1.8334961,1.8208795
-150,1.457,1.4667969,1.481653
-140,1.18,1.1171875,1.15177625
-130,0.921,0.6479492,0.840599
-120,0.625,0.26513672,0.52364875
-110,0.36,0.051757812,0.268821
-100,0.154,0.000976563,0.093874
-90,0.012,0.013183594,0
-80,0,0.040039062,0.0382775
-70,0.3,0.3305664,0.38848525
-60,1.176,1.3183594,1.2865005
-50,2.607,2.944336,2.65062275
-40,4.118,4.3808594,3.97929125
-30,5.023,4.743164,4.7907115
-20,5.692,5.0131836,5.44651175
-10,6.15,5.107422,5.8905935
0,6.372,5.048828,6.126408
10,6.148,5.111328,5.8905935
20,5.694,5.0112305,5.44626075
30,5.023,4.7456055,4.790335
40,4.116,4.3828125,3.97916575
50,2.611,2.940918,2.65212875
60,1.178,1.3198242,1.2890105
70,0.302,0.3334961,0.389301
80,0,0.04345703,0.0390305
90,0.012,0.014160156,0.00144325
100,0.154,0,0.09356025
110,0.36,0.05126953,0.26687575
120,0.625,0.26513672,0.5242135
130,0.921,0.6508789,0.840348
140,1.18,1.1162109,1.15265475
150,1.457,1.4604492,1.48108825
160,1.79,1.8364258,1.82219725
170,2.216,2.3198242,2.25881175
180,2.75,2.8515625,2.77838175
-170,0.207,0.22851562,0.208581
-160,0.392,0.38867188,0.36413825
-150,0.918,0.8847656,0.85082725
-140,1.746,1.6777344,1.64762675
-130,2.83,2.7324219,2.6991285
-120,4.056,3.96875,3.90010075
-110,5.235,5.236328,5.0407075
-100,6.272,6.248047,5.88413025
-90,6.654,6.591797,6.1772355
-80,6.267,6.2373047,5.87961225
-70,5.26,5.2578125,5.06474075
-60,4.084,3.9921875,3.92645575
-50,2.858,2.7617188,2.7244795
-40,1.759,1.6943359,1.66017675
-30,0.92,0.8886719,0.85622375
-20,0.392,0.38476562,0.364703
-10,0.235,0.25683594,0.23487325
0,0.001,0.012695313,0.002761
10,0.235,0.2548828,0.2355635
20,0.392,0.38964844,0.36325975
30,0.92,0.890625,0.85835725
40,1.759,1.6972656,1.66162
50,2.858,2.7617188,2.726111
60,4.084,3.9951172,3.92733425
70,5.262,5.2558594,5.06549375
80,6.267,6.239258,5.8808045
90,6.652,6.5878906,6.17780025
100,6.274,6.2509766,5.8848205
110,5.235,5.239258,5.04152325
120,4.056,3.9638672,3.89545725
130,2.83,2.7353516,2.697497
140,1.746,1.6816406,1.6509525
150,0.918,0.8779297,0.85132925
160,0.392,0.38476562,0.363699
170,0.207,0.22363281,0.20751425
180,0,0,0
-170,1.835,2.0361328,2.060908637
-160,1.445,1.5888672,1.646550595
-150,1.179,1.074707,1.333266752
-140,0.956,0.55322266,1.073413954
-130,0.787,0.14355469,0.79502877
-120,0.584,0,0.51326461
-110,0.29799998,0.037597656,0.235480732
-100,0.02,0.05859375,0.011182636
-90,0,0.25,0.002133278
-80,0.439,0.75878906,0.385184535
-70,0.936,0.5986328,0.309482974
-60,0.83,0.84716797,0.330980842
-50,1.227,1.5078125,0.872090425
-40,2.141,2.5791016,1.854982804
-30,3.4859998,3.8544922,3.224541896
-20,5.0610003,5.0654297,4.768171759
-10,6.586,5.991211,6.230656134
0,7.736,6.5664062,7.336276069
10,6.586,5.9907227,6.230519596
20,5.0610003,5.0654297,4.769852003
30,3.4859998,3.852539,3.224586481
40,2.141,2.5795898,1.857857272
50,1.225,1.5087891,0.872208553
60,0.83,0.8461914,0.332848292
70,0.936,0.59716797,0.308776023
80,0.439,0.7578125,0.384471118
90,0,0.24804688,0
100,0.022,0.053710938,0.011376676
110,0.3,0.044921875,0.235064769
120,0.584,0.000488281,0.515431454
130,0.789,0.14794922,0.797232636
140,0.956,0.5522461,1.072148403
150,1.179,1.0791016,1.335901324
160,1.445,1.5888672,1.648005477
170,1.835,2.036621,2.061524747
180,2.412,2.5185547,2.64969031
-170,1.169,1.6435547,0.881512
-160,1.539,2.0219727,1.252239
-150,2.218,2.6499023,1.89285375
-140,3.194,3.5483398,2.793128
-130,4.441,4.685547,3.9071915
-120,5.868,5.979004,5.15171225
-110,7.345,7.3129883,6.366615
-100,8.653,8.595215,7.30604525
-90,9.237,9.278809,7.72609375
-80,8.463,8.82373,7.38661625
-70,6.987,7.678711,6.30731625
-60,5.361,6.242676,4.943947
-50,3.854,4.715332,3.604109
-40,2.57,3.256836,2.414118
-30,1.523,1.9824219,1.4318295
-20,0.713,0.9614258,0.6777
-10,0.192,0.2626953,0.18454775
0,0,0,0
10,0.19,0.2626953,0.18454775
20,0.713,0.9614258,0.6777
30,1.523,1.9829102,1.4318295
40,2.57,3.2563477,2.414118
50,3.854,4.715332,3.604109
60,5.361,6.242676,4.943947
70,6.989,7.678711,6.30731625
80,8.463,8.824219,7.38661625
90,9.237,9.279297,7.72609375
100,8.653,8.595215,7.306108
110,7.345,7.3134766,6.36655225
120,5.868,5.979004,5.15171225
130,4.443,4.6850586,3.90725425
140,3.194,3.5488281,2.793128
150,2.218,2.6499023,1.89285375
160,1.539,2.0219727,1.252239
170,1.169,1.6435547,0.881512
180,1.059,1.5185547,0.759275
-170,4.334,2.1044922,3.59162175
-160,3.103,1.6435547,2.62313825
-150,1.846,0.9746094,1.56103175
-140,0.851,0.3984375,0.708322
-130,0.213,0.001953125,0.169174
-120,0,0.05078125,6.28E-05
-110,0.233,0.5410156,0.2378225
-100,0.832,1.3876953,0.8618085
-90,1.712,2.524414,1.76722825
-80,2.004,3.4736328,1.60495675
-70,2.021,3.8964844,1.66394175
-60,2.05,3.9111328,1.729641
-50,2.135,3.9345703,1.84177525
-40,2.273,4.126953,1.97166775
-30,2.473,4.411133,2.14912475
-20,2.981,4.6640625,2.37627975
-10,3.662,4.870117,2.63480975
0,4.249,5.0683594,2.8590155
10,3.662,4.8691406,2.6348725
20,2.981,4.663086,2.3763425
30,2.473,4.4101562,2.14912475
40,2.273,4.125,1.97166775
50,2.135,3.930664,1.84177525
60,2.05,3.9091797,1.729641
70,2.021,3.8964844,1.66394175
80,2.004,3.4746094,1.60495675
90,1.712,2.524414,1.76722825
100,0.832,1.3886719,0.8618085
110,0.233,0.5390625,0.23775975
120,0,0.049804688,0
130,0.213,0,0.169174
140,0.851,0.39746094,0.708322
150,1.846,0.9785156,1.56103175
160,3.103,1.6435547,2.62313825
170,4.334,2.1035156,3.591559
180,4.903,1.9980469,3.97565175
-170,0.206,0.20117188,0.19898025
-160,0.716,0.6982422,0.68792825
-150,1.576,1.5205078,1.50116825
-140,2.79,2.6396484,2.62577375
-130,4.281,3.9941406,3.9935355
-120,5.969,5.4375,5.517231
-110,7.683,6.696289,7.00697875
-100,9.18,7.5820312,8.23750625
-90,10.054,7.932617,8.92110475
-80,9.953,8.134766,8.85797825
-70,9.119,7.963867,8.26310825
-60,8.054,7.229492,7.3827885
-50,7.046,6.390625,6.47674125
-40,6.203,5.661133,5.68659325
-30,5.598,5.1328125,5.10741075
-20,5.268,4.84375,4.788829
-10,5.202,4.772461,4.71748225
0,5.103,4.6132812,4.5479945
10,5.204,4.779297,4.720055
20,5.268,4.8398438,4.7894565
30,5.596,5.1240234,5.10502625
40,6.203,5.663086,5.68734625
50,7.046,6.3916016,6.47586275
60,8.058,7.2373047,7.38636525
70,9.119,7.966797,8.26210425
80,9.953,8.135742,8.859045
90,10.056,7.932617,8.92305
100,9.178,7.5771484,8.2349335
110,7.683,6.696289,7.00446875
120,5.963,5.430664,5.512462
130,4.285,3.9941406,3.996422
140,2.788,2.6376953,2.62188325
150,1.578,1.5214844,1.5026115
160,0.716,0.6972656,0.687991
170,0.206,0.20410156,0.195529
180,0,0,0
-170,2.925,2.6992188,2.83498225
-160,3.361,3.4042969,3.2360175
-150,4.066,4.3374023,3.84124125
-140,4.892,5.3164062,4.523773
-130,5.565,6.007324,5.0530065
-120,5.675,5.875,4.878185
-110,4.941,5.0617676,4.2656195
-100,3.724,3.8063965,3.24950875
-90,2.332,2.418213,2.06027075
-80,1.075,1.2026367,0.9659735
-70,0.259,0.29492188,0.20789075
-60,0,0.001708984,0.000502
-50,0.538,0.31982422,0.48461825
-40,1.782,1.2697754,1.61687925
-30,3.485,2.793213,3.15274825
-20,4.866,4.088135,3.986633
-10,5.806,5.149658,4.80081425
0,6.193,5.529785,5.18007525
10,5.806,5.150635,4.8005005
20,4.866,4.085449,3.9862565
30,3.483,2.791504,3.15199525
40,1.786,1.2683105,1.61813425
50,0.54,0.31689453,0.48549675
60,0,0,0
70,0.259,0.29125977,0.207075
80,1.071,1.2001953,0.964844
90,2.332,2.4162598,2.059957
100,3.722,3.8044434,3.24938325
110,4.941,5.0615234,4.2651175
120,5.675,5.875,4.87787125
130,5.567,6.008545,5.05319475
140,4.892,5.314453,4.524024
150,4.068,4.3378906,3.84086475
160,3.361,3.4042969,3.2357665
170,2.927,2.701416,2.83535875
180,2.739,2.3483887,2.64522625
-170,0.149,0.13574219,0.13303
-160,0.031,0.040039062,0.04800375
-150,0.284,0.31347656,0.31368725
-140,0.803,0.89941406,0.90692575
-130,1.428,1.5361328,1.57333075
-120,2.007,2.2109375,2.20748225
-110,2.549,2.9648438,2.8211145
-100,3.138,3.8076172,3.46449025
-90,3.759,4.6259766,4.12424375
-80,3.11,3.7597656,3.42533425
-70,2.456,2.8398438,2.72931125
-60,1.867,2.0585938,2.09440675
-50,1.285,1.3974609,1.4832845
-40,0.723,0.7783203,0.84894475
-30,0.25,0.2705078,0.30578075
-20,0,0.002929688,0
-10,0.135,0.0625,0.03012
0,0.649,0.53222656,0.513295
10,0.133,0.060546875,0.028865
20,0,0,0.00031375
30,0.25,0.26757812,0.305467
40,0.723,0.7763672,0.8495095
50,1.287,1.3974609,1.483912
60,1.867,2.0566406,2.09428125
70,2.456,2.8398438,2.72843275
80,3.11,3.7597656,3.42395375
90,3.757,4.6240234,4.12361625
100,3.136,3.8066406,3.4641765
110,2.551,2.9697266,2.822495
120,2.007,2.2109375,2.20760775
130,1.43,1.5400391,1.5748995
140,0.807,0.8964844,0.9089965
150,0.284,0.31347656,0.31381275
160,0.031,0.0390625,0.04925875
170,0.149,0.13574219,0.1313985
180,0.593,0.57714844,0.551196
-170,0.495,0.35253906,0.4016
-160,0.105,0.06738281,0.07988075
-150,0,0.001953125,0
-140,0.328,0.21386719,0.2584045
-130,1.007,0.7685547,0.875237
-120,2.008,1.5556641,1.7169655
-110,3.061,2.4638672,2.59176325
-100,3.883,3.1289062,3.2453045
-90,4.206,3.3417969,3.484382
-80,3.886,3.1669922,3.23934325
-70,3.055,2.5,2.58084475
-60,2.004,1.5791016,1.715836
-50,1.007,0.7685547,0.87442125
-40,0.334,0.21679688,0.2646795
-30,0.012,0.014648438,0.00847125
-20,0.134,0.13476562,0.1153345
-10,0.528,0.46191406,0.46265575
0,0.92,0.7470703,0.780359
10,0.528,0.4609375,0.46265575
20,0.134,0.13867188,0.1153345
30,0.012,0.012695313,0.00847125
40,0.334,0.21679688,0.2646795
50,1.007,0.7685547,0.87442125
60,2.004,1.578125,1.715836
70,3.055,2.4990234,2.5809075
80,3.886,3.1669922,3.23934325
90,4.206,3.3417969,3.48444475
100,3.883,3.1259766,3.2453045
110,3.061,2.4648438,2.59176325
120,2.008,1.5556641,1.7169655
130,1.007,0.7685547,0.875237
140,0.328,0.21484375,0.2584045
150,0,0,0
160,0.107,0.06738281,0.07975525
170,0.495,0.35253906,0.4016
180,0.892,0.67089844,0.72306825
-170,2.266,2.1791992,1.948513
-160,1.727,1.7836914,1.494705
-150,1.113,1.2421875,0.96892275
-140,0.554,0.63964844,0.476649
-130,0.158,0.18554688,0.13510075
-120,0,0,0
-110,0.105,0.099121094,0.079065
-100,0.462,0.47070312,0.36438925
-90,0.987,1.034668,0.818762
-80,1.59,1.59375,1.3377045
-70,2.146,2.038086,1.8196245
-60,2.533,2.2895508,2.1296095
-50,2.619,2.3222656,2.182445
-40,2.334,2.1000977,1.9365905
-30,1.748,1.7080078,1.46213775
-20,1.057,1.2373047,0.9089965
-10,0.555,0.8598633,0.477151
0,0.374,0.68310547,0.2847595
10,0.466,0.76416016,0.385285
20,0.808,1.0629883,0.7516195
30,1.351,1.5556641,1.29258725
40,1.981,2.0917969,1.8492425
50,2.419,2.4208984,2.25015225
60,2.577,2.5463867,2.40916075
70,2.502,2.5073242,2.3467245
80,2.176,2.272461,2.05349375
90,1.602,1.8295898,1.54873275
100,1.012,1.2817383,0.9815355
110,0.587,0.8852539,0.52528025
120,0.38,0.6894531,0.29448575
130,0.444,0.7441406,0.35008225
140,0.814,1.0527344,0.68453975
150,1.485,1.4990234,1.211326
160,2.158,1.9511719,1.76045125
170,2.572,2.2617188,2.12515425
180,2.589,2.3398438,2.1838255
-170,5.63,3.359375,3.92884025
-160,4.047,3.2695312,3.96925125
-150,3.304,2.6503906,3.36760425
-140,2.802,2.0107422,2.89120625
-130,2.452,1.5820312,2.55022275
-120,2.152,0.8876953,1.6838335
-110,1.112,0.20507812,0.86061625
-100,0.338,0.002929688,0.25834175
-90,0,0.0234375,0
-80,0.17,0.15332031,0.1677935
-70,0.893,0.5332031,0.7915285
-60,2.027,1.234375,1.70924725
-50,2.537,1.6162109,2.62527175
-40,2.952,2.1083984,3.026558
-30,3.557,2.743164,3.54970475
-20,4.278,3.2714844,4.1433825
-10,5.643,3.3164062,3.92394575
0,5.701,3.3203125,3.98029525
10,5.645,3.3144531,3.927146
20,4.28,3.2841797,4.14520225
30,3.557,2.734375,3.54832425
40,2.952,2.1113281,3.02599325
50,2.537,1.6201172,2.62740525
60,2.025,1.2304688,1.7068
70,0.891,0.53515625,0.78857925
80,0.17,0.15234375,0.16798175
90,0,0.020507812,0.000502
100,0.34,0,0.2584045
110,1.114,0.20996094,0.86375375
120,2.15,0.8876953,1.6838335
130,2.452,1.5742188,2.5465205
140,2.802,2.0058594,2.89032775
150,3.304,2.6572266,3.367416
160,4.049,3.2695312,3.97100825
170,5.63,3.3603516,3.9325425
180,5.705,3.321289,3.97690675
-170,2.875,1.5927734,2.60079925
-160,3.274,1.9782715,2.94542225
-150,3.748,2.4604492,3.3411865
-140,4.109,2.897705,3.62751475
-130,4.197,3.1274414,3.67256925
-120,3.909,3.052002,3.398038
-110,3.25,2.678955,2.80448575
-100,2.332,2.0378418,1.980892
-90,1.326,1.2731934,1.09868975
-80,0.465,0.5214844,0.36426375
-70,0,0,0.00018825
-60,0.163,0.055664062,0.17676675
-50,0.924,0.6706543,0.932214
-40,2.18,1.604248,2.15991775
-30,3.756,2.6169434,3.6235615
-20,5.329,3.53125,5.04077025
-10,6.565,4.211914,6.1436015
0,7.214,4.631592,6.711991
10,6.565,4.2106934,6.14353875
20,5.327,3.5351562,5.0392015
30,3.76,2.6174316,3.62588325
40,2.18,1.6052246,2.16067075
50,0.924,0.6687012,0.93302975
60,0.163,0.055419922,0.176453
70,0,0.002685547,0
80,0.465,0.52075195,0.36401275
90,1.326,1.2702637,1.09868975
100,2.33,2.0356445,1.98007625
110,3.25,2.6779785,2.804674
120,3.909,3.0524902,3.39797525
130,4.195,3.128662,3.67213
140,4.109,2.89917,3.62726375
150,3.748,2.4624023,3.341061
160,3.274,1.9768066,2.94592425
170,2.873,1.5905762,2.59979525
180,2.692,1.4912109,2.438465
-170,0.231,0.20898438,0.196533
-160,0.835,0.78222656,0.71277725
-150,1.79,1.6855469,1.5196795
-140,3.043,2.868164,2.5648435
-130,4.479,4.1992188,3.7508185
-120,5.988,5.533203,4.966788
-110,7.379,6.6728516,6.0534925
-100,8.473,7.510742,6.9033785
-90,9.126,7.970703,7.389942
-80,9.245,8.082031,7.48638875
-70,8.892,7.8964844,7.26701475
-60,8.284,7.544922,6.89038925
-50,7.678,7.15625,6.51539525
-40,7.217,6.875,6.26527375
-30,6.989,6.767578,6.20390425
-20,6.991,6.8291016,6.32413325
-10,7.118,6.919922,6.500398
0,7.015,6.651367,6.37257625
10,7.118,6.919922,6.500398
20,6.991,6.8271484,6.32413325
30,6.989,6.767578,6.20390425
40,7.217,6.875,6.26527375
50,7.678,7.15625,6.51539525
60,8.284,7.544922,6.89038925
70,8.892,7.8964844,7.26701475
80,9.245,8.082031,7.48638875
90,9.126,7.970703,7.389942
100,8.473,7.5097656,6.9033785
110,7.379,6.6728516,6.05355525
120,5.988,5.533203,4.966788
130,4.479,4.1992188,3.7508185
140,3.043,2.868164,2.5648435
150,1.79,1.6865234,1.5196795
160,0.835,0.78222656,0.71284
170,0.231,0.2109375,0.196533
180,0,0,0
-170,1.903,1.9716797,2.11448675
-160,2.015,2.0263672,2.2508425
-150,2.285,2.2705078,2.55769
-140,2.749,2.7539062,3.06301575
-130,3.44,3.5292969,3.8015205
-120,4.36,4.5546875,4.76328975
-110,5.463,5.7421875,5.906281
-100,6.647,6.897461,7.1290275
-90,7.554,8.326172,7.6975425
-80,5.481,6.828125,5.783291
-70,4.001,5.25,4.269259
-60,2.719,3.7226562,2.9383315
-50,1.696,2.3847656,1.85645875
-40,0.929,1.3320312,1.03481025
-30,0.401,0.5810547,0.459079
-20,0.082,0.1171875,0.0917405
-10,0,0,0
0,0.028,0.055664062,0.04210525
10,0.002,0.001953125,0.00094125
20,0.082,0.119140625,0.09105025
30,0.401,0.5830078,0.45976925
40,0.929,1.3339844,1.03631625
50,1.696,2.3886719,1.85921975
60,2.719,3.7226562,2.93801775
70,4.001,5.2470703,4.26994925
80,5.481,6.8310547,5.7824125
90,7.554,8.323242,7.70086825
100,6.647,6.8964844,7.12883925
110,5.463,5.7421875,5.9074105
120,4.36,4.5566406,4.76291325
130,3.44,3.5273438,3.80007725
140,2.749,2.7529297,3.063204
150,2.285,2.274414,2.5588195
160,2.015,2.0273438,2.25303875
170,1.903,1.9746094,2.1163065
180,2.326,2.078125,2.262514
-170,0.4,0.33007812,0.31017325
-160,1.016,1.0029297,0.85208225
-150,1.89,1.8964844,1.61876175
-140,2.829,2.7509766,2.41505925
-130,3.58,3.3510742,3.02511475
-120,3.891,3.5292969,3.25867025
-110,3.607,3.2495117,3.0264325
-100,2.806,2.578125,2.389269
-90,1.762,1.6582031,1.513028
-80,0.788,0.7763672,0.6697935
-70,0.148,0.14355469,0.10291
-60,0,0.000488281,0
-50,0.432,0.48095703,0.4228095
-40,1.357,1.4165039,1.3013095
-30,2.589,2.5810547,2.43426075
-20,3.844,3.6923828,3.546881
-10,4.791,4.4663086,4.3542225
0,5.146,4.7402344,4.64657475
10,4.791,4.466797,4.35453625
20,3.846,3.6918945,3.54744575
30,2.589,2.5805664,2.43400975
40,1.357,1.4155273,1.30124675
50,0.432,0.4814453,0.42299775
60,0.002,0,0.0003765
70,0.148,0.1484375,0.10259625
80,0.786,0.77441406,0.6690405
90,1.764,1.6582031,1.51296525
100,2.806,2.5771484,2.38895525
110,3.605,3.2485352,3.02599325
120,3.889,3.5283203,3.2581055
130,3.58,3.3481445,3.02511475
140,2.827,2.7485352,2.41462
150,1.89,1.8935547,1.6185735
160,1.016,1.0053711,0.85208225
170,0.4,0.32861328,0.31042425
180,0.178,0.076660156,0.12029175
-170,0,0,0
-160,0.101,0.032226562,0.03514
-150,0.387,0.23339844,0.2451015
-140,0.892,0.6582031,0.6785785
-130,1.594,1.2597656,1.30902775
-120,2.451,1.9677734,2.079786
-110,3.371,2.6396484,2.85638
-100,4.053,3.0791016,3.438951
-90,4.322,3.2167969,3.65663075
-80,4.075,3.0859375,3.438198
-70,3.396,2.6904297,2.87865625
-60,2.468,2.0488281,2.1220795
-50,1.628,1.3408203,1.3522625
-40,0.906,0.68359375,0.68692425
-30,0.406,0.24707031,0.25294525
-20,0.192,0.11425781,0.11577375
-10,0.245,0.25976562,0.25106275
0,0.319,0.40722656,0.369221
10,0.245,0.25976562,0.25106275
20,0.192,0.11425781,0.115711
30,0.406,0.24707031,0.25294525
40,0.906,0.68359375,0.68692425
50,1.628,1.3408203,1.352137
60,2.468,2.0488281,2.1220795
70,3.396,2.6894531,2.87865625
80,4.075,3.0859375,3.438198
90,4.322,3.2167969,3.65663075
100,4.053,3.0800781,3.438951
110,3.371,2.640625,2.8562545
120,2.451,1.9677734,2.07972325
130,1.594,1.2597656,1.3090905
140,0.892,0.6582031,0.67851575
150,0.387,0.23339844,0.245227
160,0.101,0.032226562,0.03514
170,0,0,0
180,0.235,0.2890625,0.25821625
-170,0.227,0.3154297,0.21579725
-160,0.859,0.9941406,0.80414125
-150,2.102,2.3945312,1.95384675
-140,3.932,4.289551,3.65135975
-130,6.237,6.2075195,5.80519075
-120,8.867,7.6918945,8.2713285
-110,11.653,8.511719,10.90889925
-100,14.356,8.8984375,13.50536875
-90,12.979,8.254395,12.43096325
-80,10.78,7.7490234,10.282968
-70,8.782,7.7026367,8.33313725
-60,7.116,7.1054688,6.69988025
-50,5.34,5.9023438,4.967039
-40,3.998,4.805176,3.64834775
-30,3.133,3.7514648,2.75792525
-20,2.682,3.0058594,2.2576195
-10,2.56,2.6279297,2.0763975
0,2.6,2.5263672,2.08499425
10,2.562,2.625,2.07646025
20,2.68,3.0063477,2.2573685
30,3.133,3.7509766,2.7581135
40,3.998,4.801758,3.64797125
50,5.338,5.9052734,4.96572125
60,7.116,7.104004,6.7003195
70,8.782,7.703125,8.33301175
80,10.782,7.7539062,10.2833445
90,12.983,8.255859,12.43259475
100,14.356,8.897949,13.50474125
110,11.649,8.505859,10.9070795
120,8.869,7.6914062,8.272207
130,6.233,6.2055664,5.803873
140,3.932,4.288086,3.6516735
150,2.102,2.3955078,1.95321925
160,0.859,0.9946289,0.804455
170,0.227,0.3149414,0.21604825
180,0,0,0
-170,0.09,0.10644531,0.08791275
-160,0.372,0.39941406,0.35296875
-150,0.825,0.8183594,0.79460325
-140,1.454,1.3662109,1.43314725
-130,2.261,2.1142578,2.2802095
-120,3.259,3.0986328,3.32079275
-110,4.421,4.2998047,4.510219
-100,5.654,5.6171875,5.74206425
-90,6.805,7.0214844,6.87407425
-80,7.239,7.022461,7.001394
-70,6.369,6.171875,6.11931725
-60,5.59,5.3027344,5.3080225
-50,5.085,4.5927734,4.6581835
-40,4.782,4.142578,4.2129095
-30,4.642,3.9111328,3.94653575
-20,4.622,3.803711,3.82273
-10,4.683,3.758789,3.78187975
0,4.75,3.7109375,3.75677975
10,4.683,3.7578125,3.781817
20,4.622,3.8027344,3.82266725
30,4.642,3.9082031,3.94653575
40,4.782,4.1445312,4.2129095
50,5.085,4.59375,4.6581835
60,5.59,5.3027344,5.3080225
70,6.369,6.1689453,6.11944275
80,7.239,7.022461,7.001394
90,6.805,7.0214844,6.874137
100,5.654,5.6171875,5.74206425
110,4.421,4.2958984,4.51028175
120,3.259,3.0976562,3.32041625
130,2.261,2.1142578,2.2802095
140,1.454,1.3662109,1.43314725
150,0.825,0.8183594,0.79460325
160,0.372,0.39941406,0.35296875
170,0.09,0.107421875,0.08791275
180,0,0,0
-170,0.108,0.091796875,0.0839595
-160,0.399,0.30566406,0.27503325
-150,0.945,0.71972656,0.66809925
-140,1.82,1.4179688,1.3457365
-130,3.008,2.383789,2.29432825
-120,4.445,3.5810547,3.44742225
-110,6.003,4.8564453,4.684664
-100,7.443,5.9804688,5.82012525
-90,8.532,6.6132812,6.65808875
-80,9.046,6.767578,7.0715485
-70,8.899,6.770508,7.106814
-60,8.536,6.4902344,6.985079
-50,8.242,6.2197266,6.9292315
-40,8.23,6.2685547,7.122878
-30,8.585,6.7929688,7.66108475
-20,9.304,7.6396484,8.52803875
-10,10.285,8.541992,9.57922675
0,10.962,8.755859,10.129607
10,10.289,8.536133,9.579666
20,9.306,7.6347656,8.5255915
30,8.579,6.7871094,7.6583865
40,8.228,6.274414,7.12344275
50,8.242,6.220703,6.92941975
60,8.534,6.491211,6.983071
70,8.899,6.7685547,7.1049315
80,9.042,6.7558594,7.06684225
90,8.532,6.6210938,6.65909275
100,7.443,5.979492,5.82012525
110,5.999,4.8535156,4.681652
120,4.443,3.5820312,3.44629275
130,3.012,2.3886719,2.29909725
140,1.82,1.4150391,1.34441875
150,0.945,0.71972656,0.6655265
160,0.395,0.31152344,0.27315075
170,0.106,0.09765625,0.0859675
180,0,0,0
-170,2.916,2.8642578,3.10279925
-160,1.505,1.6289062,1.700023
-150,0.481,0.6748047,0.63333575
-140,0.004,0.15625,0.07222525
-130,0.068,0.012695313,0.02177425
-120,0.545,0.14453125,0.33841075
-110,1.173,0.60546875,0.823531
-100,1.689,1.0605469,1.23611225
-90,1.878,1.2167969,1.37165225
-80,1.667,1.0878906,1.21628325
-70,1.116,0.6279297,0.77853925
-60,0.478,0.14550781,0.29109725
-50,0.024,0.004882813,0
-40,0.049,0.19042969,0.135289
-30,0.617,0.82421875,0.8033255
-20,1.696,1.8974609,1.93527275
-10,3.053,3.1269531,3.2751735
0,4.196,3.9140625,4.32755375
10,3.059,3.1259766,3.278813
20,1.69,1.890625,1.9300645
30,0.619,0.8339844,0.8063375
40,0.049,0.19140625,0.13572825
50,0.028,0.004882813,0.0026355
60,0.478,0.14257812,0.29034425
70,1.116,0.6230469,0.778602
80,1.669,1.0869141,1.21778925
90,1.878,1.2128906,1.371715
100,1.695,1.0625,1.240693
110,1.173,0.60839844,0.82522525
120,0.543,0.1484375,0.33891275
130,0.066,0,0.0186995
140,0,0.15234375,0.069778
150,0.483,0.67285156,0.6351555
160,1.507,1.6240234,1.70171725
170,2.92,2.8671875,3.10493275
180,4.132,3.6953125,4.224581
-170,5.781,4.6552734,5.14299
-160,5.658,4.6748047,5.0545125
-150,5.475,4.5219727,4.8800675
-140,5.161,4.1850586,4.5675725
-130,4.662,3.7573242,4.1320875
-120,3.955,3.2773438,3.535335
-110,3.108,2.7802734,2.80869
-100,2.221,2.309082,2.064475
-90,1.39,1.8222656,1.3384575
-80,0.706,1.2875977,0.74296
-70,0.261,0.76416016,0.31124
-60,0.029,0.35351562,0.0583575
-50,0,0.11328125,0
-40,0.237,0.002441406,0.11044
-30,0.606,0.009277344,0.33132
-20,0.97,0.05859375,0.5754175
-10,1.209,0.104003906,0.7636675
0,1.287,0.13916016,0.849635
10,1.209,0.106933594,0.7624125
20,0.972,0.057128906,0.578555
30,0.606,0.006835938,0.33132
40,0.237,0,0.1098125
50,0,0.107421875,0
60,0.029,0.35351562,0.05773
70,0.261,0.76904297,0.30873
80,0.708,1.2900391,0.74547
90,1.392,1.8217773,1.3409675
100,2.221,2.3081055,2.061965
110,3.11,2.7875977,2.8105725
120,3.953,3.2749023,3.5372175
130,4.664,3.7592773,4.132715
140,5.161,4.1870117,4.5663175
150,5.473,4.517578,4.8763025
160,5.658,4.6757812,5.0520025
170,5.781,4.661133,5.14299
180,5.811,4.5620117,5.119145
-170,0.002,0.00390625,0.00081575
-160,0.217,0.21142578,0.2762255
-150,0.974,1.0864258,1.078045
-140,2.213,2.5341797,2.31478475
-130,3.866,4.3691406,3.894265
-120,5.787,6.409668,5.6973235
-110,7.835,8.467773,7.60925325
-100,7.406,9.843262,7.22698025
-90,6.529,8.801758,6.35400225
-80,5.513,7.4072266,5.35527325
-70,4.443,5.7402344,4.297371
-60,3.403,4.006836,3.274546
-50,2.451,2.5058594,2.34703825
-40,1.726,1.3393555,1.5593375
-30,1.238,0.57910156,0.99339525
-20,1.052,0.17871094,0.7242605
-10,1.141,0.07324219,0.7312885
0,1.306,0.15771484,0.81832275
10,1.141,0.07421875,0.731163
20,1.052,0.18115234,0.7247625
30,1.238,0.58154297,0.9925795
40,1.726,1.3393555,1.55814525
50,2.451,2.5078125,2.347603
60,3.403,4.008301,3.27423225
70,4.445,5.7436523,4.2987515
80,5.515,7.411133,5.3569675
90,6.529,8.802734,6.35375125
100,7.406,9.839355,7.226039
110,7.839,8.466797,7.61113575
120,5.785,6.4125977,5.69726075
130,3.862,4.3686523,3.89301
140,2.213,2.5322266,2.314722
150,0.974,1.0839844,1.07873525
160,0.217,0.20947266,0.27704125
170,0,0,0
180,0.394,0.46240234,0.28256325
-170,0.036,1.6533203,0.0435485
-160,0.227,1.1015625,0.266562
-150,0.65,0.37695312,0.73398675
-140,1.286,0,1.41620475
-130,2.151,0.8935547,2.33586875
-120,3.243,3.5820312,3.4827505
-110,4.513,7.6914062,4.79642175
-100,5.88,11.958008,6.21419525
-90,7.097,14.521484,7.45149975
-80,5.653,11.175781,5.99808425
-70,4.215,6.65625,4.51730975
-60,2.934,2.7490234,3.18186425
-50,1.889,0.5625,2.07344825
-40,1.097,0.09667969,1.22092675
-30,0.533,0.5888672,0.60672975
-20,0.168,1.2275391,0.19885475
-10,0.029,1.7050781,0.03369675
0,0,1.90625,0
10,0.029,1.7050781,0.03369675
20,0.168,1.2275391,0.19885475
30,0.533,0.58984375,0.60672975
40,1.097,0.09863281,1.22092675
50,1.889,0.56152344,2.073511
60,2.934,2.7470703,3.1818015
70,4.215,6.65625,4.51730975
80,5.653,11.176758,5.99808425
90,7.097,14.520508,7.45149975
100,5.88,11.958008,6.21419525
110,4.513,7.6904297,4.79642175
120,3.243,3.5830078,3.4827505
130,2.151,0.8935547,2.33586875
140,1.286,0,1.41620475
150,0.65,0.37597656,0.73398675
160,0.227,1.1015625,0.266562
170,0.036,1.6533203,0.0435485
180,0.005,1.9121094,0.00445525
-170,1.156,1.3964844,0.7882655
-160,1.217,1.3740234,0.83614375
-150,1.228,1.3017578,0.87668025
-140,1.091,1.0703125,0.79523075
-130,0.796,0.6669922,0.57184075
-120,0.477,0.265625,0.32146825
-110,0.227,0.041015625,0.13052
-100,0.07,0,0.03344575
-90,0,0.008789063,0
-80,0.032,0.006835938,0.02177425
-70,0.186,0.061523438,0.13058275
-60,0.464,0.29882812,0.35033325
-50,0.805,0.7167969,0.603906
-40,1.072,1.0761719,0.76699325
-30,1.188,1.2695312,0.82058175
-20,1.169,1.3388672,0.7847515
-10,1.103,1.3398438,0.7285275
0,1.065,1.3271484,0.700541
10,1.103,1.3398438,0.7285275
20,1.169,1.3388672,0.784626
30,1.188,1.2695312,0.82058175
40,1.072,1.0761719,0.767056
50,0.805,0.7167969,0.60396875
60,0.464,0.29882812,0.35020775
70,0.186,0.061523438,0.13052
80,0.032,0.006835938,0.02164875
90,0,0.008789063,0.000251
100,0.07,0,0.033383
110,0.227,0.041992188,0.1306455
120,0.477,0.265625,0.32159375
130,0.796,0.6660156,0.57184075
140,1.091,1.0703125,0.79523075
150,1.228,1.3017578,0.876743
160,1.217,1.3730469,0.8362065
170,1.156,1.3964844,0.78820275
180,1.072,1.3349609,0.7081965
-170,0.209,0.34228516,0.23343
-160,0.74,0.8671875,0.714848
-150,1.562,1.7680664,1.5264565
-140,2.59,2.8891602,2.553423
-130,3.717,4.1123047,3.6860605
-120,4.808,5.3686523,4.770757
-110,5.749,6.6401367,5.71746625
-100,6.506,7.8867188,6.4917385
-90,6.822,9.95459,6.46757975
-80,6.681,9.609863,6.323192
-70,6.427,8.954102,6.091017
-60,6.161,8.310547,5.83568725
-50,5.812,7.5722656,5.4947665
-40,5.417,6.8085938,5.086766
-30,5.132,6.2109375,4.77709475
-20,5.341,5.790039,4.5929235
-10,5.794,4.956543,4.3715415
0,5.794,5.2695312,4.48844475
10,5.794,4.9560547,4.3715415
20,5.341,5.790039,4.5929235
30,5.132,6.211426,4.777032
40,5.417,6.8085938,5.086766
50,5.812,7.569824,5.4947665
60,6.161,8.312012,5.83568725
70,6.427,8.954102,6.091017
80,6.681,9.610352,6.323192
90,6.822,9.95459,6.46757975
100,6.506,7.887207,6.4917385
110,5.749,6.640625,5.71746625
120,4.808,5.3686523,4.770757
130,3.717,4.1123047,3.6860605
140,2.59,2.8891602,2.553423
150,1.562,1.7680664,1.5264565
160,0.74,0.8671875,0.71478525
170,0.209,0.34228516,0.23343
180,0,0,0
-170,0.107,0.2631836,0.07448425
-160,1.148,1.4082031,1.0304805
-150,2.889,3.1733398,2.6024935
-140,5.12,5.321289,4.61808625
-130,7.509,7.533203,6.7962015
-120,9.721,9.284668,8.85772725
-110,11.55,10.284668,10.58969
-100,12.808,10.575684,11.815323
-90,13.448,10.406738,12.422492
-80,13.546,10.253418,12.49647425
-70,13.479,10.018555,12.39594875
-60,12.183,9.402832,11.15073775
-50,10.918,9.124512,9.95246375
-40,9.707,8.608887,8.808343
-30,8.715,7.9243164,7.861822
-20,8.015,7.262207,7.1897695
-10,7.616,6.8183594,6.8112615
0,7.475,6.7041016,6.66925825
10,7.616,6.821289,6.811889
20,8.013,7.26416,7.18983225
30,8.713,7.921875,7.86113175
40,9.709,8.615234,8.8092215
50,10.92,9.127441,9.95346775
60,12.183,9.404785,11.151428
70,13.477,10.01416,12.394631
80,13.546,10.255859,12.496788
90,13.448,10.40332,12.4223665
100,12.808,10.57959,11.815072
110,11.548,10.282227,10.58887425
120,9.721,9.283203,8.85722525
130,7.507,7.5336914,6.7962015
140,5.122,5.3242188,4.61959225
150,2.889,3.1743164,2.60356025
160,1.144,1.4008789,1.028347
170,0.107,0.2602539,0.07385675
180,0,0,0
-170,0.737,0.5097656,0.7536275
-160,0.225,0.16503906,0.25420025
-150,0.002,0.004882813,0.00269825
-140,0.205,0.1015625,0.11050275
-130,0.765,0.45898438,0.59738
-120,1.642,0.9189453,1.31040825
-110,2.594,1.5859375,2.07608375
-100,3.327,2.2753906,2.66154125
-90,3.644,2.727539,2.89785775
-80,3.496,2.8388672,2.80661925
-70,3.033,2.7148438,2.48985725
-60,2.527,2.4941406,2.15113275
-50,2.245,2.4326172,2.0146515
-40,2.395,2.6660156,2.241681
-30,2.999,3.2509766,2.91003125
-20,4.039,4.024414,3.92871475
-10,5.255,4.7734375,5.072961
0,5.796,4.4628906,5.3346285
10,5.253,4.7734375,5.072961
20,4.035,4.0195312,3.92557725
30,2.995,3.2558594,2.90978025
40,2.395,2.671875,2.24149275
50,2.243,2.4335938,2.012769
60,2.527,2.493164,2.15075625
70,3.035,2.7226562,2.49148875
80,3.494,2.836914,2.805678
90,3.642,2.7314453,2.8981715
100,3.327,2.2792969,2.66317275
110,2.594,1.5791016,2.076774
120,1.642,0.9140625,1.3110985
130,0.765,0.45898438,0.59487
140,0.205,0.10644531,0.11200875
150,0,0,0
160,0.225,0.16699219,0.25595725
170,0.739,0.5058594,0.75343925
180,0.821,0.2939453,0.70750625
-170,0.158,0.1875,0.138552
-160,0.23,0.2763672,0.16496975
-150,0.497,0.5654297,0.38283775
-140,0.97,1.03125,0.8158755
-130,1.633,1.6591797,1.45159575
-120,2.432,2.350586,2.23069975
-110,3.383,3.0029297,3.02235375
-100,4.163,3.4863281,3.63015025
-90,4.482,3.6171875,3.86031725
-80,4.189,3.5097656,3.64759475
-70,3.454,3.038086,3.07242825
-60,2.519,2.3857422,2.310204
-50,1.71,1.7167969,1.537877
-40,1.018,1.0771484,0.87166025
-30,0.513,0.5830078,0.4004705
-20,0.233,0.2861328,0.16572275
-10,0.205,0.25683594,0.18605375
0,0,0,0
10,0.205,0.25683594,0.185991
20,0.233,0.28515625,0.16572275
30,0.513,0.5830078,0.4004705
40,1.018,1.0751953,0.8718485
50,1.71,1.7167969,1.537877
60,2.519,2.3857422,2.310204
70,3.454,3.038086,3.0723655
80,4.189,3.5097656,3.647783
90,4.482,3.6171875,3.86031725
100,4.163,3.4873047,3.63015025
110,3.383,3.0029297,3.02235375
120,2.432,2.350586,2.23082525
130,1.633,1.6591797,1.45159575
140,0.97,1.0332031,0.816001
150,0.497,0.5654297,0.383026
160,0.23,0.27929688,0.164907
170,0.158,0.1875,0.138552
180,0.244,0.27246094,0.2546395
-170,2.818,2.3642578,2.6592195
-160,2.922,2.5146484,2.73583725
-150,3.186,2.819336,2.96713375
-140,3.634,3.2773438,3.38856275
-130,4.317,3.8544922,4.0093485
-120,5.232,4.4453125,4.76398
-110,6.194,4.9804688,5.5547555
-100,6.997,5.3671875,6.192672
-90,7.33,5.4541016,6.4611165
-80,6.922,5.3779297,6.20465725
-70,5.93,4.9052734,5.44575875
-60,4.672,4.029297,4.36658425
-50,3.381,3.022461,3.21185875
-40,2.215,2.0351562,2.1343785
-30,1.28,1.1777344,1.22895875
-20,0.59,0.54296875,0.56104775
-10,0.161,0.13671875,0.14727425
0,0,0,0
10,0.161,0.13476562,0.14727425
20,0.59,0.5439453,0.56104775
30,1.28,1.1777344,1.22895875
40,2.215,2.0351562,2.13431575
50,3.381,3.0234375,3.211796
60,4.672,4.029297,4.36658425
70,5.93,4.9052734,5.44575875
80,6.922,5.3779297,6.20472
90,7.33,5.4541016,6.4611165
100,6.997,5.368164,6.192672
110,6.194,4.9804688,5.55469275
120,5.232,4.4453125,4.76398
130,4.317,3.8544922,4.00928575
140,3.634,3.2783203,3.38856275
150,3.186,2.819336,2.96713375
160,2.922,2.515625,2.73583725
170,2.818,2.3720703,2.66003525
180,2.736,2.2451172,2.5854255
-170,0.425,0.5332031,0.502753
-160,0.087,0.16015625,0.14263075
-150,0.013,0.015625,0.016064
-140,0.245,0.119140625,0.16446775
-130,0.782,0.5214844,0.58690075
-120,1.548,1.1083984,1.1994035
-110,2.438,1.703125,1.8796135
-100,3.158,2.116211,2.4250365
-90,3.443,2.2236328,2.63267625
-80,3.162,2.1367188,2.42246375
-70,2.439,1.7421875,1.89260275
-60,1.567,1.1435547,1.2310295
-50,0.789,0.54589844,0.603906
-40,0.244,0.13085938,0.16685225
-30,0,0,0
-20,0.128,0.21386719,0.1836065
-10,0.48,0.63183594,0.5769235
0,0.884,1.0107422,0.94018325
10,0.48,0.6308594,0.57673525
20,0.128,0.21386719,0.1836065
30,0,0,0
40,0.244,0.13085938,0.166915
50,0.789,0.5449219,0.603906
60,1.567,1.1435547,1.2310295
70,2.441,1.7421875,1.89260275
80,3.162,2.1357422,2.42233825
90,3.443,2.2246094,2.63267625
100,3.158,2.116211,2.4250365
110,2.438,1.7021484,1.87955075
120,1.548,1.1083984,1.1994035
130,0.782,0.5234375,0.58690075
140,0.245,0.12207031,0.1645305
150,0.013,0.014648438,0.016064
160,0.087,0.16015625,0.14263075
170,0.425,0.53222656,0.502753
180,0.849,0.8671875,0.81493425
-170,2.288,1.5634766,1.83374325
-160,1.81,1.246582,1.42386025
-150,1.203,0.8432617,0.91571075
-140,0.63,0.4326172,0.44935275
-130,0.204,0.11669922,0.12368025
-120,0,0,0
-110,0.075,0.13623047,0.092368
-100,0.357,0.5083008,0.3884225
-90,0.8,1.034668,0.840599
-80,1.323,1.5244141,1.366946
-70,1.861,1.8266602,1.833304
-60,2.241,1.9111328,2.10996875
-50,2.312,1.8095703,2.10331725
-40,1.999,1.5288086,1.7759505
-30,1.397,1.1225586,1.230653
-20,0.781,0.6713867,0.657369
-10,0.387,0.34228516,0.2325515
0,0.244,0.21972656,0.07686875
10,0.387,0.3413086,0.23211225
20,0.781,0.67285156,0.6564905
30,1.397,1.1235352,1.23109225
40,1.999,1.5268555,1.775323
50,2.314,1.8071289,2.103631
60,2.243,1.9121094,2.111412
70,1.861,1.8256836,1.83374325
80,1.323,1.5229492,1.3663185
90,0.8,1.0332031,0.8402225
100,0.357,0.51123047,0.39011675
110,0.075,0.1381836,0.091866
120,0.002,0,0.00169425
130,0.206,0.11767578,0.12468425
140,0.63,0.4350586,0.44929
150,1.203,0.84277344,0.91495775
160,1.812,1.2495117,1.42561725
170,2.286,1.5629883,1.832802
180,2.473,1.6875,1.99513625
