mm_relative_energy,ccsd(t)_relative_energy
11.888431,15.34
0.6973059,0.29999924
3.1013896,1.5900002
0.1915197,0.34000015
3.610013,4.3499994
0.8366314,1.0799999
7.6508107,9.63
0.0,0.0
1.9601103,0.3599999
0.87022924,1.3900001
0.07352025,0.0
0.13512431,0.47000003
2.6148314,3.24
0.58087647,0.00999999
1.8387183,2.47
0.0,0.19000006
3.8402717,4.02
0.0,0.09000015
2.1962862,1.9200001
0.14385678,0.0
0.22436719,0.6199999
0.8918598,0.52
5.4517455,6.07
0.474547,0.17000008
0.0,0.74
3.5527315,2.66
0.08504896,0.13999987
0.38987368,0.0
0.78515935,0.119999886
1.202516,0.3900001
2.3287027,1.3900001
4.565037,3.67
0.005080108,0.0
0.0,0.059999943
2.84501,3.7600002
0.33298594,0.45000005
2.2087967,2.8400002
0.41641024,0.4000001
0.17628668,0.13999987
1.1758718,1.3600001
0.73465455,0.4699998
0.11258475,0.0
1.8175591,1.6100001
0.3861201,0.17000008
3.1714718,3.23
0.20553468,0.4699998
0.0,0.059999943
4.4668984,4.74
0.54217935,0.44000006
0.041397594,0.069999695
4.771772,4.88
3.2072744,3.2299998
0.0,0.0
0.21260782,0.14999962
1.6838639,1.5799999
0.59749985,0.50999975
2.4817736,0.6199999
1.7530653,0.23999977
0.0,0.4499998
1.0426042,0.0
7.0816298,4.25
4.524843,2.0900002
0.42056584,0.019999504
10.208276,6.64
1.0270972,1.42
0.83338934,1.24
0.08512554,0.14999998
0.46164435,0.71999997
1.4391366,1.15
0.039692674,0.0
0.0,0.00999999
0.38663888,0.27999997
1.9323338,1.28
0.24632508,0.0
0.013179835,0.1400001
0.0,0.72
0.96857566,0.37000012
2.8846152,2.29
0.5920277,0.11000013
3.593974,2.97
5.6366396,4.1
7.626246,6.05
0.7124159,0.0
0.0,0.5
0.2332975,0.05000019
1.3006161,0.21999979
3.6236265,2.0300002
1.9184811,0.59000015
0.43690753,0.31999993
0.35330275,0.23000002
0.9146419,0.72
0.009839291,0.029999971
1.8407824,1.63
1.4614848,1.27
0.0,0.0
0.15072568,0.09000003
8.94105,0.32999992
0.0,0.8699999
0.27103212,1.68
4.094678,0.049999952
0.55572516,2.3899999
0.23730348,0.25
1.8015032,0.0
0.7246533,0.089999914
4.4263935,4.5299997
8.689344,9.88
1.492595,1.6399994
12.957261,15.5
0.15315905,0.29999924
0.49807623,0.37000084
0.0,0.0
1.3438003,1.1499996
0.03525624,0.07000005
0.0,0.0
0.8532485,0.77
0.21441302,0.23000002
1.5089562,1.33
1.9165428,1.65
1.4853208,0.62
0.32340193,0.120000005
4.9900484,4.6600003
0.64499867,0.14000034
0.2022379,0.0
1.1556025,0.5
0.0,0.32000017
2.537337,1.8700001
3.9361284,3.4800003
0.43128768,1.5300002
6.7038536,6.2799997
2.628593,2.94
5.023472,5.0299997
7.5384502,3.07
1.9494048,0.63999987
0.0,0.23000002
0.16909868,0.0
0.48211065,0.84000015
3.871451,3.88
2.8906288,3.1100001
0.2707373,0.59000015
0.07778072,0.0
0.98020196,0.16000009
1.488891,1.8400002
3.7585506,1.0800002
0.0,0.21000004
2.286237,0.23000002
3.0680075,0.5999999
5.080221,1.96
7.3768067,3.9
9.719678,5.7400002
1.4739238,0.0
0.68294406,0.010000229
0.0,0.39000034
0.0,0.0
1.2359177,1.26
0.3675274,0.35000014
0.10012153,0.089999914
0.6289305,0.52
2.357389,2.47
0.12782325,0.120000124
3.3636844,3.48
1.0694557,1.0100002
3.3642204,1.4800005
0.0,0.0
12.437884,13.85
8.24092,8.83
4.0764422,4.0300007
0.6830904,0.2800007
0.30196193,0.3199997
1.19919,1.4300001
1.3321444,1.3000002
1.5994828,0.36000013
0.6753845,0.3800001
2.8577194,3.25
2.2665086,2.68
3.3162565,2.67
0.2320147,0.26999998
0.7684384,0.08000016
3.8855643,1.3100002
0.055005938,0.03000021
0.58399,0.1400001
2.1481965,2.3500001
0.0,0.0
2.7456763,3.0700002
0.83054477,0.71000004
1.0164692,0.5199995
0.5351755,0.17000008
0.31176293,0.5999994
0.0,0.09000015
2.5438254,1.96
0.15468436,0.0
6.8803134,6.85
4.5466766,4.2
6.483341,6.72
0.0,0.3899994
9.199831,8.83
0.20836832,0.0
3.1050146,3.7499995
0.50423265,1.1300001
1.9303973,0.3199997
6.750293,1.9599996
0.14593549,0.3800001
0.0052113957,0.17000008
2.5317774,2.73
1.0571567,0.20000005
0.26611122,0.0
1.822001,2.1200001
0.0,0.01999998
0.8035141,1.1100001
0.12652496,0.32000005
1.0788902,1.5
0.0096715335,0.13
1.4175216,1.87
0.5816195,0.9
1.0978248,0.33000004
0.0,0.0
0.24817404,0.01999998
0.7514512,0.3900001
3.9833791,3.88
0.41943166,0.13000011
0.14435275,0.0
0.13187312,0.5700002
1.7389542,1.3900001
0.0,0.09000015
2.9169996,2.71
0.013638887,0.059999943
2.2528584,0.30999994
0.5910362,1.06
0.7891253,0.049999952
0.0,0.16999996
0.20342177,0.0
0.8425936,1.38
0.24137944,0.59
0.0,0.24000025
1.7959514,2.4
3.709551,1.0100002
0.14324227,0.0
4.2577724,4.63
1.0993237,0.1500001
3.3244183,3.8600001
0.30906606,0.7600002
2.4689798,0.0
1.670101,0.26
0.24993913,0.5700002
0.06913396,0.32000017
2.507874,2.9700003
13.000937,1.3500001
3.433285,2.83
0.8960173,0.98
3.0705261,3.14
3.2948678,3.7800002
0.80697864,0.93000007
2.2968762,1.97
1.6385446,0.70000005
4.3801475,1.6200001
3.5860276,3.8700001
5.961315,0.33000016
0.0,0.2900002
3.4029431,3.91
1.3501418,1.7900002
1.9564725,0.84000015
2.6274917,3.19
0.7451275,0.70000005
1.004016,0.6200001
1.5174862,1.8600001
1.0812534,1.49
0.5544612,0.83000004
1.6584346,0.97
1.4151511,1.8100001
0.09050834,0.19000006
0.0,0.029999971
0.48526886,0.24000001
0.06788308,0.0
1.98493,1.8399997
5.0983005,5.96
0.044822015,0.0
0.46668434,0.63999987
0.7252219,0.48000002
0.33184993,0.15999985
3.5678587,3.8999999
0.0,0.10999966
4.8999085,5.46
1.8834327,2.42
4.3819633,2.18
0.3282997,0.6300001
3.701207,4.35
0.11971258,0.0
0.0,0.15999985
1.21466,0.49000025
0.0,0.0
0.8654783,0.01999998
2.834591,0.6199999
0.18371537,0.26
1.9384423,2.07
1.01608,1.1499999
2.5881636,2.6599998
1.6549965,0.44000006
0.79549825,0.0
2.7219121,1.4299998
0.0,0.3199997
0.36263192,0.009999752
1.235483,0.17000008
4.950428,4.02
3.8792293,2.78
2.38072,0.0
0.8163183,0.099999905
0.7144572,2.3200002
1.5022296,3.37
0.0,1.1500001
5.7879972,0.07999992
13.048236,0.45000005
0.14287941,0.30999994
0.16242762,0.47000027
0.34473073,0.07999992
2.676229,4.3
0.0,0.17000008
0.0046087485,0.0
1.354812,0.5799999
1.8709048,3.0900002
0.89901865,1.6000001
0.009594037,0.5700002
0.7568048,0.19999981
4.48399,4.19
0.0,0.07000017
1.2653061,0.5700002
6.114884,6.27
0.30414003,0.0
2.737653,2.04
0.0,0.47000003
2.257435,0.13999987
6.2894692,2.1100001
0.77174795,0.059999943
4.528238,1.1700001
2.9172766,0.3699999
1.5365795,0.0
8.054397,2.85
0.12000251,0.0
0.43235576,0.19999981
6.244483,7.1200004
2.1764214,2.0400004
0.83841795,0.5600004
4.184614,4.57
0.0,0.07999992
0.23983362,0.59000015
0.83536965,0.28999996
0.12723975,0.0
1.1313798,0.79999995
2.867143,1.2299999
3.162351,2.6399999
0.11905614,0.26999998
0.0,0.049999952
0.78962314,1.0999999
1.2251631,1.3299999
1.9786893,2.3799999
1.5887719,2.04
0.45297205,0.12999988
0.50658125,0.28999996
0.35899916,0.06999993
2.357141,2.81
2.1647022,2.6499999
1.0218785,1.6099997
0.12689695,0.0
2.4552548,0.48999977
0.0,0.18999958
0.7806135,0.029999733
0.13779747,0.50999975
2.3856487,3.0499997
3.366084,3.9499998
0.0,0.059999943
0.29488856,0.3800001
0.1260463,0.13999987
1.4683529,2.6699998
0.23472548,0.42000008
0.007581414,0.0
0.8280838,1.3299999
2.038466,3.9899998
3.0922432,1.4099998
0.10205437,0.0
0.18445934,0.39999986
0.88389504,0.32999992
0.0,0.099999905
1.05613,1.5
2.6605399,3.3799999
2.0242608,2.67
0.0,0.0
0.8182621,1.0
3.1214273,3.8400002
2.5828648,1.3299999
0.23003991,0.32000065
0.52366686,0.22999954
0.0,0.0
0.038463674,0.09000015
2.211324,2.7
0.24058123,0.32000017
1.7697922,1.0300001
1.7267517,2.1200001
0.97117954,1.19
0.38517284,0.21000004
4.7009487,0.95000005
0.3546229,0.0
1.5994718,0.18000007
0.06206995,0.45000005
0.92894137,1.51
2.9487383,3.47
0.0,0.1500001
2.1104658,2.7
0.90962744,1.3900001
0.0,0.1400001
2.4207425,3.13
0.16036074,0.42000008
2.0654414,0.8100002
0.04657799,0.0
0.5582867,0.1400001
1.7962139,2.45
12.288785,14.540001
0.14159389,0.29000092
7.776803,8.960001
0.79076827,0.9700012
3.8711665,1.4899998
3.6257749,3.9800005
0.898344,0.30000114
0.0,0.0
0.23559959,0.119999886
3.0399287,1.3599999
2.8044312,1.0499997
0.6879079,0.0
3.4339123,1.0999999
0.0,0.7299998
5.1862435,3.6799998
3.134084,1.5699997
5.351969,1.9699998
5.961286,4.4399996
5.7379584,4.1499996
4.5816374,2.9999998
1.7504637,0.4499998
1.2166659,0.14999962
2.8226874,0.89999986
4.0344152,2.4599998
2.1919444,0.83000016
0.049189158,0.21000004
0.0,0.0
0.3155429,0.54999995
3.183335,3.47
0.48208147,0.10000014
1.3168676,1.6500001
2.413996,2.78
0.030363949,0.17000008
2.9277205,4.0099998
3.8044739,4.95
0.20460655,0.4699998
1.47467,2.1999998
0.22517952,0.049999714
0.0,0.0
0.894533,0.46000004
1.5497721,0.49000025
0.0,0.3800001
1.0549352,0.19000006
0.5813756,0.0
6.3181195,4.6200004
2.9302168,1.6300001
0.19290689,0.01999998
4.5933833,3.18
0.5502271,0.029999733
4.7599683,1.9000001
2.010533,0.21000004
7.1376185,3.82
9.693372,5.64
1.2541403,0.0
2.758887,0.55999994
0.0,0.44000006
0.061759964,0.3599999
1.8088193,2.8
1.259637,2.1100001
1.891175,0.3900001
0.5473315,1.13
0.0,0.1400001
0.61119753,0.03999996
0.11654344,0.0
2.1983702,2.22
0.8785414,0.94000006
2.4455488,0.8000001
0.57844305,0.16000009
0.17290603,0.26999998
1.6526362,1.7
0.027220335,0.0
0.0,0.08000016
3.2800977,2.65
2.5807679,1.9399999
0.0,0.23000002
0.12686868,0.0
0.97767097,0.3499999
1.7525443,1.06
0.6774614,0.13999987
0.3799031,0.0
0.69355327,1.0699999
1.212698,0.2099998
3.7890933,0.9899999
0.0,0.06999993
1.492651,1.9699999
0.24484079,0.0
2.0676916,2.59
0.0628905,0.27999997
0.0,0.16000009
0.21772985,0.47000003
0.7918368,0.1500001
2.9971251,0.9100001
3.2400987,3.5
0.064823344,0.0
2.3909037,2.72
1.2183288,1.53
2.273569,2.4299998
0.0,0.0
0.21434008,0.3599999
0.49136645,0.119999886
0.014518241,0.12999988
0.9570187,1.1099999
2.2878282,0.7599999
1.7346691,1.9099998
1.0216647,1.3599999
0.11020333,0.35999966
0.23203658,0.099999905
2.3178637,4.04
0.0,0.0
1.7094005,2.7499998
0.42911413,0.35999966
