scan,mol_name,wb97m_energy,MACE_energy,wb97m_relative_energy,MACE_relative_energy
0.9,AcNH2AcNH2090,-418.7443758,-263215.3309,1.45153300000203,1.6092000000062399
0.95,AcNH2AcNH2095,-418.7462338,-263216.6819,0.28563799998508443,0.2581999999820255
1,AcNH2AcNH2100,-418.746689,-263216.9401,0,0
1.05,AcNH2AcNH2105,-418.7462265,-263216.503,0.29021875001632225,0.437099999981001
1.1,AcNH2AcNH2110,-418.7451949,-263215.7414,0.9375477500013574,1.1987000000081025
1.25,AcNH2AcNH2125,-418.7407114,-263212.5941,3.7509439999963945,4.346000000019558
0.9,AcNH2Uracil090,-624.5019453,-392550.9412,1.616942000026711,1.443700000003446
0.95,AcNH2Uracil095,-624.5039504,-392552.1786,0.3587417500145307,0.20630000001983717
1,AcNH2Uracil100,-624.5045221,-392552.3849,0,0
1.05,AcNH2Uracil105,-624.5041238,-392551.9746,0.24993325001815947,0.41029999998863786
1.1,AcNH2Uracil110,-624.5030975,-392551.2057,0.8939365000401267,1.1792000000132248
1.25,AcNH2Uracil125,-624.4983437,-392547.6399,3.8769460000420963,4.744999999995343
1.5,AcNH2Uracil150,-624.4904068,-392541.8182,8.857350750044759,10.566700000024866
2,AcNH2Uracil200,-624.4815091,-392536.315,14.440657499994813,16.069900000002235
0.9,AcOHAcOH090,-458.5133666,-288213.3771,1.6843982499990773,1.6307000000379048
0.95,AcOHAcOH095,-458.515539,-288214.772,0.32121724999512935,0.23580000002402812
1,AcOHAcOH100,-458.5160509,-288215.0078,0,0
1.05,AcOHAcOH105,-458.5154774,-288214.5822,0.35987124998314357,0.42560000001685694
1.1,AcOHAcOH110,-458.5142193,-288213.694,1.1493290000016998,1.313800000003539
1.25,AcOHAcOH125,-458.5087366,-288210.0016,4.589723249976032,5.006200000003446
1.5,AcOHAcOH150,-458.499987,-288204.5478,10.080097250003774,10.460000000020955
2,AcOHAcOH200,-458.4908407,-288199.3592,15.819400500002274,15.648600000014994
0.9,AcOHUracil090,-644.384857,-405048.7095,1.6834570000014537,1.4453000000212342
0.95,AcOHUracil095,-644.386982,-405049.9578,0.3500195000151507,0.19700000004377216
1,AcOHUracil100,-644.3875398,-405050.1548,0,0
1.05,AcOHUracil105,-644.3870463,-405049.7606,0.3096712500385479,0.39420000003883615
1.1,AcOHUracil110,-644.385883,-405048.9649,1.039641999986145,1.1898999999975786
1.25,AcOHUracil125,-644.3806648,-405045.3903,4.314062500022828,4.764499999990221
1.5,AcOHUracil150,-644.3721566,-405039.7661,9.652957999983585,10.38870000001043
2,AcOHUracil200,-644.3629841,-405034.3911,15.40870175004045,15.76370000001043
0.9,BenzeneAcNH2NHpi090,-441.7745519,-277692.6986,0.5442935000026239,0.531299999973271
0.95,BenzeneAcNH2NHpi095,-441.7753093,-277693.1536,0.06902500000407485,0.0762999999569729
1,BenzeneAcNH2NHpi100,-441.7754193,-277693.2299,0,0
1.05,BenzeneAcNH2NHpi105,-441.7751486,-277693.0349,0.1698642499920311,0.19499999994877726
1.1,BenzeneAcNH2NHpi110,-441.7746776,-277692.6377,0.4654167499948869,0.5921999999554828
1.25,BenzeneAcNH2NHpi125,-441.7729597,-277691.0933,1.5433990000055076,2.136599999968894
1.5,BenzeneAcNH2NHpi150,-441.7707989,-277689.3019,2.8993010000135655,3.927999999956228
2,BenzeneAcNH2NHpi200,-441.7689613,-277688.1809,4.05239500000576,5.048999999999069
0.9,BenzeneAcOH090,-461.6564631,-290189.4162,0.9211699999927703,1.0630000000237487
0.95,BenzeneAcOH095,-461.6577515,-290190.2349,0.1126989999794148,0.24430000002030283
1,BenzeneAcOH100,-461.6579311,-290190.4792,0,0
1.05,BenzeneAcOH105,-461.657554,-290190.368,0.23663024998754167,0.11119999998481944
1.1,BenzeneAcOH110,-461.6569461,-290189.9559,0.6180874999732566,0.5233000000007451
1.25,BenzeneAcOH125,-461.6550639,-290188.0613,1.7991679999803978,2.4179000000003725
1.5,BenzeneAcOH150,-461.6531404,-290186.57,3.0061642500005803,3.9091999999945983
2,BenzeneAcOH200,-461.6518528,-290186.55,3.8141332500080694,3.929200000013225
0.9,BenzeneAcOHOHpi090,-461.6582407,-290191.1167,0.6946424999939893,0.5918999999994412
0.95,BenzeneAcOHOHpi095,-461.6592055,-290191.7086,0.08923050001726551,0
1,BenzeneAcOHOHpi100,-461.6593477,-290191.6238,0,0.08480000001145527
1.05,BenzeneAcOHOHpi105,-461.659023,-290191.1963,0.20374925001348743,0.512300000002142
1.1,BenzeneAcOHOHpi110,-461.6584646,-290190.6856,0.554145250006286,1.0229999999864958
1.25,BenzeneAcOHOHpi125,-461.6564835,-290189.5994,1.7972855000208199,2.10920000000624
1.5,BenzeneAcOHOHpi150,-461.6541195,-290187.8521,3.2806955000208404,3.856499999994412
2,BenzeneAcOHOHpi200,-461.6522385,-290186.5035,4.461023000001347,5.205100000021048
0.9,BenzeneBenzenepipi090,-464.8169314,-292175.6828,1.1200247500114813,2.226699999999255
0.95,BenzeneBenzenepipi095,-464.8183669,-292177.3342,0.21924850000289098,0.5753000000258908
1,BenzeneBenzenepipi100,-464.8187163,-292177.9095,0,0
1.05,BenzeneBenzenepipi105,-464.8185178,-292177.748,0.1245587500065426,0.16149999998742715
1.1,BenzeneBenzenepipi110,-464.8180817,-292177.005,0.3982115000076192,0.904500000004191
1.25,BenzeneBenzenepipi125,-464.816619,-292174.54,1.3160557500016523,3.3695000000298023
1.5,BenzeneBenzenepipi150,-464.8151361,-292174.4908,2.2465754999922183,3.418699999980163
2,BenzeneBenzenepipi200,-464.8141367,-292174.4908,2.873698999999732,3.418699999980163
0.9,BenzeneBenzeneTS090,-464.8147656,-292175.9001,2.328652500006143,0.8123999999952503
0.95,BenzeneBenzeneTS095,-464.8175947,-292176.5288,0.553392250015321,0.18370000005234033
1,BenzeneBenzeneTS100,-464.8184766,-292176.6701,0,0.042400000034831464
1.05,BenzeneBenzeneTS105,-464.8184173,-292176.7125,0.03721074998452423,0
1.1,BenzeneBenzeneTS110,-464.8179588,-292176.6156,0.3249195000071836,0.09690000000409782
1.25,BenzeneBenzeneTS125,-464.8162421,-292176.1213,1.40214874999117,0.5912000000244007
1.5,BenzeneBenzeneTS150,-464.8146582,-292174.543,2.3960460000000694,2.169500000018161
2,BenzeneBenzeneTS200,-464.8138976,-292174.4671,2.873322499986415,2.2454000000143424
0.9,BenzeneCyclopentane090,-429.0942616,-269721.1178,1.1730485000202862,1.5989999999874271
0.95,BenzeneCyclopentane095,-429.0958251,-269722.3022,0.1919522500004689,0.4146000000182539
1,BenzeneCyclopentane100,-429.096131,-269722.7168,0,0
1.05,BenzeneCyclopentane105,-429.0957653,-269722.5576,0.22947675001987022,0.15919999999459833
1.1,BenzeneCyclopentane110,-429.0951162,-269722.064,0.6367870000045173,0.652799999981653
1.25,BenzeneCyclopentane125,-429.0931619,-269720.5638,1.863110250018707,2.1529999999911524
1.5,BenzeneCyclopentane150,-429.0913278,-269718.861,3.014008000016446,3.8558000000193715
2,BenzeneCyclopentane200,-429.0901538,-269718.8299,3.750693000011296,3.886899999983143
0.9,BenzeneEthene090,-311.0451555,-195518.395,0.9568747499953645,1.494200000015553
0.95,BenzeneEthene095,-311.0463828,-195519.5083,0.1867440000064846,0.3809000000183005
1,BenzeneEthene100,-311.0466804,-195519.8892,0,0
1.05,BenzeneEthene105,-311.0465379,-195519.6077,0.08941875002392408,0.28150000001187436
1.1,BenzeneEthene110,-311.0462285,-195518.899,0.28356725001884797,0.9902000000001863
1.25,BenzeneEthene125,-311.0452725,-195517.3732,0.8834572500023796,2.5160000000032596
1.5,BenzeneEthene150,-311.0444917,-195517.3647,1.3734092500209272,2.5244999999995343
2,BenzeneEthene200,-311.0441349,-195517.3647,1.5973012499978267,2.5244999999995343
0.9,BenzeneEthyneCHpi090,-309.7954284,-194732.1078,0.8754879999939646,0.394399999990128
0.95,BenzeneEthyneCHpi095,-309.7965903,-194732.1905,0.14639574999421257,0.31169999999110587
1,BenzeneEthyneCHpi100,-309.7968236,-194732.329,0,0.17319999999017455
1.05,BenzeneEthyneCHpi105,-309.7965767,-194732.5022,0.15492974998693398,0
1.1,BenzeneEthyneCHpi110,-309.7961203,-194732.4324,0.4413207499986527,0.06979999999748543
1.25,BenzeneEthyneCHpi125,-309.7946719,-194731.9533,1.350191749972538,0.5488999999943189
1.5,BenzeneEthyneCHpi150,-309.7931775,-194730.2726,2.287927749980554,2.2295999999914784
2,BenzeneEthyneCHpi200,-309.7920948,-194730.0873,2.9673220000059075,2.4148999999742955
0.9,BenzeneMeNH2NHpi090,-328.3313525,-206383.9219,0.5639342499958389,0.5715000000200234
0.95,BenzeneMeNH2NHpi095,-328.3321521,-206384.4934,0.062185249999942016,0
1,BenzeneMeNH2NHpi100,-328.3322512,-206384.4365,0,0.05689999999594875
1.05,BenzeneMeNH2NHpi105,-328.3319343,-206384.1308,0.19885474998304176,0.3625999999931082
1.1,BenzeneMeNH2NHpi110,-328.3314116,-206383.8277,0.5268489999681947,0.6657000000122935
1.25,BenzeneMeNH2NHpi125,-328.329759,-206382.742,1.5638554999681276,1.7514000000082888
1.5,BenzeneMeNH2NHpi150,-328.3280775,-206380.8896,2.6189967499793454,3.603800000011688
2,BenzeneMeNH2NHpi200,-328.3268924,-206380.646,3.3626469999708775,3.8473999999987427
0.9,BenzeneMeOHOHpi090,-348.2100966,-218879.5008,0.6313277500254344,0.9728999999933876
0.95,BenzeneMeOHOHpi095,-348.210975,-218880.3862,0.0801317500045684,0.08749999999417923
1,BenzeneMeOHOHpi100,-348.2111027,-218880.4737,0,0
1.05,BenzeneMeOHOHpi105,-348.2108028,-218880.053,0.1881872500099746,0.42069999998784624
1.1,BenzeneMeOHOHpi110,-348.2102874,-218879.498,0.511600749999559,0.9757000000099652
1.25,BenzeneMeOHOHpi125,-348.2084774,-218878.3168,1.6473757500212116,2.1569000000017695
1.5,BenzeneMeOHOHpi150,-348.2063519,-218876.5781,2.9811270000067225,3.8955999999889173
2,BenzeneMeOHOHpi200,-348.2046415,-218875.265,4.054403000029225,5.208699999988312
0.9,BenzeneNeopentane090,-430.3071379,-270484.2726,0.769754250011232,0.5658999999868684
0.95,BenzeneNeopentane095,-430.3082277,-270484.8385,0.08590475001852838,0
1,BenzeneNeopentane100,-430.3083646,-270484.786,0,0.052499999990686774
1.05,BenzeneNeopentane105,-430.308038,-270484.4606,0.2049414999962096,0.3779000000213273
1.1,BenzeneNeopentane110,-430.3075262,-270484.1093,0.5260960000128989,0.7292000000015832
1.25,BenzeneNeopentane125,-430.305998,-270483.1554,1.485041500010169,1.6831000000238419
1.5,BenzeneNeopentane150,-430.3045351,-270481.7278,2.4030112499967515,3.1107000000192784
2,BenzeneNeopentane200,-430.3035962,-270481.7272,2.9921709999931068,3.111299999989569
0.9,BenzenePeptideNHpi090,-481.1058214,-302415.8342,1.3296724999958087,1.512300000002142
0.95,BenzenePeptideNHpi095,-481.1076115,-302417.0862,0.20638474999969958,0.2602999999653548
1,BenzenePeptideNHpi100,-481.1079404,-302417.3465,0,0
1.05,BenzenePeptideNHpi105,-481.1075372,-302416.8689,0.2530079999961288,0.477599999983795
1.1,BenzenePeptideNHpi110,-481.1068077,-302416.0588,0.7107692500174778,1.2876999999862164
1.25,BenzenePeptideNHpi125,-481.104365,-302413.7843,2.2435635000283582,3.5621999999857508
1.5,BenzenePeptideNHpi150,-481.1017185,-302411.501,3.904242250008849,5.845499999995809
2,BenzenePeptideNHpi200,-481.0997222,-302410.7865,5.156920500027837,6.559999999997672
0.9,BenzenePyridinepipi090,-480.8653209,-302263.5796,1.1170755000260613,2.06339999998454
0.95,BenzenePyridinepipi095,-480.8667699,-302265.1913,0.20782800000318957,0.4516999999759719
1,BenzenePyridinepipi100,-480.8671011,-302265.643,0,0
1.05,BenzenePyridinepipi105,-480.8668612,-302265.4194,0.15053724999802398,0.22359999996842816
1.1,BenzenePyridinepipi110,-480.8663788,-302264.6437,0.4532432500042205,0.9992999999667518
1.25,BenzenePyridinepipi125,-480.8647527,-302261.7948,1.4736210000104677,3.848200000007637
1.5,BenzenePyridinepipi150,-480.8630713,-302261.5872,2.5286995000075763,4.055799999972805
2,BenzenePyridinepipi200,-480.8618791,-302261.5872,3.2768050000021276,4.055799999972805
0.9,BenzenePyridineTS090,-480.8630632,-302263.3992,2.5163377500102513,0.689200000022538
0.95,BenzenePyridineTS095,-480.8661397,-302263.9933,0.5858339999976181,0.09510000003501773
1,BenzenePyridineTS100,-480.8670733,-302264.0682,0,0.020200000028125942
1.05,BenzenePyridineTS105,-480.866969,-302264.0884,0.06544825002023913,0
1.1,BenzenePyridineTS110,-480.8664295,-302263.9545,0.40398450002157915,0.1339000000152737
1.25,BenzenePyridineTS125,-480.8645206,-302263.413,1.6018192500149553,0.6754000000073574
1.5,BenzenePyridineTS150,-480.8626142,-302261.6784,2.798085250012292,2.4100000000325963
2,BenzenePyridineTS200,-480.8616085,-302261.5587,3.4291620000169587,2.5297000000136904
0.9,BenzeneUracilpipi090,-647.5277053,-407024.6455,2.1680752499977984,3.0146999999997206
0.95,BenzeneUracilpipi095,-647.5304454,-407026.9823,0.44866250000865193,0.6779000000096858
1,BenzeneUracilpipi100,-647.5311604,-407027.6602,0,0
1.05,BenzeneUracilpipi105,-647.5308165,-407027.3805,0.2157972499759353,0.2796999999554828
1.1,BenzeneUracilpipi110,-647.5299737,-407026.5068,0.7446542499675957,1.1534000000101514
1.25,BenzeneUracilpipi125,-647.5270715,-407022.4027,2.565784749963882,5.257500000006985
1.5,BenzeneUracilpipi150,-647.5241647,-407021.2517,4.389801749967148,6.40849999996135
2,BenzeneUracilpipi200,-647.5223463,-407021.2517,5.530847749996894,6.40849999996135
0.9,BenzeneWaterOHpi090,-308.8918359,-194164.4014,0.3400422500189393,0.2950999999884516
0.95,BenzeneWaterOHpi095,-308.8923778,-194164.6965,0,0
1,BenzeneWaterOHpi100,-308.8923465,-194164.5291,0.019640750028884213,0.1673999999766238
1.05,BenzeneWaterOHpi105,-308.8920149,-194164.2376,0.22771975001717237,0.4588999999978114
1.1,BenzeneWaterOHpi110,-308.8915461,-194164.0241,0.5218917499949782,0.6723999999812804
1.25,BenzeneWaterOHpi125,-308.8900758,-194163.2595,1.4445050000269077,1.437000000005355
1.5,BenzeneWaterOHpi150,-308.888465,-194161.7,2.4552820000145914,2.996499999979278
2,BenzeneWaterOHpi200,-308.8871978,-194161.0478,3.250449999997329,3.64869999999064
0.9,CyclopentaneCyclopentane090,-393.3703294,-247265.9687,0.49886249998891685,0.6106999999901745
0.95,CyclopentaneCyclopentane095,-393.3711244,-247266.5794,0,0
1.05,CyclopentaneCyclopentane105,-393.3707556,-247266.5298,0.2314219999935574,0.04959999999846332
1.1,CyclopentaneCyclopentane110,-393.3701981,-247266.0833,0.5812532500020495,0.4960999999893829
1.25,CyclopentaneCyclopentane125,-393.3686566,-247264.7545,1.5485444999853826,1.824899999977788
1.5,CyclopentaneCyclopentane150,-393.3671982,-247263.5403,2.4636904999790943,3.039099999994505
2,CyclopentaneCyclopentane200,-393.3662173,-247263.1978,3.079205249980248,3.381599999993341
0.9,CyclopentaneNeopentane090,-394.5829177,-248028.9661,0.508651500014139,0.2492000000202097
0.95,CyclopentaneNeopentane095,-394.5837084,-248029.2153,0.012487250025543517,0
1,CyclopentaneNeopentane100,-394.5837283,-248029.073,0,0.14230000000679865
1.05,CyclopentaneNeopentane105,-394.5834101,-248028.7364,0.19967050002378528,0.47890000001643784
1.1,CyclopentaneNeopentane110,-394.5829734,-248028.3698,0.47369975000250975,0.8455000000249129
1.25,CyclopentaneNeopentane125,-394.5817249,-248027.4177,1.2571335000220074,1.7976000000198837
1.5,CyclopentaneNeopentane150,-394.5805013,-248026.3478,2.024942500023883,2.867500000022119
2,CyclopentaneNeopentane200,-394.5796546,-248026.1075,2.556246749995097,3.107799999997951
0.9,EthenePentane090,-276.531728,-173822.948,0.20356100000682886,0.2968999999866355
0.95,EthenePentane095,-276.5320524,-173823.2449,0,0
1,EthenePentane100,-276.5319271,-173823.2158,0.07862574998696914,0.02909999998519197
1.05,EthenePentane105,-276.5316022,-173823.0126,0.28250049999300586,0.2323000000033062
1.1,EthenePentane110,-276.5312104,-173822.7296,0.5283549999857939,0.5152999999991152
1.25,EthenePentane125,-276.5301753,-173822.0576,1.1778802500009533,1.1872999999905005
1.5,EthenePentane150,-276.529186,-173821.4143,1.7986660000102006,1.830599999986589
2,EthenePentane200,-276.5285213,-173821.3097,2.2157652499844005,1.9351999999780674
0.9,EthyneAcOHOHpi090,-306.6366276,-192746.8107,0.5601064999912353,0.8132000000041444
0.95,EthyneAcOHOHpi095,-306.6374255,-192747.4778,0.059424249985511324,0.146100000012666
1,EthyneAcOHOHpi100,-306.6375202,-192747.6239,0,0
1.05,EthyneAcOHOHpi105,-306.6371984,-192747.3928,0.2019294999966803,0.23110000000451691
1.1,EthyneAcOHOHpi110,-306.6366449,-192746.9487,0.5492507499758403,0.675199999997858
1.25,EthyneAcOHOHpi125,-306.6346337,-192745.4172,1.8112787499926242,2.2067000000097323
1.5,EthyneAcOHOHpi150,-306.6321092,-192743.7683,3.3954024999880517,3.855600000009872
2,EthyneAcOHOHpi200,-306.6300952,-192742.0954,4.659187499971864,5.528500000014901
0.9,EthyneEthyneTS090,-154.7718923,-97287.23828,0.2796140000038605,0.2810800000006566
0.95,EthyneEthyneTS095,-154.7722909,-97287.45621,0.029492499996877086,0.06315000000176951
1,EthyneEthyneTS100,-154.7723379,-97287.51936,0,0
1.05,EthyneEthyneTS105,-154.7721935,-97287.43822,0.09061100000664624,0.0811400000093272
1.1,EthyneEthyneTS110,-154.7719699,-97287.25458,0.2309200000055256,0.26478000001225155
1.25,EthyneEthyneTS125,-154.7712493,-97286.54121,0.6830965000017386,0.9781500000099186
1.5,EthyneEthyneTS150,-154.77045,-97285.88224,1.1846572499909769,1.6371199999994133
2,EthyneEthyneTS200,-154.7698658,-97285.77433,1.5512427500035386,1.7450300000054995
0.9,EthynePentane090,-275.2781921,-173035.4004,0.46805224998109907,0.4919999999983702
0.95,EthynePentane095,-275.2788698,-173035.8578,0.042795499991825636,0.03460000001359731
1,EthynePentane100,-275.278938,-173035.8924,0,0
1.05,EthynePentane105,-275.2787236,-173035.6616,0.134536000002754,0.2308000000193715
1.1,EthynePentane110,-275.2784092,-173035.3215,0.3318219999897565,0.5709000000206288
1.25,EthynePentane125,-275.2774802,-173034.4561,0.9147694999803946,1.4363000000012107
1.5,EthynePentane150,-275.2765956,-173034.0558,1.4698559999843042,1.8366000000096392
2,EthynePentane200,-275.2760202,-173034.0558,1.8309194999858391,1.8366000000096392
0.9,EthyneWaterCHO090,-153.8685339,-96719.63715,0.3209035000137561,0.033600000009755604
0.95,EthyneWaterCHO095,-153.868974,-96719.67075,0.04474075000118205,0
1,EthyneWaterCHO100,-153.8690453,-96719.51815,0,0.15260000000125729
1.05,EthyneWaterCHO105,-153.8688995,-96719.35058,0.09148950000799516,0.32017000000632834
1.1,EthyneWaterCHO110,-153.8686362,-96719.21206,0.25671025000818304,0.45868999999947846
1.25,EthyneWaterCHO125,-153.8676617,-96718.67566,0.8682089999980747,0.9950900000112597
1.5,EthyneWaterCHO150,-153.866385,-96717.62194,1.6693382500014309,2.0488100000075065
2,EthyneWaterCHO200,-153.8652313,-96716.73452,2.3932850000034733,2.936230000006617
0.9,MeNH2MeNH2090,-191.845285,-120590.7126,0.4634715000033651,0.3748000000050524
0.95,MeNH2MeNH2095,-191.8459362,-120591.0497,0.05484349998994276,0.03770000000076834
1,MeNH2MeNH2100,-191.8460236,-120591.0874,0,0
1.05,MeNH2MeNH2105,-191.8457746,-120590.9322,0.15624749999787468,0.15520000000833534
1.1,MeNH2MeNH2110,-191.8453428,-120590.6377,0.42720199999862984,0.4496999999973923
1.25,MeNH2MeNH2125,-191.8437457,-120589.467,1.4293822499973174,1.6203999999997905
1.5,MeNH2MeNH2150,-191.841331,-120588.061,2.944606499999054,3.026400000002468
2,MeNH2MeNH2200,-191.8398255,-120586.8676,3.889307750003752,4.219800000006217
0.9,MeNH2MeOH090,-211.721074,-133084.3574,0.23437125001464665,0.3787000000011176
0.95,MeNH2MeOH095,-211.7214475,-133084.6666,0,0.06950000001234002
1,MeNH2MeOH100,-211.7214442,-133084.7361,0.002070750001905708,0
1.05,MeNH2MeOH105,-211.7212266,-133084.6333,0.13861475001029078,0.10280000002239831
1.1,MeNH2MeOH110,-211.720898,-133084.3859,0.3448112500033318,0.35020000001532026
1.25,MeNH2MeOH125,-211.7197665,-133083.3561,1.05482750001201,1.3800000000046566
1.5,MeNH2MeOH150,-211.7183695,-133082.4502,1.9314450000102568,2.2859000000171363
2,MeNH2MeOH200,-211.7172129,-133081.5298,2.6572115000112717,3.206300000019837
0.9,MeNH2Peptide090,-344.6196207,-216622.0625,0.48712825002567683,0.3667999999888707
0.95,MeNH2Peptide095,-344.6203087,-216622.4293,0.05540825000991845,0
1,MeNH2Peptide100,-344.620397,-216622.4277,0,0.0015999999886844307
1.05,MeNH2Peptide105,-344.6201205,-216622.2446,0.17350375002564533,0.18469999998342246
1.1,MeNH2Peptide110,-344.6196283,-216621.9544,0.4823592500234497,0.474900000001071
1.25,MeNH2Peptide125,-344.6167813,-216619.9741,2.2688517500073146,2.455199999996694
1.5,MeNH2Peptide150,-344.6138593,-216617.9797,4.102406750015035,4.4495999999926426
2,MeNH2Peptide200,-344.6122806,-216617.105,5.0930410000036375,5.324299999978393
0.9,MeNH2Pyridine090,-344.3797045,-216470.8984,0.5393362499937382,1.054199999984121
0.95,MeNH2Pyridine095,-344.380422,-216471.5321,0.08910499998904697,0.42049999997834675
1,MeNH2Pyridine100,-344.380564,-216471.8484,0,0.10420000000158325
1.05,MeNH2Pyridine105,-344.3803661,-216471.9526,0.12418224999322547,0
1.1,MeNH2Pyridine110,-344.3799701,-216471.8394,0.37267225000789495,0.11319999999250285
1.25,MeNH2Pyridine125,-344.3784608,-216470.6721,1.3197579999780373,1.2804999999934807
1.5,MeNH2Pyridine150,-344.3765116,-216468.8243,2.542880999986039,3.1282999999821186
2,MeNH2Pyridine200,-344.3748745,-216467.7616,3.5701612500105284,4.190999999991618
0.9,MeNH2Water090,-172.4101104,-108374.6179,0.5691424999898231,0.47449999999662396
0.95,MeNH2Water095,-172.4109058,-108375.0924,0.07002899999797307,0
1,MeNH2Water100,-172.4110174,-108375.0544,0,0.03800000000046566
1.05,MeNH2Water105,-172.4106924,-108374.7599,0.20393750000231137,0.3324999999895226
1.1,MeNH2Water110,-172.4101044,-108374.2912,0.572907499998152,0.8011999999871477
1.25,MeNH2Water125,-172.4077638,-108372.4992,2.0416339999960087,2.5931999999884283
1.5,MeNH2Water150,-172.4043593,-108370.2374,4.177957749988366,4.8549999999959255
2,MeNH2Water200,-172.4011652,-108367.9837,6.182255499989466,7.108699999997043
0.9,MeOHMeNH2090,-211.727549,-133088.2949,0.6103064999893348,0.6371999999973923
0.95,MeOHMeNH2095,-211.7283855,-133088.8386,0.08540274999482733,0.09350000001722947
1,MeOHMeNH2100,-211.7285216,-133088.9321,0,0
1.05,MeOHMeNH2105,-211.7282069,-133088.8136,0.19747424999366103,0.1185000000114087
1.1,MeOHMeNH2110,-211.7276186,-133088.5386,0.5666324999961603,0.39350000000558794
1.25,MeOHMeNH2125,-211.7252404,-133087.0806,2.0589530000022194,1.8515000000188593
1.5,MeOHMeNH2150,-211.7217081,-133084.7175,4.2754712499954195,4.214600000006612
2,MeOHMeNH2200,-211.7183294,-133082.1292,6.395605500003683,6.802900000009686
0.9,MeOHMeOH090,-231.6020419,-145580.784,0.52666075001504,0.5658999999868684
0.95,MeOHMeOH095,-231.6027559,-145581.2464,0.07862575000480376,0.10349999999743886
1,MeOHMeOH100,-231.6028812,-145581.3499,0,0
1.05,MeOHMeOH105,-231.6026391,-145581.2766,0.15191775000523933,0.07329999998910353
1.1,MeOHMeOH110,-231.6021831,-145581.0696,0.4380577500140248,0.2803000000130851
1.25,MeOHMeOH125,-231.6003829,-145579.8641,1.5676832500084004,1.4857999999949243
1.5,MeOHMeOH150,-231.597823,-145578.2707,3.174020500004815,3.079200000007404
2,MeOHMeOH200,-231.5954213,-145576.7826,4.681087250009313,4.567299999995157
0.9,MeOHPeptide090,-364.5008281,-229119.2196,0.623546750023678,0.6741999999794643
0.95,MeOHPeptide095,-364.5016764,-229119.8131,0.09123850000506195,0.0806999999913387
1,MeOHPeptide100,-364.5018218,-229119.8938,0,0
1.05,MeOHPeptide105,-364.5015122,-229119.644,0.19427400002314243,0.2497999999905005
1.1,MeOHPeptide110,-364.5009235,-229119.1962,0.5636832500107403,0.6975999999849591
1.25,MeOHPeptide125,-364.4985161,-229117.4089,2.0743267499990736,2.4848999999812804
1.5,MeOHPeptide150,-364.4944039,-229114.8217,4.654732250004514,5.072099999990314
2,MeOHPeptide200,-364.4902845,-229111.5536,7.239655750027083,8.340199999976903
0.9,MeOHPyridine090,-364.2619274,-228969.5102,0.6594397499972615,0.31010000000242144
0.95,MeOHPyridine095,-364.2628012,-228969.8203,0.1111302499833755,0
1,MeOHPyridine100,-364.2629783,-228969.7406,0,0.07970000000204891
1.05,MeOHPyridine105,-364.2627068,-228969.5259,0.1703662499978975,0.2943999999843072
1.1,MeOHPyridine110,-364.2621592,-228969.1767,0.5139852500006725,0.6435999999812339
1.25,MeOHPyridine125,-364.2598847,-228967.6377,1.9412339999998096,2.182600000000093
1.5,MeOHPyridine150,-364.2564732,-228965.3001,4.081950249981077,4.520199999999022
2,MeOHPyridine200,-364.2532003,-228962.8963,6.135694999989312,6.923999999999069
0.9,MeOHWater090,-192.2837943,-120866.2624,0.39162274998858493,0.3259999999863794
0.95,MeOHWater095,-192.2844184,-120866.5884,0,0
1.05,MeOHWater105,-192.2842928,-120866.4733,0.0788139999936277,0.11509999999543652
1.1,MeOHWater110,-192.2838835,-120866.2348,0.33564974999436004,0.3535999999876367
1.25,MeOHWater125,-192.2823031,-120865.1875,1.3273507499909698,1.4008999999932712
1.5,MeOHWater150,-192.2801067,-120864.0131,2.705591749992564,2.575299999996787
2,MeOHWater200,-192.2780516,-120862.5894,3.9951669999968686,3.9989999999961583
0.9,NeopentaneNeopentane090,-395.7956851,-248791.3595,0.18034349999410892,0
0.95,NeopentaneNeopentane095,-395.7959725,-248791.3132,0,0.04629999998724088
1,NeopentaneNeopentane100,-395.7958702,-248791.1068,0.06419324998773845,0.25269999998272397
1.05,NeopentaneNeopentane105,-395.7955432,-248790.7848,0.2693857500047159,0.5746999999973923
1.1,NeopentaneNeopentane110,-395.7952817,-248790.4368,0.43347700001845624,0.9226999999955297
1.25,NeopentaneNeopentane125,-395.794463,-248789.334,0.9472112499983609,2.025499999988824
1.5,NeopentaneNeopentane150,-395.7935265,-248789.1968,1.5348650000127861,2.1626999999862164
2,NeopentaneNeopentane200,-395.7929852,-248788.9898,1.8745307500184083,2.369699999981094
0.9,NeopentanePentane090,-395.7914601,-248788.1491,0.47238199999156905,0.5341999999945983
0.95,NeopentanePentane095,-395.7922129,-248788.6833,0,0
1,NeopentanePentane100,-395.7921565,-248788.6357,0.03539100000338635,0.047599999990779907
1.05,NeopentanePentane105,-395.7917634,-248788.3308,0.2820612500012487,0.3525000000081491
1.1,NeopentanePentane110,-395.7912603,-248787.9096,0.5977565000031859,0.7736999999906402
1.25,NeopentanePentane125,-395.7899026,-248786.6746,1.4497132499852228,2.008700000005774
1.5,NeopentanePentane150,-395.7886232,-248785.9998,2.2525367499771676,2.683500000013737
2,NeopentanePentane200,-395.787761,-248785.7004,2.7935672499951636,2.982900000002701
0.9,PentaneAcNH2090,-407.2580512,-255995.3915,0.27679024999315516,0.6045000000158325
0.95,PentaneAcNH2095,-407.2584923,-255995.8812,0,0.11480000001029111
1,PentaneAcNH2100,-407.2583895,-255995.996,0.06450699998694631,0
1.05,PentaneAcNH2105,-407.2579923,-255995.867,0.3137499999925808,0.12900000001536682
1.1,PentaneAcNH2110,-407.2574809,-255995.578,0.6346534999885023,0.4180000000051223
1.25,PentaneAcNH2125,-407.2559224,-255994.4485,1.612612250016241,1.547500000015134
1.5,PentaneAcNH2150,-407.2542492,-255992.7957,2.6625452499978053,3.2003000000258908
2,PentaneAcNH2200,-407.2529416,-255992.2098,3.483064250009278,3.7862000000022817
0.9,PentaneAcOH090,-427.1403432,-268493.0747,0.14501525000483184,0.46020000003045425
0.95,PentaneAcOH095,-427.1405743,-268493.4297,0,0.1052000000490807
1,PentaneAcOH100,-427.1404494,-268493.5349,0.07837475000187055,0
1.05,PentaneAcOH105,-427.1401312,-268493.4316,0.27804525002565583,0.1033000000170432
1.1,PentaneAcOH110,-427.1397387,-268493.1672,0.5243390000102011,0.36770000000251457
1.25,PentaneAcOH125,-427.1385099,-268492.2307,1.2954110000323737,1.3042000000132248
1.5,PentaneAcOH150,-427.1369321,-268490.8142,2.2854805000010003,2.7207000000053085
2,PentaneAcOH200,-427.1359049,-268490.5322,2.930048500007274,3.002700000011828
0.9,PentanePentane090,-395.788235,-248785.5466,0.5567180000140581,0.8510999999998603
0.95,PentanePentane095,-395.7891222,-248786.3614,0,0.036300000007031485
1,PentanePentane100,-395.7890523,-248786.3977,0.04386225001766775,0
1.05,PentanePentane105,-395.7885404,-248786.0594,0.3650795000127971,0.33830000000307336
1.1,PentanePentane110,-395.7878642,-248785.6802,0.789395000004447,0.7174999999988358
1.25,PentanePentane125,-395.7859098,-248784.5081,2.0157809999970766,1.8895999999949709
1.5,PentanePentane150,-395.7839824,-248782.8647,3.2252244999968127,3.532999999995809
2,PentanePentane200,-395.7826406,-248782.4151,4.067204000018307,3.9825999999884516
0.9,PeptideEthene090,-327.3335617,-205756.0936,0.34123450000166144,0.43340000000898726
0.95,PeptideEthene095,-327.3340894,-205756.4589,0.010102750024429952,0.06810000000405125
1,PeptideEthene100,-327.3341055,-205756.527,0,0
1.05,PeptideEthene105,-327.3338426,-205756.4201,0.16496974999725467,0.10690000001341105
1.1,PeptideEthene110,-327.3334475,-205756.1947,0.4128950000276177,0.33230000000912696
1.25,PeptideEthene125,-327.3321508,-205755.3371,1.2265742499992882,1.1898999999975786
1.5,PeptideEthene150,-327.3305804,-205754.0843,2.2120002500295755,2.442700000014156
2,PeptideEthene200,-327.3293842,-205753.7209,2.9626157500177897,2.8061000000161584
0.9,PeptideMeNH2090,-344.622406,-216623.4831,0.6719897500012451,0.8185999999986961
0.95,PeptideMeNH2095,-344.6232857,-216624.1258,0.11997800001097403,0.17590000000200234
1,PeptideMeNH2100,-344.6234769,-216624.3017,0,0
1.05,PeptideMeNH2105,-344.6232221,-216624.1788,0.15988699999581968,0.12290000001667067
1.1,PeptideMeNH2110,-344.6226945,-216623.8236,0.49095599999461115,0.4781000000075437
1.25,PeptideMeNH2125,-344.6204725,-216622.3713,1.8852610000055847,1.930400000012014
1.5,PeptideMeNH2150,-344.6171106,-216620.1443,3.9948532500154954,4.157399999996414
2,PeptideMeNH2200,-344.6137947,-216617.3612,6.0755804999912755,6.940499999996973
0.9,PeptideMeOH090,-364.4977784,-229116.4034,0.5724682499885603,0.8614999999990687
0.95,PeptideMeOH095,-364.4985317,-229117.031,0.09977249999778337,0.23390000002109446
1,PeptideMeOH100,-364.4986907,-229117.2649,0,0
1.05,PeptideMeOH105,-364.4984747,-229117.2498,0.13554000001448685,0.015100000018719584
1.1,PeptideMeOH110,-364.498034,-229117.0435,0.4120792499868742,0.22140000000945292
1.25,PeptideMeOH125,-364.4962489,-229115.9108,1.5322294999909047,1.3540999999968335
1.5,PeptideMeOH150,-364.4936487,-229114.3184,3.163855000001945,2.9465000000200234
2,PeptideMeOH200,-364.4910536,-229112.2618,4.792280250006797,5.003100000001723
0.9,PeptidePentane090,-446.5896608,-280718.4339,0.34958025002339355,0.6193000000203028
0.95,PeptidePentane095,-446.5902179,-280718.9273,0,0.1259000000427477
1,PeptidePentane100,-446.5901283,-280719.0532,0.056224000014992725,0
1.05,PeptidePentane105,-446.5897032,-280718.941,0.32297425003349645,0.1122000000323169
1.1,PeptidePentane110,-446.5891061,-280718.6315,0.6976545000291878,0.42170000000623986
1.25,PeptidePentane125,-446.5872167,-280717.3818,1.8832530000177883,1.6714000000501983
1.5,PeptidePentane150,-446.5849166,-280715.3658,3.3265657500263046,3.6873999999952503
2,PeptidePentane200,-446.5833805,-280714.7896,4.2904685000324605,4.263600000005681
0.9,PeptidePeptide090,-497.396228,-312655.4339,0.633084749992463,0.5926999999792315
0.95,PeptidePeptide095,-497.3970789,-312655.9537,0.09914499999936766,0.07289999997010455
1,PeptidePeptide100,-497.3972369,-312656.0266,0,0
1.05,PeptidePeptide105,-497.3969476,-312655.7709,0.18153575001250033,0.25569999997969717
1.1,PeptidePeptide110,-497.3963817,-312655.2817,0.5366379999934168,0.7448999999905936
1.25,PeptidePeptide125,-497.3940366,-312653.5045,2.0081882500019788,2.5221000000019558
1.5,PeptidePeptide150,-497.3904163,-312651.0556,4.279926499980604,4.97099999996135
2,PeptidePeptide200,-497.3861955,-312647.2525,6.928478500006605,8.774099999980535
0.9,PeptideWater090,-325.1786651,-204401.8304,0.491960000006344,0.5479999999806751
0.95,PeptideWater095,-325.1793152,-204402.2699,0.08402224998761199,0.10849999997299165
1,PeptideWater100,-325.1794491,-204402.3784,0,0
1.05,PeptideWater105,-325.1792692,-204402.2263,0.11288724998607336,0.15209999997750856
1.1,PeptideWater110,-325.1789087,-204401.935,0.33910099998564647,0.44339999998919666
1.25,PeptideWater125,-325.1774591,-204401.1259,1.248724999986166,1.2524999999732245
1.5,PeptideWater150,-325.1753936,-204399.8017,2.5448262499953955,2.576699999975972
2,PeptideWater200,-325.1733293,-204397.6534,3.84017450001366,4.724999999976717
0.9,PyridineEthene090,-327.0936495,-205605.7343,0.8250997499713719,1.5271999999822583
0.95,PyridineEthene095,-327.0947117,-205606.9311,0.15856924998487898,0.3304000000061933
1,PyridineEthene100,-327.0949644,-205607.2615,0,0
1.05,PyridineEthene105,-327.0948117,-205607.0039,0.09581925000063052,0.25759999998263083
1.1,PyridineEthene110,-327.09447,-205606.3941,0.3102359999871851,0.8673999999882653
1.25,PyridineEthene125,-327.093383,-205604.751,0.9923284999771909,2.510500000003958
1.5,PyridineEthene150,-327.092381,-205604.4676,1.6210834999948531,2.7938999999896623
2,PyridineEthene200,-327.0918158,-205604.4676,1.9757464999840124,2.7938999999896623
0.9,PyridineEthyne090,-325.8451328,-204822.37,0.3913090000250463,0
0.95,PyridineEthyne095,-325.845678,-204821.6115,0.04919600000420132,0.7584999999962747
1,PyridineEthyne100,-325.8457564,-204820.9014,0,1.4685999999928754
1.05,PyridineEthyne105,-325.8455479,-204820.5593,0.130833750026369,1.810700000001816
1.1,PyridineEthyne110,-325.8451742,-204820.4627,0.36533050003356493,1.9072999999916647
1.25,PyridineEthyne125,-325.8437486,-204819.5176,1.2598945000007689,2.8524000000033993
1.5,PyridineEthyne150,-325.84182,-204817.9589,2.470091000027139,4.411099999997532
2,PyridineEthyne200,-325.8401333,-204817.1521,3.528495250022985,5.217899999988731
0.9,PyridinePyridineCHN090,-496.9126987,-312349.2995,1.504054749969299,2.4505999999819323
0.95,PyridinePyridineCHN095,-496.9144642,-312350.9767,0.3962034999841535,0.7734000000054948
1,PyridinePyridineCHN100,-496.9150956,-312351.7501,0,0
1.05,PyridinePyridineCHN105,-496.9147202,-312351.4775,0.2355634999973688,0.2726000000257045
1.1,PyridinePyridineCHN110,-496.9140399,-312351.1239,0.6624517499967908,0.6261999999987893
1.25,PyridinePyridineCHN125,-496.9120938,-312349.8406,1.8836294999954362,1.9095000000088476
1.5,PyridinePyridineCHN150,-496.9103477,-312348.8587,2.9793072499899154,2.8914000000222586
2,PyridinePyridineCHN200,-496.9092236,-312348.6099,3.684679999971081,3.1402000000234693
0.9,PyridinePyridinepipi090,-496.9132532,-312351.5195,0.9707425000102887,1.8171999999904074
0.95,PyridinePyridinepipi095,-496.9145012,-312353.0023,0.18762249998999891,0.3343999999924563
1,PyridinePyridinepipi100,-496.9148002,-312353.3367,0,0
1.05,PyridinePyridinepipi105,-496.9146004,-312353.1074,0.12537450001161687,0.229300000006333
1.1,PyridinePyridinepipi110,-496.9141568,-312352.317,0.4037335000008113,1.0197000000043772
1.25,PyridinePyridinepipi125,-496.9125858,-312349.1036,1.3895360000087464,4.2331000000122
1.5,PyridinePyridinepipi150,-496.910848,-312348.6762,2.4800055000092414,4.660499999998137
2,PyridinePyridinepipi200,-496.909522,-312348.6762,3.3120705000129647,4.660499999998137
0.9,PyridinePyridineTS090,-496.9114978,-312350.5923,2.4338842499830093,1.1137999999918975
0.95,PyridinePyridineTS095,-496.9144387,-312351.4067,0.5884694999838302,0.29940000001806766
1,PyridinePyridineTS100,-496.9153765,-312351.7061,0,0
1.05,PyridinePyridineTS105,-496.9152934,-312351.6924,0.052145249989621334,0.013700000010430813
1.1,PyridinePyridineTS110,-496.9147504,-312351.5792,0.39287774998541636,0.1269000000320375
1.25,PyridinePyridineTS125,-496.9127114,-312350.8895,1.6723502500009602,0.8166000000201166
1.5,PyridinePyridineTS150,-496.9105609,-312349.1114,3.021788999982533,2.5947000000160187
2,PyridinePyridineTS200,-496.9093191,-312348.6611,3.80101849998411,3.044999999983702
0.9,PyridineUracilpipi090,-663.5752184,-417110.9271,3.209034999959215,4.2946000000229105
0.95,PyridineUracilpipi095,-663.5793174,-417114.4636,0.6369124999613973,0.7580999999772757
1,PyridineUracilpipi100,-663.5803324,-417115.2217,0,0
1.05,PyridineUracilpipi105,-663.5798813,-417114.6254,0.2830652499773123,0.5962999999755993
1.1,PyridineUracilpipi110,-663.5788521,-417113.4664,0.9288882500160867,1.7553000000189058
1.25,PyridineUracilpipi125,-663.5755377,-417109.0519,3.008674249958574,6.169799999974202
1.5,PyridineUracilpipi150,-663.572349,-417108.2794,5.009583499964663,6.942299999995157
2,PyridineUracilpipi200,-663.5702582,-417108.2794,6.321560499976613,6.942299999995157
0.9,UracilCyclopentane090,-611.8033009,-384568.7835,0.9851750000095194,1.4033000000054017
0.95,UracilCyclopentane095,-611.8047159,-384569.905,0.09726249996845127,0.28179999999701977
1,UracilCyclopentane100,-611.8048709,-384570.1868,0,0
1.05,UracilCyclopentane105,-611.804422,-384569.923,0.28168474995226234,0.26380000001518056
1.1,UracilCyclopentane110,-611.803749,-384569.3667,0.7039922499561158,0.8201000000117347
1.25,UracilCyclopentane125,-611.8017426,-384567.8671,1.9630082499733703,2.3197000000509433
1.5,UracilCyclopentane150,-611.7997908,-384565.7413,3.1877627499915206,4.445500000030734
2,UracilCyclopentane200,-611.798476,-384565.6684,4.012799749948783,4.518400000000838
0.9,UracilEthene090,-493.7568842,-310366.288,0.7218132500038621,1.7587000000057742
0.95,UracilEthene095,-493.7578996,-310367.6349,0.08464975002169695,0.4118000000016764
1,UracilEthene100,-493.7580345,-310368.0467,0,0
1.05,UracilEthene105,-493.7577144,-310367.7945,0.20086275000650744,0.25219999998807907
1.1,UracilEthene110,-493.7571975,-310367.1757,0.5252174999937154,0.8709999999846332
1.25,UracilEthene125,-493.7555781,-310365.0674,1.5413910000177111,2.979300000006333
1.5,UracilEthene150,-493.7538971,-310364.14,2.596218499994052,3.90669999999227
2,UracilEthene200,-493.7527135,-310364.14,3.3389274999879603,3.90669999999227
0.9,UracilEthyne090,-492.5044712,-309579.8552,0.9408107499859852,1.242900000012014
0.95,UracilEthyne095,-492.5057221,-309580.9156,0.15587099998455756,0.1824999999953434
1,UracilEthyne100,-492.5059705,-309581.0981,0,0
1.05,UracilEthyne105,-492.5056722,-309580.7017,0.18718324999824176,0.3964000000269152
1.1,UracilEthyne110,-492.5051459,-309579.9917,0.517436499991959,1.1063999999896623
1.25,UracilEthyne125,-492.5033835,-309577.8265,1.6233425000034174,3.271599999978207
1.5,UracilEthyne150,-492.5014976,-309576.8292,2.806744749997563,4.268900000024587
2,UracilEthyne200,-492.5001805,-309576.8265,3.6332249999939847,4.271599999978207
0.9,UracilNeopentane090,-613.0166131,-385331.5099,0.6693542500150329,1.106099999975413
0.95,UracilNeopentane095,-613.0176596,-385332.459,0.012675499996532835,0.15700000000651926
1,UracilNeopentane100,-613.0176798,-385332.616,0,0
1.05,UracilNeopentane105,-613.0172261,-385332.375,0.28469674998746086,0.24099999997997656
1.1,UracilNeopentane110,-613.0165913,-385331.9142,0.6830337500232986,0.7017999999807216
1.25,UracilNeopentane125,-613.0147756,-385330.2439,1.8223854999931177,2.3720999999786727
1.5,UracilNeopentane150,-613.013019,-385328.537,2.924652000006631,4.078999999968801
2,UracilNeopentane200,-613.0118256,-385328.5224,3.6735105000278168,4.0935999999637716
0.9,UracilPentane090,-613.012998,-385329.4747,0.8295549999743912,1.1234999999869615
0.95,UracilPentane095,-613.0142423,-385330.5137,0.04875675001244417,0.08449999999720603
1,UracilPentane100,-613.01432,-385330.5982,0,0
1.05,UracilPentane105,-613.0137892,-385330.2102,0.3330769999865879,0.38800000003539026
1.1,UracilPentane110,-613.0128236,-385329.4592,0.9389909999691781,1.13900000002468
1.25,UracilPentane125,-613.01011,-385327.3549,2.641774999964639,3.243300000031013
1.5,UracilPentane150,-613.0078187,-385325.2679,4.079565749979963,5.330300000030547
2,UracilPentane200,-613.0064851,-385325.2538,4.916399750021583,5.3444000000017695
0.9,UracilUracilBP090,-830.2527079,-521883.1304,1.590461499993694,0.8180999999749474
0.95,UracilUracilBP095,-830.2547113,-521883.9444,0.3333279999716865,0.004100000020116568
1,UracilUracilBP100,-830.2552425,-521883.9485,0,0
1.05,UracilUracilBP105,-830.2548,-521883.5286,0.27766874997666946,0.4198999999789521
1.1,UracilUracilBP110,-830.2537395,-521882.825,0.9431324999729895,1.1234999999869615
1.25,UracilUracilBP125,-830.2489816,-521879.4069,3.9287147500184005,4.5415999999968335
1.5,UracilUracilBP150,-830.2413533,-521874.0971,8.715472999996337,9.851399999985006
2,UracilUracilBP200,-830.2333969,-521869.2219,13.708114000003775,14.726599999994505
0.9,UracilUracilpipi090,-830.2416691,-521874.2769,2.0768995000068458,3.565699999977369
0.95,UracilUracilpipi095,-830.2444326,-521876.8856,0.34280324999770073,0.9569999999948777
1,UracilUracilpipi100,-830.2449789,-521877.8426,0,0
1.05,UracilUracilpipi105,-830.2443435,-521877.7645,0.39871349997781635,0.07809999998426065
1.1,UracilUracilpipi110,-830.2431239,-521876.8067,1.164012499986029,1.0358999999589287
1.25,UracilUracilpipi125,-830.2389718,-521871.6293,3.7694552500209966,6.213300000003073
1.5,UracilUracilpipi150,-830.2343427,-521867.6219,6.674215500013645,10.2206999999471
2,UracilUracilpipi200,-830.2308242,-521867.4212,8.88207424996807,10.42139999999199
0.9,WaterMeNH2090,-172.4098741,-108373.851,0.40072150000128204,0.49539999999979045
0.95,WaterMeNH2095,-172.4104977,-108374.3134,0.009412499994070345,0.03299999999580905
1,WaterMeNH2100,-172.4105127,-108374.3464,0,0
1.05,WaterMeNH2105,-172.4101435,-108374.0938,0.2316729999964906,0.25259999999252614
1.1,WaterMeNH2110,-172.4095476,-108373.6401,0.605600250001217,0.7062999999907333
1.25,WaterMeNH2125,-172.4072948,-108372.1042,2.0192322500061977,2.2421999999933178
1.5,WaterMeNH2150,-172.4040931,-108370.1047,4.028298999991691,4.241699999998673
2,WaterMeNH2200,-172.4011125,-108367.8587,5.898625499992178,6.487699999997858
0.9,WaterMeOH090,-192.2848637,-120866.7088,0.41929550000432414,0.53870000000461
0.95,WaterMeOH095,-192.2854767,-120867.1497,0.03463799999458672,0.09780000000318978
1,WaterMeOH100,-192.2855319,-120867.2475,0,0
1.05,WaterMeOH105,-192.2852457,-120867.1237,0.17959050000314392,0.12380000000121072
1.1,WaterMeOH110,-192.2847632,-120866.8378,0.4823592500056151,0.40970000000379514
1.25,WaterMeOH125,-192.2829554,-120865.6099,1.6167537500022178,1.6376000000018394
1.5,WaterMeOH150,-192.2804676,-120863.9596,3.177848249991584,3.287899999995716
2,WaterMeOH200,-192.278173,-120862.5209,4.617709749990979,4.726599999994505
0.9,WaterPeptide090,-325.1836441,-204404.6384,0.478907999996494,0.6626000000105705
0.95,WaterPeptide095,-325.1843533,-204405.2027,0.03388499998578709,0.09830000001238659
1,WaterPeptide100,-325.1844073,-204405.301,0,0
1.05,WaterPeptide105,-325.1840472,-204405.0632,0.22596274997880528,0.2378000000026077
1.1,WaterPeptide110,-325.1834397,-204404.6114,0.6071689999794216,0.6896000000124332
1.25,WaterPeptide125,-325.1810784,-204402.9437,2.0888847499908536,2.357300000003306
1.5,WaterPeptide150,-325.1775839,-204400.8518,4.281683499983302,4.449200000002747
2,WaterPeptide200,-325.1737049,-204398.0078,6.71575599997297,7.293200000014622
0.9,WaterPyridine090,-324.9444591,-204254.8725,0.45368249999597765,0.2474999999976717
0.95,WaterPyridine095,-324.945132,-204255.12,0.0314377500062335,0
1,WaterPyridine100,-324.9451821,-204255.091,0,0.029000000009546056
1.05,WaterPyridine105,-324.9448403,-204254.9194,0.21447950000066385,0.20059999998193234
1.1,WaterPyridine110,-324.9442631,-204254.5377,0.576672500006481,0.582300000009127
1.25,WaterPyridine125,-324.9420478,-204252.8858,1.9667732499995338,2.23420000000624
1.5,WaterPyridine150,-324.9388986,-204250.8091,3.9428962499968634,4.310899999982212
2,WaterPyridine200,-324.9359743,-204248.7077,5.777894500008074,6.412299999996321
0.9,WaterWater090,-152.9667311,-96152.08422,0.3424894999984929,0.42423999999300577
0.95,WaterWater095,-152.9672509,-96152.46655,0.01631499999447783,0.04190999999991618
1,WaterWater100,-152.9672769,-96152.50846,0,0
1.05,WaterWater105,-152.9670046,-96152.31509,0.17086825000376393,0.1933699999935925
1.1,WaterWater110,-152.9665673,-96151.98796,0.4452739999958055,0.5204999999987194
1.25,WaterWater125,-152.9649673,-96150.90968,1.4492739999934656,1.5987800000002608
1.5,WaterWater150,-152.9628146,-96149.69503,2.8000932500000886,2.813429999994696
2,WaterWater200,-152.960832,-96148.28002,4.044174749994411,4.228439999991679
