mol_name,Reference Energy,resff_Energy,scan,wb97m Energy,mol_base,wb97m_relative_energy,resff_relative_energy
AcNH2AcNH2090,-14.93,7757.6533,0.9,-418.7443758,AcNH2AcNH2,1.45153299998492,0.36959999999999127
AcNH2AcNH2095,-16.03,7757.4087,0.95,-418.7462338,AcNH2AcNH2,0.2856379999429919,0.125
AcNH2AcNH2100,-16.26,7757.2837,1.0,-418.746689,AcNH2AcNH2,0.0,0.0
AcNH2AcNH2105,-15.94,7757.3647,1.05,-418.7462265,AcNH2AcNH2,0.29021875001490116,0.08100000000013097
AcNH2AcNH2110,-15.26,7758.0894,1.1,-418.7451949,AcNH2AcNH2,0.9375477500143461,0.805699999999888
AcNH2AcNH2125,-12.42,7761.2744,1.25,-418.7407114,AcNH2AcNH2,3.750943999970332,3.990700000000288
AcNH2Uracil090,-17.7,10740.23,0.9,-624.5019453,AcNH2Uracil,1.6169420000514947,0.4969999999993888
AcNH2Uracil095,-18.89,10739.733,0.95,-624.5039504,AcNH2Uracil,0.3587417500675656,0.0
AcNH2Uracil100,-19.19,10739.885,1.0,-624.5045221,AcNH2Uracil,0.0,0.15200000000004366
AcNH2Uracil105,-18.9,10740.538,1.05,-624.5041238,AcNH2Uracil,0.24993325007380918,0.805000000000291
AcNH2Uracil110,-18.22,10741.418,1.1,-624.5030975,AcNH2Uracil,0.8939365000696853,1.6849999999994907
AcNH2Uracil125,-15.21,10744.58,1.25,-624.4983437,AcNH2Uracil,3.876946000091266,4.846999999999753
AcNH2Uracil150,-10.23,10749.278,1.5,-624.4904068,AcNH2Uracil,8.8573507500696,9.545000000000073
AcNH2Uracil200,-4.65,10754.847,2.0,-624.4815091,AcNH2Uracil,14.440657500002999,15.113999999999578
AcOHAcOH090,-17.45,6635.45,0.9,-458.5133666,AcOHAcOH,1.6843982500140555,1.689300000000003
AcOHAcOH095,-18.79,6634.3125,0.95,-458.515539,AcOHAcOH,0.3212172500207089,0.5518000000001848
AcOHAcOH100,-19.09,6633.7607,1.0,-458.5160509,AcOHAcOH,0.0,0.0
AcOHAcOH105,-18.72,6634.235,1.05,-458.5154774,AcOHAcOH,0.3598712499951944,0.4742999999998574
AcOHAcOH110,-17.94,6634.8506,1.1,-458.5142193,AcOHAcOH,1.1493289999780245,1.0898999999999432
AcOHAcOH125,-14.56,6637.491,1.25,-458.5087366,AcOHAcOH,4.5897232499555685,3.7303000000001703
AcOHAcOH150,-9.21,6643.677,1.5,-458.499987,AcOHAcOH,10.080097250000108,9.916299999999865
AcOHAcOH200,-3.59,6649.688,2.0,-458.4908407,AcOHAcOH,15.819400499982294,15.927300000000287
AcOHUracil090,-17.9,10179.036,0.9,-644.384857,AcOHUracil,1.683457000006456,1.1200000000008004
AcOHUracil095,-19.19,10177.916,0.95,-644.386982,AcOHUracil,0.35001950000878423,0.0
AcOHUracil100,-19.49,10177.977,1.0,-644.3875398,AcOHUracil,0.0,0.0610000000015134
AcOHUracil105,-19.15,10178.818,1.05,-644.3870463,AcOHUracil,0.3096712500555441,0.9020000000000437
AcOHUracil110,-18.41,10179.838,1.1,-644.385883,AcOHUracil,1.0396419999888167,1.9220000000004802
AcOHUracil125,-15.14,10183.43,1.25,-644.3806648,AcOHUracil,4.314062500023283,5.514000000001033
AcOHUracil150,-9.86,10188.777,1.5,-644.3721566,AcOHUracil,9.652957999962382,10.861000000000786
AcOHUracil200,-4.15,10194.56,2.0,-644.3629841,AcOHUracil,15.408701750042383,16.644000000000233
BenzeneAcNH2NHpi090,-3.79,9724.11,0.9,-441.7745519,BenzeneAcNH2NHpi,0.5442935000173748,0.42000000000007276
BenzeneAcNH2NHpi095,-4.27,9723.69,0.95,-441.7753093,BenzeneAcNH2NHpi,0.06902499997522682,0.0
BenzeneAcNH2NHpi100,-4.36,9723.782,1.0,-441.7754193,BenzeneAcNH2NHpi,0.0,0.09199999999873398
BenzeneAcNH2NHpi105,-4.23,9724.149,1.05,-441.7751486,BenzeneAcNH2NHpi,0.16986424999777228,0.45899999999892316
BenzeneAcNH2NHpi110,-3.97,9724.621,1.1,-441.7746776,BenzeneAcNH2NHpi,0.46541674999753013,0.9309999999986758
BenzeneAcNH2NHpi125,-2.97,9725.997,1.25,-441.7729597,BenzeneAcNH2NHpi,1.5433990000165068,2.3069999999988795
BenzeneAcNH2NHpi150,-1.65,9726.643,1.5,-441.7707989,BenzeneAcNH2NHpi,2.8993009999976493,2.95299999999952
BenzeneAcNH2NHpi200,-0.48,9727.485,2.0,-441.7689613,BenzeneAcNH2NHpi,4.052395000006072,3.7950000000000728
BenzeneAcOH090,-2.73,9164.321,0.9,-461.6564631,BenzeneAcOH,0.921169999986887,1.1059999999997672
BenzeneAcOH095,-3.6,9163.384,0.95,-461.6577515,BenzeneAcOH,0.11269899999024346,0.16899999999986903
BenzeneAcOH100,-3.8,9163.215,1.0,-461.6579311,BenzeneAcOH,0.0,0.0
BenzeneAcOH105,-3.65,9163.452,1.05,-461.657554,BenzeneAcOH,0.23663024994311854,0.23699999999917054
BenzeneAcOH110,-3.34,9164.039,1.1,-461.6569461,BenzeneAcOH,0.6180874999263324,0.8240000000005239
BenzeneAcOH125,-2.24,9165.094,1.25,-461.6550639,BenzeneAcOH,1.7991679999395274,1.878999999998996
BenzeneAcOH150,-1.02,9165.955,1.5,-461.6531404,BenzeneAcOH,3.0061642499640584,2.7399999999997817
BenzeneAcOH200,-0.26,9166.776,2.0,-461.6518528,BenzeneAcOH,3.814133249979932,3.5609999999996944
BenzeneAcOHOHpi090,-3.97,9163.218,0.9,-461.6582407,BenzeneAcOHOHpi,0.6946424999623559,0.8830000000016298
BenzeneAcOHOHpi095,-4.58,9162.571,0.95,-461.6592055,BenzeneAcOHOHpi,0.08923049998702481,0.2360000000007858
BenzeneAcOHOHpi100,-4.7,9162.335,1.0,-461.6593477,BenzeneAcOHOHpi,0.0,0.0
BenzeneAcOHOHpi105,-4.55,9162.409,1.05,-461.659023,BenzeneAcOHOHpi,0.2037492499803193,0.07400000000052387
BenzeneAcOHOHpi110,-4.25,9162.757,1.1,-461.6584646,BenzeneAcOHOHpi,0.5541452500037849,0.4220000000004802
BenzeneAcOHOHpi125,-3.13,9164.4,1.25,-461.6564835,BenzeneAcOHOHpi,1.7972855000407435,2.0650000000005093
BenzeneAcOHOHpi150,-1.7,9166.003,1.5,-461.6541195,BenzeneAcOHOHpi,3.2806955000269227,3.6680000000014843
BenzeneAcOHOHpi200,-0.55,9166.392,2.0,-461.6522385,BenzeneAcOHOHpi,4.461023000010755,4.0570000000006985
BenzeneBenzenepipi090,-0.23,11682.747,0.9,-464.8169314,BenzeneBenzenepipi,1.1200247500091791,0.9569999999985157
BenzeneBenzenepipi095,-2.07,11681.79,0.95,-464.8183669,BenzeneBenzenepipi,0.21924849995411932,0.0
BenzeneBenzenepipi100,-2.74,11682.242,1.0,-464.8187163,BenzeneBenzenepipi,0.0,0.45199999999931606
BenzeneBenzenepipi105,-2.8,11682.678,1.05,-464.8185178,BenzeneBenzenepipi,0.12455874995794147,0.8879999999990105
BenzeneBenzenepipi110,-2.58,11682.937,1.1,-464.8180817,BenzeneBenzenepipi,0.39821149996714666,1.146999999999025
BenzeneBenzenepipi125,-1.54,11683.439,1.25,-464.816619,BenzeneBenzenepipi,1.3160557499504648,1.6489999999994325
BenzeneBenzenepipi150,-0.49,11684.268,1.5,-464.8151361,BenzeneBenzenepipi,2.246575499942992,2.477999999999156
BenzeneBenzenepipi200,-0.06,11684.708,2.0,-464.8141367,BenzeneBenzenepipi,2.8736989999888465,2.9179999999996653
BenzeneBenzeneTS090,-1.64,11683.618,0.9,-464.8147656,BenzeneBenzeneTS,2.3286525000585243,1.662000000000262
BenzeneBenzeneTS095,-2.58,11682.797,0.95,-464.8175947,BenzeneBenzeneTS,0.5533922500326298,0.8410000000003492
BenzeneBenzeneTS100,-2.87,11682.326,1.0,-464.8184766,BenzeneBenzeneTS,0.0,0.36999999999898137
BenzeneBenzeneTS105,-2.82,11681.956,1.05,-464.8184173,BenzeneBenzeneTS,0.03721074998611584,0.0
BenzeneBenzeneTS110,-2.6,11682.004,1.1,-464.8179588,BenzeneBenzeneTS,0.3249195000389591,0.04800000000068394
BenzeneBenzeneTS125,-1.77,11683.249,1.25,-464.8162421,BenzeneBenzeneTS,1.402148750028573,1.2929999999996653
BenzeneBenzeneTS150,-0.83,11684.238,1.5,-464.8146582,BenzeneBenzeneTS,2.396046000008937,2.2819999999992433
BenzeneBenzeneTS200,-0.22,11684.545,2.0,-464.8138976,BenzeneBenzeneTS,2.8733225000323728,2.588999999999942
BenzeneCyclopentane090,-2.16,13248.471,0.9,-429.0942616,BenzeneCyclopentane,1.1730485000298359,0.8429999999989377
BenzeneCyclopentane095,-3.24,13247.718,0.95,-429.0958251,BenzeneCyclopentane,0.19195225002476946,0.09000000000014552
BenzeneCyclopentane100,-3.57,13247.628,1.0,-429.096131,BenzeneCyclopentane,0.0,0.0
BenzeneCyclopentane105,-3.47,13248.069,1.05,-429.0957653,BenzeneCyclopentane,0.2294767500134185,0.44099999999889405
BenzeneCyclopentane110,-3.17,13248.765,1.1,-429.0951162,BenzeneCyclopentane,0.6367869999958202,1.1369999999988067
BenzeneCyclopentane125,-2.07,13249.857,1.25,-429.0931619,BenzeneCyclopentane,1.8631102500366978,2.2289999999993597
BenzeneCyclopentane150,-0.9,13250.868,1.5,-429.0913278,BenzeneCyclopentane,3.0140080000273883,3.2399999999997817
BenzeneCyclopentane200,-0.19,13251.768,2.0,-429.0901538,BenzeneCyclopentane,3.7506930000381544,4.139999999999418
BenzeneEthene090,-0.26,7666.0615,0.9,-311.0451555,BenzeneEthene,0.9568747500015888,0.9799999999995634
BenzeneEthene095,-1.13,7665.17,0.95,-311.0463828,BenzeneEthene,0.18674400000600144,0.08849999999983993
BenzeneEthene100,-1.41,7665.0815,1.0,-311.0466804,BenzeneEthene,0.0,0.0
BenzeneEthene105,-1.4,7665.2817,1.05,-311.0465379,BenzeneEthene,0.08941875002346933,0.20019999999931315
BenzeneEthene110,-1.26,7665.536,1.1,-311.0462285,BenzeneEthene,0.28356725003686734,0.4544999999998254
BenzeneEthene125,-0.69,7666.016,1.25,-311.0452725,BenzeneEthene,0.8834572500200011,0.9344999999993888
BenzeneEthene150,-0.17,7666.3037,1.5,-311.0444917,BenzeneEthene,1.373409250023542,1.2222000000001572
BenzeneEthene200,0.01,7666.747,2.0,-311.0441349,BenzeneEthene,1.597301250003511,1.6655000000000655
BenzeneEthyneCHpi090,-1.87,7224.4106,0.9,-309.7954284,BenzeneEthyneCHpi,0.8754879999905825,0.8872000000001208
BenzeneEthyneCHpi095,-2.65,7223.979,0.95,-309.7965903,BenzeneEthyneCHpi,0.14639574999455363,0.4556000000002314
BenzeneEthyneCHpi100,-2.86,7223.62,1.0,-309.7968236,BenzeneEthyneCHpi,0.0,0.09659999999985303
BenzeneEthyneCHpi105,-2.79,7223.5234,1.05,-309.7965767,BenzeneEthyneCHpi,0.15492974998778664,0.0
BenzeneEthyneCHpi110,-2.58,7223.808,1.1,-309.7961203,BenzeneEthyneCHpi,0.4413207499892451,0.2845999999999549
BenzeneEthyneCHpi125,-1.79,7224.816,1.25,-309.7946719,BenzeneEthyneCHpi,1.3501917499816045,1.2925999999997657
BenzeneEthyneCHpi150,-0.89,7225.5264,1.5,-309.7931775,BenzeneEthyneCHpi,2.2879277499741875,2.0029999999997017
BenzeneEthyneCHpi200,-0.27,7225.61,2.0,-309.7920948,BenzeneEthyneCHpi,2.967322000011336,2.0865999999996347
BenzeneMeNH2NHpi090,-2.51,8239.352,0.9,-328.3313525,BenzeneMeNH2NHpi,0.5639342499780469,1.125
BenzeneMeNH2NHpi095,-3.09,8238.4375,0.95,-328.3321521,BenzeneMeNH2NHpi,0.06218524998985231,0.21049999999922875
BenzeneMeNH2NHpi100,-3.23,8238.227,1.0,-328.3322512,BenzeneMeNH2NHpi,0.0,0.0
BenzeneMeNH2NHpi105,-3.12,8238.544,1.05,-328.3319343,BenzeneMeNH2NHpi,0.19885474996408448,0.3169999999990978
BenzeneMeNH2NHpi110,-2.86,8238.94,1.1,-328.3314116,BenzeneMeNH2NHpi,0.5268489999580197,0.7129999999997381
BenzeneMeNH2NHpi125,-1.95,8239.639,1.25,-328.329759,BenzeneMeNH2NHpi,1.5638554999604821,1.411999999998443
BenzeneMeNH2NHpi150,-0.94,8240.582,1.5,-328.3280775,BenzeneMeNH2NHpi,2.6189967499813065,2.3549999999995634
BenzeneMeNH2NHpi200,-0.26,8241.547,2.0,-328.3268924,BenzeneMeNH2NHpi,3.3626469999726396,3.319999999999709
BenzeneMeOHOHpi090,-3.45,7829.314,0.9,-348.2100966,BenzeneMeOHOHpi,0.631327750015771,1.234400000000278
BenzeneMeOHOHpi095,-4.05,7828.494,0.95,-348.210975,BenzeneMeOHOHpi,0.08013175000087358,0.4143999999996595
BenzeneMeOHOHpi100,-4.19,7828.1187,1.0,-348.2111027,BenzeneMeOHOHpi,0.0,0.039099999999962165
BenzeneMeOHOHpi105,-4.07,7828.0796,1.05,-348.2108028,BenzeneMeOHOHpi,0.18818725002347492,0.0
BenzeneMeOHOHpi110,-3.8,7828.3794,1.1,-348.2102874,BenzeneMeOHOHpi,0.5116007500037085,0.29979999999977736
BenzeneMeOHOHpi125,-2.8,7829.332,1.25,-348.2084774,BenzeneMeOHOHpi,1.6473757500352804,1.252400000000307
BenzeneMeOHOHpi150,-1.53,7830.997,1.5,-348.2063519,BenzeneMeOHOHpi,2.9811270000063814,2.9174000000002707
BenzeneMeOHOHpi200,-0.52,7832.084,2.0,-348.2046415,BenzeneMeOHOHpi,4.054403000016464,4.004399999999805
BenzeneNeopentane090,-1.86,12981.488,0.9,-430.3071379,BenzeneNeopentane,0.7697542500100099,0.7399999999997817
BenzeneNeopentane095,-2.68,12980.748,0.95,-430.3082277,BenzeneNeopentane,0.08590475004166365,0.0
BenzeneNeopentane100,-2.89,12980.895,1.0,-430.3083646,BenzeneNeopentane,0.0,0.147000000000844
BenzeneNeopentane105,-2.8,12981.87,1.05,-430.308038,BenzeneNeopentane,0.20494150003651157,1.1220000000012078
BenzeneNeopentane110,-2.57,12982.843,1.1,-430.3075262,BenzeneNeopentane,0.5260960000450723,2.095000000001164
BenzeneNeopentane125,-1.7,12983.48,1.25,-430.305998,BenzeneNeopentane,1.4850415000109933,2.731999999999971
BenzeneNeopentane150,-0.77,12984.16,1.5,-430.3045351,BenzeneNeopentane,2.403011250018608,3.412000000000262
BenzeneNeopentane200,-0.19,12984.87,2.0,-430.3035962,BenzeneNeopentane,2.992170999990776,4.122000000001208
BenzenePeptideNHpi090,-3.75,11214.576,0.9,-481.1058214,BenzenePeptideNHpi,1.3296724999672733,2.996999999999389
BenzenePeptideNHpi095,-4.96,11212.668,0.95,-481.1076115,BenzenePeptideNHpi,0.20638474996667355,1.0889999999999418
BenzenePeptideNHpi100,-5.28,11211.636,1.0,-481.1079404,BenzenePeptideNHpi,0.0,0.05700000000069849
BenzenePeptideNHpi105,-5.14,11211.579,1.05,-481.1075372,BenzenePeptideNHpi,0.25300799997057766,0.0
BenzenePeptideNHpi110,-4.78,11212.133,1.1,-481.1068077,BenzenePeptideNHpi,0.71076924999943,0.5540000000000873
BenzenePeptideNHpi125,-3.41,11213.573,1.25,-481.104365,BenzenePeptideNHpi,2.243563500000164,1.9940000000005966
BenzenePeptideNHpi150,-1.8,11215.117,1.5,-481.1017185,BenzenePeptideNHpi,3.9042422500206158,3.5380000000004657
BenzenePeptideNHpi200,-0.62,11216.103,2.0,-481.0997222,BenzenePeptideNHpi,5.156920500041451,4.5239999999994325
BenzenePyridinepipi090,-0.73,11279.183,0.9,-480.8653209,BenzenePyridinepipi,1.1170755000202917,1.9720000000015716
BenzenePyridinepipi095,-2.69,11277.211,0.95,-480.8667699,BenzenePyridinepipi,0.2078279999550432,0.0
BenzenePyridinepipi100,-3.37,11277.246,1.0,-480.8671011,BenzenePyridinepipi,0.0,0.03499999999985448
BenzenePyridinepipi105,-3.4,11277.891,1.05,-480.8668612,BenzenePyridinepipi,0.1505372499814257,0.680000000000291
BenzenePyridinepipi110,-3.13,11278.417,1.1,-480.8663788,BenzenePyridinepipi,0.45324324996909127,1.206000000000131
BenzenePyridinepipi125,-1.97,11279.205,1.25,-480.8647527,BenzenePyridinepipi,1.4736210000119172,1.9940000000005966
BenzenePyridinepipi150,-0.72,11280.117,1.5,-480.8630713,BenzenePyridinepipi,2.5286994999623857,2.9060000000008586
BenzenePyridinepipi200,-0.15,11280.616,2.0,-480.8618791,BenzenePyridinepipi,3.276804999972228,3.405000000000655
BenzenePyridineTS090,-2.09,11279.849,0.9,-480.8630632,BenzenePyridineTS,2.5163377500139177,2.1190000000005966
BenzenePyridineTS095,-3.04,11278.72,0.95,-480.8661397,BenzenePyridineTS,0.5858340000268072,0.9899999999997817
BenzenePyridineTS100,-3.32,11278.183,1.0,-480.8670733,BenzenePyridineTS,0.0,0.4530000000013388
BenzenePyridineTS105,-3.26,11277.753,1.05,-480.866969,BenzenePyridineTS,0.06544825003948063,0.023000000001047738
BenzenePyridineTS110,-3.02,11277.73,1.1,-480.8664295,BenzenePyridineTS,0.40398450003704056,0.0
BenzenePyridineTS125,-2.1,11278.846,1.25,-480.8645206,BenzenePyridineTS,1.6018192500341684,1.1159999999999854
BenzenePyridineTS150,-1.05,11280.128,1.5,-480.8626142,BenzenePyridineTS,2.79808525001863,2.3980000000010477
BenzenePyridineTS200,-0.33,11280.372,2.0,-480.8616085,BenzenePyridineTS,3.42916200007312,2.6419999999998254
BenzeneUracilpipi090,-3.53,12709.406,0.9,-647.5277053,BenzeneUracilpipi,2.1680752499960363,1.8950000000004366
BenzeneUracilpipi095,-5.22,12707.669,0.95,-647.5304454,BenzeneUracilpipi,0.4486625000135973,0.15799999999944703
BenzeneUracilpipi100,-5.71,12707.511,1.0,-647.5311604,BenzeneUracilpipi,0.0,0.0
BenzeneUracilpipi105,-5.55,12707.986,1.05,-647.5308165,BenzeneUracilpipi,0.21579724998446181,0.4750000000003638
BenzeneUracilpipi110,-5.08,12708.444,1.1,-647.5299737,BenzeneUracilpipi,0.744654249981977,0.9329999999990832
BenzeneUracilpipi125,-3.29,12709.999,1.25,-647.5270715,BenzeneUracilpipi,2.565784749982413,2.4879999999993743
BenzeneUracilpipi150,-1.36,12711.275,1.5,-647.5241647,BenzeneUracilpipi,4.389801749959588,3.763999999999214
BenzeneUracilpipi200,-0.25,12712.475,2.0,-647.5223463,BenzeneUracilpipi,5.530847750022076,4.963999999999942
BenzeneWaterOHpi090,-2.8,6145.749,0.9,-308.8918359,BenzeneWaterOHpi,0.3400422500271816,0.3029999999998836
BenzeneWaterOHpi095,-3.21,6145.446,0.95,-308.8923778,BenzeneWaterOHpi,0.0,0.0
BenzeneWaterOHpi100,-3.27,6145.744,1.0,-308.8923465,BenzeneWaterOHpi,0.01964075001887977,0.29799999999977445
BenzeneWaterOHpi105,-3.13,6146.345,1.05,-308.8920149,BenzeneWaterOHpi,0.22771975002251565,0.899000000000342
BenzeneWaterOHpi110,-2.9,6146.911,1.1,-308.8915461,BenzeneWaterOHpi,0.5218917499878444,1.4650000000001455
BenzeneWaterOHpi125,-2.1,6147.626,1.25,-308.8900758,BenzeneWaterOHpi,1.4445050000213087,2.180000000000291
BenzeneWaterOHpi150,-1.16,6148.529,1.5,-308.888465,BenzeneWaterOHpi,2.455282000009902,3.0830000000005384
BenzeneWaterOHpi200,-0.42,6149.1494,2.0,-308.8871978,BenzeneWaterOHpi,3.25044999999227,3.703400000000329
CyclopentaneCyclopentane090,-2.24,14815.826,0.9,-393.3703294,CyclopentaneCyclopentane,0.49886249998235144,0.21699999999873398
CyclopentaneCyclopentane095,-2.84,14815.609,0.95,-393.3711244,CyclopentaneCyclopentane,0.0,0.0
CyclopentaneCyclopentane105,-2.86,14816.321,1.05,-393.3707556,CyclopentaneCyclopentane,0.23142200001166202,0.7119999999995343
CyclopentaneCyclopentane110,-2.6,14816.77,1.1,-393.3701981,CyclopentaneCyclopentane,0.5812532500131056,1.1610000000000582
CyclopentaneCyclopentane125,-1.71,14817.314,1.25,-393.3686566,CyclopentaneCyclopentane,1.5485444999940228,1.7049999999999272
CyclopentaneCyclopentane150,-0.79,14818.491,1.5,-393.3671982,CyclopentaneCyclopentane,2.4636904999788385,2.881999999999607
CyclopentaneCyclopentane200,-0.2,14818.426,2.0,-393.3662173,CyclopentaneCyclopentane,3.0792052499891724,2.816999999999098
CyclopentaneNeopentane090,-1.61,14548.878,0.9,-394.5829177,CyclopentaneNeopentane,0.5086515000148211,0.1890000000003056
CyclopentaneNeopentane095,-2.25,14548.689,0.95,-394.5837084,CyclopentaneNeopentane,0.012487250030972064,0.0
CyclopentaneNeopentane100,-2.41,14549.15,1.0,-394.5837283,CyclopentaneNeopentane,0.0,0.4609999999993306
CyclopentaneNeopentane105,-2.33,14549.566,1.05,-394.5834101,CyclopentaneNeopentane,0.19967050003469922,0.8770000000004075
CyclopentaneNeopentane110,-2.14,14549.853,1.1,-394.5829734,CyclopentaneNeopentane,0.4736997500003781,1.1639999999988504
CyclopentaneNeopentane125,-1.47,14550.424,1.25,-394.5817249,CyclopentaneNeopentane,1.2571335000393447,1.735000000000582
CyclopentaneNeopentane150,-0.71,14551.383,1.5,-394.5805013,CyclopentaneNeopentane,2.024942500022007,2.6939999999995052
CyclopentaneNeopentane200,-0.19,14551.545,2.0,-394.5796546,CyclopentaneNeopentane,2.556246749998536,2.855999999999767
EthenePentane090,-1.66,8964.548,0.9,-276.531728,EthenePentane,0.20356100000208244,0.15999999999985448
EthenePentane095,-1.97,8964.388,0.95,-276.5320524,EthenePentane,0.0,0.0
EthenePentane100,-1.99,8964.504,1.0,-276.5319271,EthenePentane,0.07862575000035577,0.11599999999998545
EthenePentane105,-1.86,8964.718,1.05,-276.5316022,EthenePentane,0.2825005000049714,0.32999999999992724
EthenePentane110,-1.67,8965.038,1.1,-276.5312104,EthenePentane,0.5283549999876413,0.6499999999996362
EthenePentane125,-1.09,8965.848,1.25,-276.5301753,EthenePentane,1.1778802500048187,1.4599999999991269
EthenePentane150,-0.49,8966.282,1.5,-276.529186,EthenePentane,1.798666000016965,1.8939999999984138
EthenePentane200,-0.12,8966.61,2.0,-276.5285213,EthenePentane,2.2157652500027325,2.2219999999997526
EthyneAcOHOHpi090,-4.28,4703.743,0.9,-306.6366276,EthyneAcOHOHpi,0.560106499993708,0.23960000000079162
EthyneAcOHOHpi095,-4.78,4703.5034,0.95,-306.6374255,EthyneAcOHOHpi,0.059424249979201704,0.0
EthyneAcOHOHpi100,-4.86,4703.597,1.0,-306.6375202,EthyneAcOHOHpi,0.0,0.09360000000015134
EthyneAcOHOHpi105,-4.69,4703.6597,1.05,-306.6371984,EthyneAcOHOHpi,0.20192949997726828,0.15630000000055588
EthyneAcOHOHpi110,-4.39,4703.9043,1.1,-306.6366449,EthyneAcOHOHpi,0.5492507499584462,0.40090000000054715
EthyneAcOHOHpi125,-3.26,4705.4126,1.25,-306.6346337,EthyneAcOHOHpi,1.8112787499849219,1.9092000000000553
EthyneAcOHOHpi150,-1.77,4706.7197,1.5,-306.6321092,EthyneAcOHOHpi,3.39540249996935,3.2163000000000466
EthyneAcOHOHpi200,-0.56,4707.54,2.0,-306.6300952,EthyneAcOHOHpi,4.659187499957625,4.036600000000362
EthyneEthyneTS090,-1.21,2765.624,0.9,-154.7718923,EthyneEthyneTS,0.2796139999991283,0.33049999999957436
EthyneEthyneTS095,-1.47,2765.4697,0.95,-154.7722909,EthyneEthyneTS,0.029492499990737997,0.17619999999988067
EthyneEthyneTS100,-1.52,2765.2935,1.0,-154.7723379,EthyneEthyneTS,0.0,0.0
EthyneEthyneTS105,-1.46,2765.3662,1.05,-154.7721935,EthyneEthyneTS,0.09061099999235012,0.07269999999971333
EthyneEthyneTS110,-1.35,2765.7178,1.1,-154.7719699,EthyneEthyneTS,0.23092000000178814,0.4242999999996755
EthyneEthyneTS125,-0.93,2766.2378,1.25,-154.7712493,EthyneEthyneTS,0.6830964999971911,0.9442999999996573
EthyneEthyneTS150,-0.46,2766.346,1.5,-154.77045,EthyneEthyneTS,1.184657249978045,1.0524999999997817
EthyneEthyneTS200,-0.14,2766.441,2.0,-154.7698658,EthyneEthyneTS,1.5512427499925252,1.1474999999995816
EthynePentane090,-1.13,8524.445,0.9,-275.2781921,EthynePentane,0.4680522499838844,0.8850000000002183
EthynePentane095,-1.63,8523.718,0.95,-275.2788698,EthynePentane,0.042795499990461394,0.15800000000126602
EthynePentane100,-1.75,8523.56,1.0,-275.278938,EthynePentane,0.0,0.0
EthynePentane105,-1.68,8523.827,1.05,-275.2787236,EthynePentane,0.1345359999977518,0.2669999999998254
EthynePentane110,-1.52,8524.091,1.1,-275.2784092,EthynePentane,0.3318219999782741,0.5310000000008586
EthynePentane125,-0.98,8524.623,1.25,-275.2774802,EthynePentane,0.9147694999701343,1.0630000000001019
EthynePentane150,-0.42,8525.076,1.5,-275.2765956,EthynePentane,1.4698559999815188,1.5159999999996217
EthynePentane200,-0.1,8525.396,2.0,-275.2760202,EthynePentane,1.8309194999746978,1.8360000000011496
EthyneWaterCHO090,-2.52,1688.4878,0.9,-153.8685339,EthyneWaterCHO,0.3209035000036238,0.9933000000000902
EthyneWaterCHO095,-2.8,1687.7954,0.95,-153.868974,EthyneWaterCHO,0.044740750003256835,0.300899999999956
EthyneWaterCHO100,-2.85,1687.4945,1.0,-153.8690453,EthyneWaterCHO,0.0,0.0
EthyneWaterCHO105,-2.76,1687.5984,1.05,-153.8688995,EthyneWaterCHO,0.09148950000235345,0.10390000000006694
EthyneWaterCHO110,-2.6,1688.0245,1.1,-153.8686362,EthyneWaterCHO,0.25671025000337977,0.5299999999999727
EthyneWaterCHO125,-1.98,1688.9143,1.25,-153.8676617,EthyneWaterCHO,0.8682089999929303,1.4197999999998956
EthyneWaterCHO150,-1.17,1689.7498,1.5,-153.866385,EthyneWaterCHO,1.6693382499943255,2.255300000000034
EthyneWaterCHO200,-0.46,1690.0188,2.0,-153.8652313,EthyneWaterCHO,2.3932849999982864,2.5243000000000393
MeNH2MeNH2090,-3.7,4795.984,0.9,-191.845285,MeNH2MeNH2,0.4634714999992866,0.9185999999999694
MeNH2MeNH2095,-4.09,4795.3477,0.95,-191.8459362,MeNH2MeNH2,0.054843499980052,0.2822999999998501
MeNH2MeNH2100,-4.15,4795.0654,1.0,-191.8460236,MeNH2MeNH2,0.0,0.0
MeNH2MeNH2105,-4.01,4795.1113,1.05,-191.8457746,MeNH2MeNH2,0.15624749999551568,0.04589999999916472
MeNH2MeNH2110,-3.75,4795.4653,1.1,-191.8453428,MeNH2MeNH2,0.4272019999916665,0.39989999999943393
MeNH2MeNH2125,-2.79,4796.9185,1.25,-191.8437457,MeNH2MeNH2,1.4293822499894304,1.8530999999993583
MeNH2MeNH2150,-1.31,4798.242,1.5,-191.841331,MeNH2MeNH2,2.9446064999938244,3.1765999999997803
MeNH2MeNH2200,-0.39,4798.7817,2.0,-191.8398255,MeNH2MeNH2,3.889307749996078,3.716299999999137
MeNH2MeOH090,-2.81,4387.0083,0.9,-211.721074,MeNH2MeOH,0.2343712500296533,0.5973000000003594
MeNH2MeOH095,-3.04,4386.5786,0.95,-211.7214475,MeNH2MeOH,0.0,0.16759999999976571
MeNH2MeOH100,-3.04,4386.4224,1.0,-211.7214442,MeNH2MeOH,0.002070750022539869,0.011400000000321597
MeNH2MeOH105,-2.9,4386.411,1.05,-211.7212266,MeNH2MeOH,0.13861475003068335,0.0
MeNH2MeOH110,-2.69,4386.6157,1.1,-211.720898,MeNH2MeOH,0.34481125001912005,0.20470000000022992
MeNH2MeOH125,-1.98,4387.8267,1.25,-211.7197665,MeNH2MeOH,1.0548275000182912,1.4156999999995605
MeNH2MeOH150,-1.1,4388.7407,1.5,-211.7183695,MeNH2MeOH,1.931445000023814,2.32970000000023
MeNH2MeOH200,-0.39,4389.216,2.0,-211.7172129,MeNH2MeOH,2.657211500016274,2.805000000000291
MeNH2Peptide090,-4.95,7768.953,0.9,-344.6196207,MeNH2Peptide,0.4871282500389498,0.5233000000007451
MeNH2Peptide095,-5.36,7768.4927,0.95,-344.6203087,MeNH2Peptide,0.05540825001662597,0.06300000000010186
MeNH2Peptide100,-5.41,7768.4297,1.0,-344.620397,MeNH2Peptide,0.0,0.0
MeNH2Peptide105,-5.24,7768.6934,1.05,-344.6201205,MeNH2Peptide,0.17350375003297813,0.26370000000042637
MeNH2Peptide110,-4.94,7769.0684,1.1,-344.6196283,MeNH2Peptide,0.48235925001790747,0.6387000000004264
MeNH2Peptide125,-3.21,7770.762,1.25,-344.6167813,MeNH2Peptide,2.2688517500064336,2.332300000000032
MeNH2Peptide150,-1.4,7771.801,1.5,-344.6138593,MeNH2Peptide,4.102406750025693,3.3713000000007014
MeNH2Peptide200,-0.46,7772.658,2.0,-344.6122806,MeNH2Peptide,5.093041000014637,4.228300000000672
MeNH2Pyridine090,-3.45,7835.105,0.9,-344.3797045,MeNH2Pyridine,0.5393362499889918,0.504399999999805
MeNH2Pyridine095,-3.88,7834.7085,0.95,-344.380422,MeNH2Pyridine,0.0891049999918323,0.10789999999997235
MeNH2Pyridine100,-3.97,7834.6006,1.0,-344.380564,MeNH2Pyridine,0.0,0.0
MeNH2Pyridine105,-3.85,7834.648,1.05,-344.3803661,MeNH2Pyridine,0.12418224997236393,0.047400000000379805
MeNH2Pyridine110,-3.62,7834.803,1.1,-344.3799701,MeNH2Pyridine,0.3726722499995958,0.20240000000012515
MeNH2Pyridine125,-2.71,7835.635,1.25,-344.3784608,MeNH2Pyridine,1.319757999968715,1.0344000000004598
MeNH2Pyridine150,-1.5,7836.2153,1.5,-344.3765116,MeNH2Pyridine,2.5428809999721125,1.6147000000000844
MeNH2Pyridine200,-0.49,7837.205,2.0,-344.3748745,MeNH2Pyridine,3.570161250012461,2.604400000000169
MeNH2Water090,-6.75,2699.6843,0.9,-172.4101104,MeNH2Water,0.5691424999968149,0.0
MeNH2Water095,-7.2,2699.736,0.95,-172.4109058,MeNH2Water,0.0700290000095265,0.05169999999998254
MeNH2Water100,-7.25,2699.75,1.0,-172.4110174,MeNH2Water,0.0,0.06570000000010623
MeNH2Water105,-7.03,2700.077,1.05,-172.4106924,MeNH2Water,0.2039375000022119,0.3927000000003318
MeNH2Water110,-6.66,2700.9321,1.1,-172.4101044,MeNH2Water,0.5729074999981094,1.2478000000000975
MeNH2Water125,-5.22,2702.5244,1.25,-172.4077638,MeNH2Water,2.0416340000083437,2.840099999999893
MeNH2Water150,-3.15,2704.5686,1.5,-172.4043593,MeNH2Water,4.177957749998313,4.884300000000167
MeNH2Water200,-1.2,2705.7976,2.0,-172.4011652,MeNH2Water,6.182255499996245,6.113299999999981
MeOHMeNH2090,-6.97,4381.4067,0.9,-211.727549,MeOHMeNH2,0.6103064999915659,0.0
MeOHMeNH2095,-7.47,4381.438,0.95,-211.7283855,MeOHMeNH2,0.0854027499735821,0.03130000000055588
MeOHMeNH2100,-7.54,4381.931,1.0,-211.7285216,MeOHMeNH2,0.0,0.5243000000000393
MeOHMeNH2105,-7.34,4382.566,1.05,-211.7282069,MeOHMeNH2,0.197474249987863,1.1593000000002576
MeOHMeNH2110,-6.97,4383.0464,1.1,-211.7276186,MeOHMeNH2,0.5666324999765493,1.63970000000063
MeOHMeNH2125,-5.5,4384.235,1.25,-211.7252404,MeOHMeNH2,2.0589529999997467,2.8283000000001266
MeOHMeNH2150,-3.35,4387.433,1.5,-211.7217081,MeOHMeNH2,4.275471249973634,6.026300000000447
MeOHMeNH2200,-1.27,4389.064,2.0,-211.7183294,MeOHMeNH2,6.395605500001693,7.65730000000076
MeOHMeOH090,-5.28,3975.373,0.9,-231.6020419,MeOHMeOH,0.5266607500088867,0.8110000000001492
MeOHMeOH095,-5.69,3974.9016,0.95,-231.6027559,MeOHMeOH,0.07862575000035577,0.3396000000002459
MeOHMeOH100,-5.75,3974.562,1.0,-231.6028812,MeOHMeOH,0.0,0.0
MeOHMeOH105,-5.58,3974.5693,1.05,-231.6026391,MeOHMeOH,0.15191775001585484,0.007300000000213913
MeOHMeOH110,-5.28,3974.808,1.1,-231.6021831,MeOHMeOH,0.43805775002692826,0.2460000000000946
MeOHMeOH125,-4.14,3975.8706,1.25,-231.6003829,MeOHMeOH,1.5676832500030287,1.3086000000002969
MeOHMeOH150,-2.52,3978.2622,1.5,-231.597823,MeOHMeOH,3.1740205000096466,3.7002000000002226
MeOHMeOH200,-1.01,3979.315,2.0,-231.5954213,MeOHMeOH,4.681087250006385,4.753000000000156
MeOHPeptide090,-7.63,7355.767,0.9,-364.5008281,MeOHPeptide,0.6235467500227969,0.18739999999979773
MeOHPeptide095,-8.14,7355.5796,0.95,-364.5016764,MeOHPeptide,0.09123849999741651,0.0
MeOHPeptide100,-8.22,7355.716,1.0,-364.5018218,MeOHPeptide,0.0,0.1364000000003216
MeOHPeptide105,-8.02,7356.0337,1.05,-364.5015122,MeOHPeptide,0.19427400000859052,0.4540999999999258
MeOHPeptide110,-7.66,7356.448,1.1,-364.5009235,MeOHPeptide,0.5636832500167657,0.8684000000002925
MeOHPeptide125,-6.18,7358.386,1.25,-364.4985161,MeOHPeptide,2.074326750007458,2.8064000000003944
MeOHPeptide150,-3.65,7361.238,1.5,-364.4944039,MeOHPeptide,4.654732249997323,5.658400000000256
MeOHPeptide200,-1.1,7363.009,2.0,-364.4902845,MeOHPeptide,7.239655750017846,7.429399999999987
MeOHPyridine090,-6.78,7421.6035,0.9,-364.2619274,MeOHPyridine,0.6594397499866318,0.35789999999997235
MeOHPyridine095,-7.31,7421.2456,0.95,-364.2628012,MeOHPyridine,0.11113024997757748,0.0
MeOHPyridine100,-7.4,7421.5073,1.0,-364.2629783,MeOHPyridine,0.0,0.2617000000000189
MeOHPyridine105,-7.23,7422.2935,1.05,-364.2627068,MeOHPyridine,0.17036624997854233,1.0478999999995722
MeOHPyridine110,-6.88,7423.12,1.1,-364.2621592,MeOHPyridine,0.5139852499996778,1.8743999999996959
MeOHPyridine125,-5.48,7424.837,1.25,-364.2598847,MeOHPyridine,1.9412339999980759,3.591400000000249
MeOHPyridine150,-3.38,7426.6914,1.5,-364.2564732,MeOHPyridine,4.081950249965303,5.445799999999508
MeOHPyridine200,-1.33,7427.8076,2.0,-364.2532003,MeOHPyridine,6.135694999975385,6.561999999999898
MeOHWater090,-4.59,2291.9216,0.9,-192.2837943,MeOHWater,0.3916227499867091,0.09520000000020445
MeOHWater095,-4.95,2291.8264,0.95,-192.2844184,MeOHWater,0.0,0.0
MeOHWater105,-4.85,2292.4885,1.05,-192.2842928,MeOHWater,0.07881399999314453,0.6621000000000095
MeOHWater110,-4.59,2292.661,1.1,-192.2838835,MeOHWater,0.3356497499917168,0.8346000000001368
MeOHWater125,-3.59,2293.163,1.25,-192.2823031,MeOHWater,1.3273507499834523,1.3366000000000895
MeOHWater150,-2.2,2295.1624,1.5,-192.2801067,MeOHWater,2.705591749981977,3.33600000000024
MeOHWater200,-0.91,2296.1335,2.0,-192.2780516,MeOHWater,3.9951669999863952,4.307099999999991
NeopentaneNeopentane090,-1.45,14283.051,0.9,-395.7956851,NeopentaneNeopentane,0.1803434999892488,0.4609999999993306
NeopentaneNeopentane095,-1.74,14282.772,0.95,-395.7959725,NeopentaneNeopentane,0.0,0.1820000000006985
NeopentaneNeopentane100,-1.77,14282.59,1.0,-395.7958702,NeopentaneNeopentane,0.06419324997114018,0.0
NeopentaneNeopentane105,-1.68,14282.672,1.05,-395.7955432,NeopentaneNeopentane,0.26938574999803677,0.0820000000003347
NeopentaneNeopentane110,-1.54,14282.846,1.1,-395.7952817,NeopentaneNeopentane,0.43347700001322664,0.25599999999940337
NeopentaneNeopentane125,-1.05,14283.757,1.25,-395.794463,NeopentaneNeopentane,0.9472112499934155,1.1669999999994616
NeopentaneNeopentane150,-0.5,14284.743,1.5,-395.7935265,NeopentaneNeopentane,1.53486499999417,2.1530000000002474
NeopentaneNeopentane200,-0.14,14284.592,2.0,-395.7929852,NeopentaneNeopentane,1.8745307500066701,2.0020000000004075
NeopentanePentane090,-1.85,14281.882,0.9,-395.7914601,NeopentanePentane,0.472382000007201,0.7809999999990396
NeopentanePentane095,-2.49,14281.181,0.95,-395.7922129,NeopentanePentane,0.0,0.07999999999992724
NeopentanePentane100,-2.61,14281.101,1.0,-395.7921565,NeopentanePentane,0.03539100001216866,0.0
NeopentanePentane105,-2.48,14281.491,1.05,-395.7917634,NeopentanePentane,0.2820612500072457,0.3899999999994179
NeopentanePentane110,-2.25,14282.035,1.1,-395.7912603,NeopentanePentane,0.5977565000066534,0.933999999999287
NeopentanePentane125,-1.5,14283.366,1.25,-395.7899026,NeopentanePentane,1.4497132500109728,2.264999999999418
NeopentanePentane150,-0.7,14284.511,1.5,-395.7886232,NeopentanePentane,2.2525367499911226,3.4099999999998545
NeopentanePentane200,-0.18,14284.432,2.0,-395.787761,NeopentanePentane,2.7935672500170767,3.331000000000131
PentaneAcNH2090,-3.15,11025.585,0.9,-407.2580512,PentaneAcNH2,0.2767902499763295,1.201999999999316
PentaneAcNH2095,-3.5,11024.713,0.95,-407.2584923,PentaneAcNH2,0.0,0.32999999999992724
PentaneAcNH2100,-3.51,11024.383,1.0,-407.2583895,PentaneAcNH2,0.06450699997367337,0.0
PentaneAcNH2105,-3.32,11024.53,1.05,-407.2579923,PentaneAcNH2,0.3137499999720603,0.147000000000844
PentaneAcNH2110,-3.04,11024.866,1.1,-407.2574809,PentaneAcNH2,0.6346534999611322,0.4830000000001746
PentaneAcNH2125,-2.12,11025.803,1.25,-407.2559224,PentaneAcNH2,1.6126122499990743,1.4200000000000728
PentaneAcNH2150,-1.04,11027.032,1.5,-407.2542492,PentaneAcNH2,2.662545249972027,2.6489999999994325
PentaneAcNH2200,-0.27,11027.723,2.0,-407.2529416,PentaneAcNH2,3.4830642500019167,3.3400000000001455
PentaneAcOH090,-2.7,10463.882,0.9,-427.1403432,PentaneAcOH,0.14501525001833215,0.6219999999993888
PentaneAcOH095,-2.9,10463.378,0.95,-427.1405743,PentaneAcOH,0.0,0.1180000000003929
PentaneAcOH100,-2.88,10463.26,1.0,-427.1404494,PentaneAcOH,0.07837474998086691,0.0
PentaneAcOH105,-2.73,10463.506,1.05,-427.1401312,PentaneAcOH,0.27804525004466996,0.2459999999991851
PentaneAcOH110,-2.52,10463.931,1.1,-427.1397387,PentaneAcOH,0.5243389999959618,0.6710000000002765
PentaneAcOH125,-1.79,10464.968,1.25,-427.1385099,PentaneAcOH,1.2954110000282526,1.7080000000005384
PentaneAcOH150,-0.78,10465.926,1.5,-427.1369321,PentaneAcOH,2.2854805000242777,2.665999999999258
PentaneAcOH200,-0.17,10466.619,2.0,-427.1359049,PentaneAcOH,2.930048500013072,3.3590000000003783
PentanePentane090,-2.86,14281.357,0.9,-395.788235,PentanePentane,0.5567180000070948,1.7099999999991269
PentanePentane095,-3.62,14280.095,0.95,-395.7891222,PentanePentane,0.0,0.44799999999850115
PentanePentane100,-3.77,14279.647,1.0,-395.7890523,PentanePentane,0.04386225002235733,0.0
PentanePentane105,-3.61,14279.846,1.05,-395.7885404,PentanePentane,0.3650795000139624,0.19899999999870488
PentanePentane110,-3.3,14280.366,1.1,-395.7878642,PentanePentane,0.7893949999997858,0.7189999999991414
PentanePentane125,-2.24,14282.268,1.25,-395.7859098,PentanePentane,2.015780999994604,2.620999999999185
PentanePentane150,-1.05,14284.147,1.5,-395.7839824,PentanePentane,3.2252244999981485,4.5
PentanePentane200,-0.27,14284.286,2.0,-395.7826406,PentanePentane,4.067204000020865,4.638999999999214
PeptideEthene090,-2.6,7195.2734,0.9,-327.3335617,PeptideEthene,0.34123449999606237,0.2863999999999578
PeptideEthene095,-2.95,7194.987,0.95,-327.3340894,PeptideEthene,0.010102750005898997,0.0
PeptideEthene100,-2.99,7195.199,1.0,-327.3341055,PeptideEthene,0.0,0.21199999999953434
PeptideEthene105,-2.85,7195.6562,1.05,-327.3338426,PeptideEthene,0.16496974998153746,0.6692000000002736
PeptideEthene110,-2.63,7196.0947,1.1,-327.3334475,PeptideEthene,0.4128950000158511,1.1076999999995678
PeptideEthene125,-1.86,7196.6987,1.25,-327.3321508,PeptideEthene,1.2265742500021588,1.711699999999837
PeptideEthene150,-0.88,7197.4893,1.5,-327.3305804,PeptideEthene,2.212000250030542,2.5023000000001048
PeptideEthene200,-0.19,7198.006,2.0,-327.3293842,PeptideEthene,2.962615750002442,3.019000000000233
PeptideMeNH2090,-6.81,7765.639,0.9,-344.622406,PeptideMeNH2,0.6719897500006482,0.3045000000001892
PeptideMeNH2095,-7.34,7765.3345,0.95,-344.6232857,PeptideMeNH2,0.11997800000244752,0.0
PeptideMeNH2100,-7.45,7765.5186,1.0,-344.6234769,PeptideMeNH2,0.0,0.18410000000039872
PeptideMeNH2105,-7.29,7765.975,1.05,-344.6232221,PeptideMeNH2,0.1598869999870658,0.6405000000004293
PeptideMeNH2110,-6.97,7766.515,1.1,-344.6226945,PeptideMeNH2,0.4909559999941848,1.180500000000393
PeptideMeNH2125,-5.61,7768.374,1.25,-344.6204725,PeptideMeNH2,1.8852610000176355,3.0394999999998618
PeptideMeNH2150,-3.55,7770.881,1.5,-344.6171106,PeptideMeNH2,3.994853250012966,5.546500000000378
PeptideMeNH2200,-1.49,7772.167,2.0,-344.6137947,PeptideMeNH2,6.075580500008073,6.832500000000437
PeptideMeOH090,-5.67,7358.061,0.9,-364.4977784,PeptideMeOH,0.5724682500003837,0.4745999999995547
PeptideMeOH095,-6.11,7357.5864,0.95,-364.4985317,PeptideMeOH,0.09977249999064952,0.0
PeptideMeOH100,-6.18,7357.763,1.0,-364.4986907,PeptideMeOH,0.0,0.17659999999978027
PeptideMeOH105,-6.03,7358.0684,1.05,-364.4984747,PeptideMeOH,0.13554000001749955,0.4819999999999709
PeptideMeOH110,-5.74,7358.3735,1.1,-364.498034,PeptideMeOH,0.4120792499743402,0.7870999999995547
PeptideMeOH125,-4.6,7359.5654,1.25,-364.4962489,PeptideMeOH,1.5322294999787118,1.9790000000002692
PeptideMeOH150,-2.95,7361.4814,1.5,-364.4936487,PeptideMeOH,3.1638549999915995,3.894999999999527
PeptideMeOH200,-1.3,7362.6426,2.0,-364.4910536,PeptideMeOH,4.792280249996111,5.05619999999999
PeptidePentane090,-3.75,12513.315,0.9,-446.5896608,PeptidePentane,0.34958025004016235,1.4170000000012806
PeptidePentane095,-4.21,12512.365,0.95,-446.5902179,PeptidePentane,0.0,0.467000000000553
PeptidePentane100,-4.24,12511.898,1.0,-446.5901283,PeptidePentane,0.05622399999992922,0.0
PeptidePentane105,-4.05,12512.07,1.05,-446.5897032,PeptidePentane,0.32297425001161173,0.1720000000004802
PeptidePentane110,-3.73,12512.633,1.1,-446.5891061,PeptidePentane,0.6976545000215992,0.7350000000005821
PeptidePentane125,-2.63,12514.246,1.25,-446.5872167,PeptidePentane,1.8832530000363477,2.3479999999999563
PeptidePentane150,-1.19,12515.516,1.5,-446.5849166,PeptidePentane,3.326565750001464,3.618000000000393
PeptidePentane200,-0.29,12516.1875,2.0,-446.5833805,PeptidePentane,4.290468500053976,4.289500000000771
PeptidePeptide090,-8.02,10740.655,0.9,-497.396228,PeptidePeptide,0.6330847500357777,0.7579999999998108
PeptidePeptide095,-8.53,10740.027,0.95,-497.3970789,PeptidePeptide,0.09914500004379079,0.12999999999919964
PeptidePeptide100,-8.62,10739.897,1.0,-497.3972369,PeptidePeptide,0.0,0.0
PeptidePeptide105,-8.45,10740.204,1.05,-497.3969476,PeptidePeptide,0.1815357500454411,0.3069999999988795
PeptidePeptide110,-8.1,10740.724,1.1,-497.3963817,PeptidePeptide,0.5366379999904893,0.8269999999993161
PeptidePeptide125,-6.66,10742.645,1.25,-497.3940366,PeptidePeptide,2.0081882500089705,2.7479999999995925
PeptidePeptide150,-4.42,10744.913,1.5,-497.3904163,PeptidePeptide,4.279926499992143,5.015999999999622
PeptidePeptide200,-1.77,10746.814,2.0,-497.3861955,PeptidePeptide,6.928478500049096,6.916999999999462
PeptideWater090,-4.7,5675.558,0.9,-325.1786651,PeptideWater,0.4919600000139326,0.16499999999996362
PeptideWater095,-5.06,5675.393,0.95,-325.1793152,PeptideWater,0.08402224999736063,0.0
PeptideWater100,-5.12,5675.4834,1.0,-325.1794491,PeptideWater,0.0,0.09040000000004511
PeptideWater105,-4.98,5675.6577,1.05,-325.1792692,PeptideWater,0.11288724999758415,0.2646999999997206
PeptideWater110,-4.74,5675.868,1.1,-325.1789087,PeptideWater,0.33910099999047816,0.4750000000003638
PeptideWater125,-3.79,5677.1597,1.25,-325.1774591,PeptideWater,1.2487249999830965,1.766700000000128
PeptideWater150,-2.45,5678.9453,1.5,-325.1753936,PeptideWater,2.54482624999946,3.5523000000002867
PeptideWater200,-1.13,5679.7993,2.0,-325.1733293,PeptideWater,3.8401745000155643,4.406299999999646
PyridineEthene090,-0.89,7261.635,0.9,-327.0936495,PyridineEthene,0.8250997499853838,0.9239999999999782
PyridineEthene095,-1.62,7260.9272,0.95,-327.0947117,PyridineEthene,0.15856924999388866,0.2161999999998443
PyridineEthene100,-1.86,7260.711,1.0,-327.0949644,PyridineEthene,0.0,0.0
PyridineEthene105,-1.83,7260.7627,1.05,-327.0948117,PyridineEthene,0.09581925001111813,0.05169999999998254
PyridineEthene110,-1.67,7261.014,1.1,-327.09447,PyridineEthene,0.31023599999025464,0.3029999999998836
PyridineEthene125,-1.03,7261.644,1.25,-327.093383,PyridineEthene,0.9923284999968018,0.9329999999999927
PyridineEthene150,-0.37,7262.0913,1.5,-327.092381,PyridineEthene,1.621083500009263,1.3802999999998065
PyridineEthene200,-0.05,7262.6377,2.0,-327.0918158,PyridineEthene,1.9757464999856893,1.9266999999999825
PyridineEthyne090,-3.54,6821.109,0.9,-325.8451328,PyridineEthyne,0.39130900002783164,1.211500000000342
PyridineEthyne095,-3.91,6820.348,0.95,-325.845678,PyridineEthyne,0.049196000007214025,0.45049999999991996
PyridineEthyne100,-3.99,6819.8975,1.0,-325.8457564,PyridineEthyne,0.0,0.0
PyridineEthyne105,-3.89,6819.9424,1.05,-325.8455479,PyridineEthyne,0.13083375003770925,0.04489999999987049
PyridineEthyne110,-3.68,6820.1484,1.1,-325.8451742,PyridineEthyne,0.36533050003345124,0.25090000000000146
PyridineEthyne125,-2.84,6820.5664,1.25,-325.8437486,PyridineEthyne,1.2598945000208914,0.6688999999996668
PyridineEthyne150,-1.67,6821.348,1.5,-325.84182,PyridineEthyne,2.470091000024695,1.45049999999992
PyridineEthyne200,-0.62,6821.3545,2.0,-325.8401333,PyridineEthyne,3.52849525003694,1.4570000000003347
PyridinePyridineCHN090,-2.8,10876.833,0.9,-496.9126987,PyridinePyridineCHN,1.504054749966599,2.335000000000946
PyridinePyridineCHN095,-3.82,10875.569,0.95,-496.9144642,PyridinePyridineCHN,0.3962034999858588,1.0709999999999127
PyridinePyridineCHN100,-4.15,10874.6455,1.0,-496.9150956,PyridinePyridineCHN,0.0,0.14750000000094587
PyridinePyridineCHN105,-3.89,10874.498,1.05,-496.9147202,PyridinePyridineCHN,0.23556350002763793,0.0
PyridinePyridineCHN110,-3.45,10874.701,1.1,-496.9140399,PyridinePyridineCHN,0.6624517500167713,0.2029999999995198
PyridinePyridineCHN125,-2.18,10875.509,1.25,-496.9120938,PyridinePyridineCHN,1.8836294999928214,1.011000000000422
PyridinePyridineCHN150,-1.01,10875.903,1.5,-496.9103477,PyridinePyridineCHN,2.9793072500033304,1.4050000000006548
PyridinePyridineCHN200,-0.28,10876.402,2.0,-496.9092236,PyridinePyridineCHN,3.6846800000057556,1.904000000000451
PyridinePyridinepipi090,-1.32,10874.442,0.9,-496.9132532,PyridinePyridinepipi,0.9707424999796785,2.1859999999996944
PyridinePyridinepipi095,-3.17,10872.365,0.95,-496.9145012,PyridinePyridinepipi,0.1876224999432452,0.10900000000037835
PyridinePyridinepipi100,-3.83,10872.256,1.0,-496.9148002,PyridinePyridinepipi,0.0,0.0
PyridinePyridinepipi105,-3.86,10872.991,1.05,-496.9146004,PyridinePyridinepipi,0.12537449999945238,0.7350000000005821
PyridinePyridinepipi110,-3.58,10873.797,1.1,-496.9141568,PyridinePyridinepipi,0.4037334999884479,1.5410000000010768
PyridinePyridinepipi125,-2.36,10874.986,1.25,-496.9125858,PyridinePyridinepipi,1.3895359999733046,2.7300000000013824
PyridinePyridinepipi150,-0.96,10875.93,1.5,-496.910848,PyridinePyridinepipi,2.4800054999650456,3.6740000000008877
PyridinePyridinepipi200,-0.24,10876.55,2.0,-496.909522,PyridinePyridinepipi,3.312070499989204,4.293999999999869
PyridinePyridineTS090,-2.53,10874.884,0.9,-496.9114978,PyridinePyridineTS,2.4338842499419115,1.5949999999993452
PyridinePyridineTS095,-3.31,10874.014,0.95,-496.9144387,PyridinePyridineTS,0.5884694999549538,0.7249999999985448
PyridinePyridineTS100,-3.53,10873.454,1.0,-496.9153765,PyridinePyridineTS,0.0,0.16499999999905413
PyridinePyridineTS105,-3.45,10873.289,1.05,-496.9152934,PyridinePyridineTS,0.05214524996699765,0.0
PyridinePyridineTS110,-3.22,10873.41,1.1,-496.9147504,PyridinePyridineTS,0.39287774998228997,0.12099999999918509
PyridinePyridineTS125,-2.29,10874.498,1.25,-496.9127114,PyridinePyridineTS,1.6723502499517053,1.2089999999989232
PyridinePyridineTS150,-1.18,10875.866,1.5,-496.9105609,PyridinePyridineTS,3.0217889999621548,2.576999999999316
PyridinePyridineTS200,-0.37,10876.256,2.0,-496.9093191,PyridinePyridineTS,3.8010184999438934,2.966999999998734
PyridineUracilpipi090,-3.74,12305.434,0.9,-663.5752184,PyridineUracilpipi,3.2090349999489263,3.459999999999127
PyridineUracilpipi095,-6.17,12302.564,0.95,-663.5793174,PyridineUracilpipi,0.6369124999619089,0.5900000000001455
PyridineUracilpipi100,-6.81,12301.974,1.0,-663.5803324,PyridineUracilpipi,0.0,0.0
PyridineUracilpipi105,-6.58,12302.642,1.05,-663.5798813,PyridineUracilpipi,0.2830652499687858,0.6679999999996653
PyridineUracilpipi110,-5.97,12303.6455,1.1,-663.5788521,PyridineUracilpipi,0.9288882500259206,1.6715000000003783
PyridineUracilpipi125,-3.87,12305.917,1.25,-663.5755377,PyridineUracilpipi,3.008674249984324,3.9429999999993015
PyridineUracilpipi150,-1.78,12307.392,1.5,-663.572349,PyridineUracilpipi,5.00958349998109,5.417999999999665
PyridineUracilpipi200,-0.53,12308.458,2.0,-663.5702582,PyridineUracilpipi,6.321560500015039,6.484000000000378
UracilCyclopentane090,-3.05,14275.805,0.9,-611.8033009,UracilCyclopentane,0.985175000037998,1.768000000000029
UracilCyclopentane095,-3.97,14274.38,0.95,-611.8047159,UracilCyclopentane,0.09726249997038394,0.3429999999989377
UracilCyclopentane100,-4.13,14274.037,1.0,-611.8048709,UracilCyclopentane,0.0,0.0
UracilCyclopentane105,-3.92,14274.637,1.05,-611.804422,UracilCyclopentane,0.28168474993435666,0.6000000000003638
UracilCyclopentane110,-3.54,14275.594,1.1,-611.803749,UracilCyclopentane,0.703992249967996,1.5569999999988795
UracilCyclopentane125,-2.29,14276.828,1.25,-611.8017426,UracilCyclopentane,1.963008249993436,2.790999999999258
UracilCyclopentane150,-1.02,14278.138,1.5,-611.7997908,UracilCyclopentane,3.1877627500216477,4.1010000000005675
UracilCyclopentane200,-0.25,14278.976,2.0,-611.798476,UracilCyclopentane,4.0127997499657795,4.939000000000306
UracilEthene090,-2.57,8691.08,0.9,-493.7568842,UracilEthene,0.7218132500420325,0.0
UracilEthene095,-3.24,8691.197,0.95,-493.7578996,UracilEthene,0.08464975003153086,0.11700000000018917
UracilEthene100,-3.38,8691.248,1.0,-493.7580345,UracilEthene,0.0,0.1679999999996653
UracilEthene105,-3.24,8691.166,1.05,-493.7577144,UracilEthene,0.20086275000358,0.08599999999933061
UracilEthene110,-2.96,8691.289,1.1,-493.7571975,UracilEthene,0.5252174999914132,0.20900000000074215
UracilEthene125,-1.99,8692.474,1.25,-493.7555781,UracilEthene,1.541391000035219,1.3940000000002328
UracilEthene150,-0.93,8693.593,1.5,-493.7538971,UracilEthene,2.5962184999953024,2.5130000000008295
UracilEthene200,-0.25,8694.411,2.0,-493.7527135,UracilEthene,3.3389275000081398,3.331000000000131
UracilEthyne090,-2.79,8250.803,0.9,-492.5044712,UracilEthyne,0.9408107499475591,0.43399999999928696
UracilEthyne095,-3.56,8250.548,0.95,-492.5057221,UracilEthyne,0.1558709999662824,0.1790000000000873
UracilEthyne100,-3.74,8250.396,1.0,-492.5059705,UracilEthyne,0.0,0.027000000000043656
UracilEthyne105,-3.59,8250.369,1.05,-492.5056722,UracilEthyne,0.18718324997462332,0.0
UracilEthyne110,-3.29,8250.504,1.1,-492.5051459,UracilEthyne,0.5174364999984391,0.13500000000021828
UracilEthyne125,-2.23,8251.4795,1.25,-492.5033835,UracilEthyne,1.6233425000100397,1.110499999998865
UracilEthyne150,-1.04,8252.625,1.5,-492.5014976,UracilEthyne,2.8067447500070557,2.2559999999994034
UracilEthyne200,-0.27,8253.121,2.0,-492.5001805,UracilEthyne,3.633224999997765,2.7519999999985885
UracilNeopentane090,-2.87,14008.932,0.9,-613.0166131,UracilNeopentane,0.6693542500725016,1.4260000000012951
UracilNeopentane095,-3.6,14007.837,0.95,-613.0176596,UracilNeopentane,0.012675500009208918,0.33100000000013097
UracilNeopentane100,-3.7,14007.506,1.0,-613.0176798,UracilNeopentane,0.0,0.0
UracilNeopentane105,-3.49,14007.92,1.05,-613.0172261,UracilNeopentane,0.28469674999359995,0.4140000000006694
UracilNeopentane110,-3.15,14008.727,1.1,-613.0165913,UracilNeopentane,0.6830337500432506,1.2210000000013679
UracilNeopentane125,-2.05,14010.191,1.25,-613.0147756,UracilNeopentane,1.8223855000105686,2.6850000000013097
UracilNeopentane150,-0.92,14011.616,1.5,-613.013019,UracilNeopentane,2.924652000016067,4.110000000000582
UracilNeopentane200,-0.23,14012.256,2.0,-613.0118256,UracilNeopentane,3.673510500055272,4.75
UracilPentane090,-3.83,14008.601,0.9,-613.012998,UracilPentane,0.8295550000038929,2.2560000000012224
UracilPentane095,-4.69,14007.046,0.95,-613.0142423,UracilPentane,0.048756750009488314,0.7010000000009313
UracilPentane100,-4.84,14006.345,1.0,-613.01432,UracilPentane,0.0,0.0
UracilPentane105,-4.6,14006.5625,1.05,-613.0137892,UracilPentane,0.3330769999884069,0.21750000000065484
UracilPentane110,-4.08,14007.555,1.1,-613.0128236,UracilPentane,0.9389910000027157,1.2100000000009459
UracilPentane125,-2.44,14009.67,1.25,-613.01011,UracilPentane,2.6417749999673106,3.3250000000007276
UracilPentane150,-0.98,14011.466,1.5,-613.0078187,UracilPentane,4.079565750027541,5.121000000001004
UracilPentane200,-0.21,14012.3545,2.0,-613.0064851,UracilPentane,4.916399750043638,6.009500000000116
UracilUracilBP090,-15.7,13726.782,0.9,-830.2527079,UracilUracilBP,1.5904614999890327,0.4110000000000582
UracilUracilBP095,-16.9,13726.371,0.95,-830.2547113,UracilUracilBP,0.3333279999787919,0.0
UracilUracilBP100,-17.18,13726.915,1.0,-830.2552425,UracilUracilBP,0.0,0.544000000001688
UracilUracilBP105,-16.86,13727.475,1.05,-830.2548,UracilUracilBP,0.2776687499717809,1.1040000000011787
UracilUracilBP110,-16.17,13728.373,1.1,-830.2537395,UracilUracilBP,0.9431324999895878,2.0020000000004075
UracilUracilBP125,-13.15,13731.412,1.25,-830.2489816,UracilUracilBP,3.928714750043582,5.041000000001077
UracilUracilBP150,-8.35,13735.296,1.5,-830.2413533,UracilUracilBP,8.715473000018392,8.925000000001091
UracilUracilBP200,-3.33,13740.066,2.0,-830.2333969,UracilUracilBP,13.708114000037313,13.695000000001528
UracilUracilpipi090,-7.86,13733.937,0.9,-830.2416691,UracilUracilpipi,2.076899499981664,2.2399999999997817
UracilUracilpipi095,-9.5,13732.486,0.95,-830.2444326,UracilUracilpipi,0.34280325000872836,0.7890000000006694
UracilUracilpipi100,-9.82,13731.75,1.0,-830.2449789,UracilUracilpipi,0.0,0.052999999999883585
UracilUracilpipi105,-9.43,13731.697,1.05,-830.2443435,UracilUracilpipi,0.3987135000061244,0.0
UracilUracilpipi110,-8.69,13732.2705,1.1,-830.2431239,UracilUracilpipi,1.1640124999685213,0.573500000000422
UracilUracilpipi125,-6.07,13736.524,1.25,-830.2389718,UracilUracilpipi,3.769455250003375,4.826999999999316
UracilUracilpipi150,-3.1,13739.384,1.5,-830.2343427,UracilUracilpipi,6.6742155000101775,7.686999999999898
UracilUracilpipi200,-0.99,13740.945,2.0,-830.2308242,UracilUracilpipi,8.882074249966536,9.247999999999593
WaterMeNH2090,-6.49,2699.2825,0.9,-172.4098741,WaterMeNH2,0.40072150000196416,0.0
WaterMeNH2095,-6.87,2699.5212,0.95,-172.4104977,WaterMeNH2,0.00941249998868443,0.23870000000033542
WaterMeNH2100,-6.88,2699.7935,1.0,-172.4105127,WaterMeNH2,0.0,0.511000000000422
WaterMeNH2105,-6.65,2700.5115,1.05,-172.4101435,WaterMeNH2,0.23167299998749513,1.2290000000002692
WaterMeNH2110,-6.28,2701.2646,1.1,-172.4095476,WaterMeNH2,0.6056002499972237,1.9821000000001732
WaterMeNH2125,-4.92,2702.8218,1.25,-172.4072948,WaterMeNH2,2.019232250007917,3.5393000000003667
WaterMeNH2150,-2.98,2705.0435,1.5,-172.4040931,WaterMeNH2,4.028298999983235,5.761000000000422
WaterMeNH2200,-1.14,2705.7046,2.0,-172.4011125,WaterMeNH2,5.898625499990885,6.422100000000228
WaterMeOH090,-5.19,2293.3936,0.9,-192.2848637,WaterMeOH,0.4192955000034999,0.7421999999996842
WaterMeOH095,-5.55,2293.164,0.95,-192.2854767,WaterMeOH,0.03463799999735784,0.5126000000000204
WaterMeOH100,-5.57,2292.7634,1.0,-192.2855319,WaterMeOH,0.0,0.11199999999962529
WaterMeOH105,-5.38,2292.6514,1.05,-192.2852457,WaterMeOH,0.17959050000354182,0.0
WaterMeOH110,-5.08,2292.9734,1.1,-192.2847632,WaterMeOH,0.48235925000335556,0.32199999999966167
WaterMeOH125,-3.94,2293.6257,1.25,-192.2829554,WaterMeOH,1.6167537500004983,0.9742999999998574
WaterMeOH150,-2.39,2295.5159,1.5,-192.2804676,WaterMeOH,3.1778482499939855,2.86449999999968
WaterMeOH200,-0.95,2296.191,2.0,-192.278173,WaterMeOH,4.617709749989444,3.5395999999996093
WaterPeptide090,-7.63,5674.285,0.9,-325.1836441,WaterPeptide,0.47890800001914613,0.43249999999989086
WaterPeptide095,-8.06,5673.8525,0.95,-325.1843533,WaterPeptide,0.033884999982547015,0.0
WaterPeptide100,-8.08,5674.0093,1.0,-325.1844073,WaterPeptide,0.0,0.15679999999974825
WaterPeptide105,-7.84,5674.2275,1.05,-325.1840472,WaterPeptide,0.22596275000250898,0.375
WaterPeptide110,-7.46,5674.587,1.1,-325.1834397,WaterPeptide,0.6071689999953378,0.7345000000004802
WaterPeptide125,-5.99,5675.9087,1.25,-325.1810784,WaterPeptide,2.0888847500027623,2.05619999999999
WaterPeptide150,-3.83,5677.5537,1.5,-325.1775839,WaterPeptide,4.281683499983046,3.7012000000004264
WaterPeptide200,-1.44,5679.818,2.0,-325.1737049,WaterPeptide,6.715755999990506,5.965500000000247
WaterPyridine090,-6.39,5739.696,0.9,-324.9444591,WaterPyridine,0.4536824999959208,0.0
WaterPyridine095,-6.8,5739.9307,0.95,-324.945132,WaterPyridine,0.03143775003263727,0.23469999999997526
WaterPyridine100,-6.83,5740.381,1.0,-324.9451821,WaterPyridine,0.0,0.6850000000004002
WaterPyridine105,-6.62,5741.1406,1.05,-324.9448403,WaterPyridine,0.2144795000203885,1.4445999999998094
WaterPyridine110,-6.27,5741.876,1.1,-324.9442631,WaterPyridine,0.5766725000285078,2.180000000000291
WaterPyridine125,-4.93,5742.7583,1.25,-324.9420478,WaterPyridine,1.9667732500238344,3.062300000000505
WaterPyridine150,-3.01,5743.9854,1.5,-324.9388986,WaterPyridine,3.942896250024205,4.2893999999996595
WaterPyridine200,-1.19,5744.5576,2.0,-324.9359743,WaterPyridine,5.7778945000318345,4.86160000000018
WaterWater090,-4.57,610.3975,0.9,-152.9667311,WaterWater,0.34248950000619516,0.6511600000000044
WaterWater095,-4.88,609.9545,0.95,-152.9672509,WaterWater,0.016315000000759028,0.20816000000002077
WaterWater100,-4.89,609.74634,1.0,-152.9672769,WaterWater,0.0,0.0
WaterWater105,-4.72,609.9165,1.05,-152.9670046,WaterWater,0.17086825000296813,0.17016000000000986
WaterWater110,-4.45,610.17993,1.1,-152.9665673,WaterWater,0.4452739999978803,0.43358999999998105
WaterWater125,-3.46,610.83295,1.25,-152.9649673,WaterWater,1.4492739999986952,1.0866099999999506
WaterWater150,-2.11,612.2414,1.5,-152.9628146,WaterWater,2.800093249999918,2.4950599999999667
WaterWater200,-0.87,612.8978,2.0,-152.960832,WaterWater,4.0441747500008205,3.151459999999929
