smile,scan,qm_relative_energy,wb97m_relative_energy
CCCC(F)(F)F,-170,0.26,0.220847847
CCCC(F)(F)F,-160,0.949,0.871842031
CCCC(F)(F)F,-150,1.903,1.749033645
CCCC(F)(F)F,-140,2.885,2.60895971
CCCC(F)(F)F,-130,3.648,3.235246801
CCCC(F)(F)F,-120,3.928,3.450103999
CCCC(F)(F)F,-110,3.622,3.209810896
CCCC(F)(F)F,-100,2.857,2.566438737
CCCC(F)(F)F,-90,1.869,1.699545421
CCCC(F)(F)F,-80,0.927,0.834998503
CCCC(F)(F)F,-70,0.252,0.210442056
CCCC(F)(F)F,-60,0,0
CCCC(F)(F)F,-50,0.251,0.217844381
CCCC(F)(F)F,-40,0.929,0.855643916
CCCC(F)(F)F,-30,1.872,1.721951411
CCCC(F)(F)F,-20,2.856,2.580940263
CCCC(F)(F)F,-10,3.633,3.220112361
CCCC(F)(F)F,0,3.933,3.451675147
CCCC(F)(F)F,10,3.631,3.219651576
CCCC(F)(F)F,20,2.86,2.582563695
CCCC(F)(F)F,30,1.872,1.722390489
CCCC(F)(F)F,40,0.929,0.855274308
CCCC(F)(F)F,50,0.251,0.21759034
CCCC(F)(F)F,60,0.002,0.000354021
CCCC(F)(F)F,70,0.252,0.209873065
CCCC(F)(F)F,80,0.929,0.835665274
CCCC(F)(F)F,90,1.869,1.699709602
CCCC(F)(F)F,100,2.853,2.564012964
CCCC(F)(F)F,110,3.624,3.210259003
CCCC(F)(F)F,120,3.93,3.450491157
CCCC(F)(F)F,130,3.646,3.234597457
CCCC(F)(F)F,140,2.885,2.609416444
CCCC(F)(F)F,150,1.901,1.7484909
CCCC(F)(F)F,160,0.951,0.87304172
CCCC(F)(F)F,170,0.26,0.220586653
CCCC(F)(F)F,180,0.003,0.001465018
CCc1ccccc1,-170,1.156,0.788267766
CCc1ccccc1,-160,1.217,0.836142029
CCc1ccccc1,-150,1.228,0.876695106
CCc1ccccc1,-140,1.091,0.795215318
CCc1ccccc1,-130,0.796,0.571844633
CCc1ccccc1,-120,0.477,0.321503824
CCc1ccccc1,-110,0.227,0.130497396
CCc1ccccc1,-100,0.07,0.033444085
CCc1ccccc1,-90,0,0
CCc1ccccc1,-80,0.032,0.021788764
CCc1ccccc1,-70,0.186,0.130561898
CCc1ccccc1,-60,0.464,0.350328781
CCc1ccccc1,-50,0.805,0.603883942
CCc1ccccc1,-40,1.072,0.766972996
CCc1ccccc1,-30,1.188,0.82056348
CCc1ccccc1,-20,1.169,0.784736248
CCc1ccccc1,-10,1.103,0.728505614
CCc1ccccc1,0,1.065,0.700556387
CCc1ccccc1,10,1.103,0.728550332
CCc1ccccc1,20,1.169,0.784653447
CCc1ccccc1,30,1.188,0.820564012
CCc1ccccc1,40,1.072,0.767060418
CCc1ccccc1,50,0.805,0.603977408
CCc1ccccc1,60,0.464,0.350187092
CCc1ccccc1,70,0.186,0.130524223
CCc1ccccc1,80,0.032,0.021653763
CCc1ccccc1,90,0,0.000263729
CCc1ccccc1,100,0.07,0.03339771
CCc1ccccc1,110,0.227,0.13065589
CCc1ccccc1,120,0.477,0.321618762
CCc1ccccc1,130,0.796,0.571834057
CCc1ccccc1,140,1.091,0.795225674
CCc1ccccc1,150,1.228,0.876751963
CCc1ccccc1,160,1.217,0.83622645
CCc1ccccc1,170,1.156,0.788198592
CCc1ccccc1,180,1.072,0.708197038
CC(=O)Nc1ccco1,-170,5.689,5.697758109
CC(=O)Nc1ccco1,-160,5.107,5.172158131
CC(=O)Nc1ccco1,-150,4.426,4.509914489
CC(=O)Nc1ccco1,-140,3.795,3.875771518
CC(=O)Nc1ccco1,-130,3.283,3.360644802
CC(=O)Nc1ccco1,-120,2.923,2.986119611
CC(=O)Nc1ccco1,-110,2.708,2.759716427
CC(=O)Nc1ccco1,-100,2.616,2.654600361
CC(=O)Nc1ccco1,-90,2.606,2.634267149
CC(=O)Nc1ccco1,-80,2.62,2.645022895
CC(=O)Nc1ccco1,-70,2.583,2.59784207
CC(=O)Nc1ccco1,-60,2.379,2.397568042
CC(=O)Nc1ccco1,-50,1.945,1.964141707
CC(=O)Nc1ccco1,-40,1.378,1.395776221
CC(=O)Nc1ccco1,-30,0.875,0.846386775
CC(=O)Nc1ccco1,-20,0.444,0.408264586
CC(=O)Nc1ccco1,-10,0.141,0.124828112
CC(=O)Nc1ccco1,0,0,0
CC(=O)Nc1ccco1,10,0.141,0.124828112
CC(=O)Nc1ccco1,20,0.444,0.408260919
CC(=O)Nc1ccco1,30,0.875,0.846386776
CC(=O)Nc1ccco1,40,1.378,1.39577622
CC(=O)Nc1ccco1,50,1.945,1.964100976
CC(=O)Nc1ccco1,60,2.379,2.397568042
CC(=O)Nc1ccco1,70,2.583,2.597842069
CC(=O)Nc1ccco1,80,2.62,2.645022895
CC(=O)Nc1ccco1,90,2.606,2.634267148
CC(=O)Nc1ccco1,100,2.616,2.654572086
CC(=O)Nc1ccco1,110,2.708,2.759735177
CC(=O)Nc1ccco1,120,2.923,2.986101774
CC(=O)Nc1ccco1,130,3.283,3.360644803
CC(=O)Nc1ccco1,140,3.795,3.875774649
CC(=O)Nc1ccco1,150,4.426,4.509920457
CC(=O)Nc1ccco1,160,5.107,5.172162575
CC(=O)Nc1ccco1,170,5.689,5.697758109
CC(=O)Nc1ccco1,180,5.943,5.875298304
CC(=O)Nc1ccccn1,-170,0.09,0.087909681
CC(=O)Nc1ccccn1,-160,0.372,0.352979398
CC(=O)Nc1ccccn1,-150,0.825,0.794600845
CC(=O)Nc1ccccn1,-140,1.454,1.433130701
CC(=O)Nc1ccccn1,-130,2.261,2.28018499
CC(=O)Nc1ccccn1,-120,3.259,3.32077357
CC(=O)Nc1ccccn1,-110,4.421,4.510243922
CC(=O)Nc1ccccn1,-100,5.654,5.742064301
CC(=O)Nc1ccccn1,-90,6.805,6.87407055
CC(=O)Nc1ccccn1,-80,7.239,7.001365338
CC(=O)Nc1ccccn1,-70,6.369,6.119312296
CC(=O)Nc1ccccn1,-60,5.59,5.308044492
CC(=O)Nc1ccccn1,-50,5.085,4.658180625
CC(=O)Nc1ccccn1,-40,4.782,4.212888801
CC(=O)Nc1ccccn1,-30,4.642,3.946527449
CC(=O)Nc1ccccn1,-20,4.622,3.822717207
CC(=O)Nc1ccccn1,-10,4.683,3.781858961
CC(=O)Nc1ccccn1,0,4.75,3.756761027
CC(=O)Nc1ccccn1,10,4.683,3.781842117
CC(=O)Nc1ccccn1,20,4.622,3.822697982
CC(=O)Nc1ccccn1,30,4.642,3.946527449
CC(=O)Nc1ccccn1,40,4.782,4.2128888
CC(=O)Nc1ccccn1,50,5.085,4.658211292
CC(=O)Nc1ccccn1,60,5.59,5.308040761
CC(=O)Nc1ccccn1,70,6.369,6.119422785
CC(=O)Nc1ccccn1,80,7.239,7.001365339
CC(=O)Nc1ccccn1,90,6.805,6.874105808
CC(=O)Nc1ccccn1,100,5.654,5.74208673
CC(=O)Nc1ccccn1,110,4.421,4.510301902
CC(=O)Nc1ccccn1,120,3.259,3.320430553
CC(=O)Nc1ccccn1,130,2.261,2.280207288
CC(=O)Nc1ccccn1,140,1.454,1.433130701
CC(=O)Nc1ccccn1,150,0.825,0.794600844
CC(=O)Nc1ccccn1,160,0.372,0.352979398
CC(=O)Nc1ccccn1,170,0.09,0.087909682
CC(=O)Nc1ccccn1,180,0,0
c1ccnc(c1)NC(=O)N,-170,1.903,2.114485092
c1ccnc(c1)NC(=O)N,-160,2.015,2.250850201
c1ccnc(c1)NC(=O)N,-150,2.285,2.557708808
c1ccnc(c1)NC(=O)N,-140,2.749,3.062995963
c1ccnc(c1)NC(=O)N,-130,3.44,3.80149658
c1ccnc(c1)NC(=O)N,-120,4.36,4.763264985
c1ccnc(c1)NC(=O)N,-110,5.463,5.906261287
c1ccnc(c1)NC(=O)N,-100,6.647,7.129054027
c1ccnc(c1)NC(=O)N,-90,7.554,7.697570259
c1ccnc(c1)NC(=O)N,-80,5.481,5.783261966
c1ccnc(c1)NC(=O)N,-70,4.001,4.269278079
c1ccnc(c1)NC(=O)N,-60,2.719,2.938338109
c1ccnc(c1)NC(=O)N,-50,1.696,1.856473899
c1ccnc(c1)NC(=O)N,-40,0.929,1.034795362
c1ccnc(c1)NC(=O)N,-30,0.401,0.459064347
c1ccnc(c1)NC(=O)N,-20,0.082,0.091721633
c1ccnc(c1)NC(=O)N,-10,0,0
c1ccnc(c1)NC(=O)N,0,0.028,0.042125656
c1ccnc(c1)NC(=O)N,10,0.002,0.00092735
c1ccnc(c1)NC(=O)N,20,0.082,0.091037637
c1ccnc(c1)NC(=O)N,30,0.401,0.45976823
c1ccnc(c1)NC(=O)N,40,0.929,1.036341736
c1ccnc(c1)NC(=O)N,50,1.696,1.859213162
c1ccnc(c1)NC(=O)N,60,2.719,2.938004171
c1ccnc(c1)NC(=O)N,70,4.001,4.269920649
c1ccnc(c1)NC(=O)N,80,5.481,5.782438168
c1ccnc(c1)NC(=O)N,90,7.554,7.700882353
c1ccnc(c1)NC(=O)N,100,6.647,7.128834731
c1ccnc(c1)NC(=O)N,110,5.463,5.907396923
c1ccnc(c1)NC(=O)N,120,4.36,4.762940601
c1ccnc(c1)NC(=O)N,130,3.44,3.800069301
c1ccnc(c1)NC(=O)N,140,2.749,3.063190126
c1ccnc(c1)NC(=O)N,150,2.285,2.558834597
c1ccnc(c1)NC(=O)N,160,2.015,2.253065025
c1ccnc(c1)NC(=O)N,170,1.903,2.11629452
c1ccnc(c1)NC(=O)N,180,2.326,2.26250857
c1ccnc(c1)c2[nH]ccn2,-170,0.264,0.241185112
c1ccnc(c1)c2[nH]ccn2,-160,1.006,0.896671825
c1ccnc(c1)c2[nH]ccn2,-150,2.2,1.948344794
c1ccnc(c1)c2[nH]ccn2,-140,3.764,3.327637961
c1ccnc(c1)c2[nH]ccn2,-130,5.599,4.906763972
c1ccnc(c1)c2[nH]ccn2,-120,7.556,6.556719085
c1ccnc(c1)c2[nH]ccn2,-110,9.425,8.07558082
c1ccnc(c1)c2[nH]ccn2,-100,10.998,9.313057316
c1ccnc(c1)c2[nH]ccn2,-90,11.996,10.09912986
c1ccnc(c1)c2[nH]ccn2,-80,12.314,10.3562963
c1ccnc(c1)c2[nH]ccn2,-70,12.006,10.21146127
c1ccnc(c1)c2[nH]ccn2,-60,11.371,9.839584934
c1ccnc(c1)c2[nH]ccn2,-50,10.762,9.446722502
c1ccnc(c1)c2[nH]ccn2,-40,10.322,9.169595689
c1ccnc(c1)c2[nH]ccn2,-30,10.124,9.092024922
c1ccnc(c1)c2[nH]ccn2,-20,10.168,9.231016481
c1ccnc(c1)c2[nH]ccn2,-10,10.378,9.492595155
c1ccnc(c1)c2[nH]ccn2,0,10.392,9.427636203
c1ccnc(c1)c2[nH]ccn2,10,10.374,9.482727521
c1ccnc(c1)c2[nH]ccn2,20,10.166,9.230695634
c1ccnc(c1)c2[nH]ccn2,30,10.124,9.091097512
c1ccnc(c1)c2[nH]ccn2,40,10.324,9.17043615
c1ccnc(c1)c2[nH]ccn2,50,10.764,9.447986677
c1ccnc(c1)c2[nH]ccn2,60,11.371,9.839572758
c1ccnc(c1)c2[nH]ccn2,70,12.004,10.20804235
c1ccnc(c1)c2[nH]ccn2,80,12.312,10.3548195
c1ccnc(c1)c2[nH]ccn2,90,11.996,10.0989907
c1ccnc(c1)c2[nH]ccn2,100,10.996,9.310041831
c1ccnc(c1)c2[nH]ccn2,110,9.427,8.076994768
c1ccnc(c1)c2[nH]ccn2,120,7.558,6.559232632
c1ccnc(c1)c2[nH]ccn2,130,5.605,4.910887985
c1ccnc(c1)c2[nH]ccn2,140,3.766,3.328483053
c1ccnc(c1)c2[nH]ccn2,150,2.2,1.949374737
c1ccnc(c1)c2[nH]ccn2,160,1.002,0.895145807
c1ccnc(c1)c2[nH]ccn2,170,0.26,0.237382622
c1ccnc(c1)c2[nH]ccn2,180,0,0
CC(=O)c1nccn1C,-170,11.284,10.26756745
CC(=O)c1nccn1C,-160,11.366,10.1807382
CC(=O)c1nccn1C,-150,11.61,10.17098566
CC(=O)c1nccn1C,-140,12.089,10.32510963
CC(=O)c1nccn1C,-130,12.818,10.64907675
CC(=O)c1nccn1C,-120,13.319,10.83407318
CC(=O)c1nccn1C,-110,13.823,10.85526887
CC(=O)c1nccn1C,-100,14.37,10.9367383
CC(=O)c1nccn1C,-90,13.7,10.47360272
CC(=O)c1nccn1C,-80,11.732,9.315375456
CC(=O)c1nccn1C,-70,9.311,7.640930625
CC(=O)c1nccn1C,-60,6.91,5.795477494
CC(=O)c1nccn1C,-50,4.78,4.054917727
CC(=O)c1nccn1C,-40,3.021,2.563303275
CC(=O)c1nccn1C,-30,1.669,1.416789999
CC(=O)c1nccn1C,-20,0.722,0.624079232
CC(=O)c1nccn1C,-10,0.169,0.153389819
CC(=O)c1nccn1C,0,0,0
CC(=O)c1nccn1C,10,0.169,0.153392212
CC(=O)c1nccn1C,20,0.722,0.624079232
CC(=O)c1nccn1C,30,1.669,1.416789999
CC(=O)c1nccn1C,40,3.021,2.563303275
CC(=O)c1nccn1C,50,4.78,4.054917727
CC(=O)c1nccn1C,60,6.91,5.795449845
CC(=O)c1nccn1C,70,9.311,7.640940607
CC(=O)c1nccn1C,80,11.732,9.315386913
CC(=O)c1nccn1C,90,13.7,10.47360272
CC(=O)c1nccn1C,100,14.37,10.93674316
CC(=O)c1nccn1C,110,13.823,10.85523467
CC(=O)c1nccn1C,120,13.319,10.83407318
CC(=O)c1nccn1C,130,12.818,10.64907675
CC(=O)c1nccn1C,140,12.089,10.32510963
CC(=O)c1nccn1C,150,11.61,10.1709905
CC(=O)c1nccn1C,160,11.366,10.1807382
CC(=O)c1nccn1C,170,11.284,10.26757489
CC(=O)c1nccn1C,180,11.245,10.30431843
CC(=O)Nc1ncccn1,-170,0.036,0.043549289
CC(=O)Nc1ncccn1,-160,0.227,0.26658049
CC(=O)Nc1ncccn1,-150,0.65,0.734014138
CC(=O)Nc1ncccn1,-140,1.286,1.416207228
CC(=O)Nc1ncccn1,-130,2.151,2.335883097
CC(=O)Nc1ncccn1,-120,3.243,3.48275875
CC(=O)Nc1ncccn1,-110,4.513,4.796405159
CC(=O)Nc1ncccn1,-100,5.88,6.214185214
CC(=O)Nc1ncccn1,-90,7.097,7.45152721
CC(=O)Nc1ncccn1,-80,5.653,5.998071286
CC(=O)Nc1ncccn1,-70,4.215,4.51734604
CC(=O)Nc1ncccn1,-60,2.934,3.181846184
CC(=O)Nc1ncccn1,-50,1.889,2.073487892
CC(=O)Nc1ncccn1,-40,1.097,1.220943909
CC(=O)Nc1ncccn1,-30,0.533,0.606754177
CC(=O)Nc1ncccn1,-20,0.168,0.198852913
CC(=O)Nc1ncccn1,-10,0.029,0.033696304
CC(=O)Nc1ncccn1,0,0,0
CC(=O)Nc1ncccn1,10,0.029,0.03370649
CC(=O)Nc1ncccn1,20,0.168,0.198852913
CC(=O)Nc1ncccn1,30,0.533,0.606757789
CC(=O)Nc1ncccn1,40,1.097,1.220943909
CC(=O)Nc1ncccn1,50,1.889,2.073500416
CC(=O)Nc1ncccn1,60,2.934,3.181816204
CC(=O)Nc1ncccn1,70,4.215,4.517346039
CC(=O)Nc1ncccn1,80,5.653,5.998071286
CC(=O)Nc1ncccn1,90,7.097,7.45152721
CC(=O)Nc1ncccn1,100,5.88,6.214185216
CC(=O)Nc1ncccn1,110,4.513,4.796445465
CC(=O)Nc1ncccn1,120,3.243,3.482740335
CC(=O)Nc1ncccn1,130,2.151,2.335883097
CC(=O)Nc1ncccn1,140,1.286,1.416198241
CC(=O)Nc1ncccn1,150,0.65,0.734014137
CC(=O)Nc1ncccn1,160,0.227,0.26658049
CC(=O)Nc1ncccn1,170,0.036,0.04355909
CC(=O)Nc1ncccn1,180,0.005,0.004487109
c1ccc(cc1)c2nccs2,-170,0,0.136827501
c1ccc(cc1)c2nccs2,-160,0.101,0.063382505
c1ccc(cc1)c2nccs2,-150,0.387,0.220854627
c1ccc(cc1)c2nccs2,-140,0.892,0.648852311
c1ccc(cc1)c2nccs2,-130,1.594,1.298661586
c1ccc(cc1)c2nccs2,-120,2.451,2.092940384
c1ccc(cc1)c2nccs2,-110,3.371,2.884612376
c1ccc(cc1)c2nccs2,-100,4.053,3.48232823
c1ccc(cc1)c2nccs2,-90,4.322,3.7123271
c1ccc(cc1)c2nccs2,-80,4.075,3.51150194
c1ccc(cc1)c2nccs2,-70,3.396,2.904641784
c1ccc(cc1)c2nccs2,-60,2.468,2.114412691
c1ccc(cc1)c2nccs2,-50,1.628,1.30585472
c1ccc(cc1)c2nccs2,-40,0.906,0.644019427
c1ccc(cc1)c2nccs2,-30,0.406,0.214082457
c1ccc(cc1)c2nccs2,-20,0.192,0.081526654
c1ccc(cc1)c2nccs2,-10,0.245,0.227752377
c1ccc(cc1)c2nccs2,0,0.319,0.364929865
c1ccc(cc1)c2nccs2,10,0.245,0.227863915
c1ccc(cc1)c2nccs2,20,0.192,0.08624433
c1ccc(cc1)c2nccs2,30,0.406,0.213486512
c1ccc(cc1)c2nccs2,40,0.906,0.646580736
c1ccc(cc1)c2nccs2,50,1.628,1.306572854
c1ccc(cc1)c2nccs2,60,2.468,2.11783269
c1ccc(cc1)c2nccs2,70,3.396,2.903271812
c1ccc(cc1)c2nccs2,80,4.075,3.507946784
c1ccc(cc1)c2nccs2,90,4.322,3.708784892
c1ccc(cc1)c2nccs2,100,4.053,3.485565507
c1ccc(cc1)c2nccs2,110,3.371,2.885711109
c1ccc(cc1)c2nccs2,120,2.451,2.092374813
c1ccc(cc1)c2nccs2,130,1.594,1.300226866
c1ccc(cc1)c2nccs2,140,0.892,0.648664496
c1ccc(cc1)c2nccs2,150,0.387,0.223962905
c1ccc(cc1)c2nccs2,160,0.101,0.061224866
c1ccc(cc1)c2nccs2,170,0,0.13816067
c1ccc(cc1)c2nccs2,180,0.235,0
c1ccnc(c1)c2ccco2,-170,2.818,2.709055348
c1ccnc(c1)c2ccco2,-160,2.922,2.981030424
c1ccnc(c1)c2ccco2,-150,3.186,3.438162534
c1ccnc(c1)c2ccco2,-140,3.634,4.05306385
c1ccnc(c1)c2ccco2,-130,4.317,4.774921551
c1ccnc(c1)c2ccco2,-120,5.232,5.547499999
c1ccnc(c1)c2ccco2,-110,6.194,6.240693787
c1ccnc(c1)c2ccco2,-100,6.997,6.681468273
c1ccnc(c1)c2ccco2,-90,7.33,6.760418896
c1ccnc(c1)c2ccco2,-80,6.922,6.342291595
c1ccnc(c1)c2ccco2,-70,5.93,5.440072334
c1ccnc(c1)c2ccco2,-60,4.672,4.295341538
c1ccnc(c1)c2ccco2,-50,3.381,3.093362423
c1ccnc(c1)c2ccco2,-40,2.215,2.005363175
c1ccnc(c1)c2ccco2,-30,1.28,1.128332424
c1ccnc(c1)c2ccco2,-20,0.59,0.499701224
c1ccnc(c1)c2ccco2,-10,0.161,0.122949012
c1ccnc(c1)c2ccco2,0,0,0
c1ccnc(c1)c2ccco2,10,0.161,0.122951518
c1ccnc(c1)c2ccco2,20,0.59,0.499701224
c1ccnc(c1)c2ccco2,30,1.28,1.128337998
c1ccnc(c1)c2ccco2,40,2.215,2.005358824
c1ccnc(c1)c2ccco2,50,3.381,3.093362423
c1ccnc(c1)c2ccco2,60,4.672,4.295341538
c1ccnc(c1)c2ccco2,70,5.93,5.440072333
c1ccnc(c1)c2ccco2,80,6.922,6.342337922
c1ccnc(c1)c2ccco2,90,7.33,6.760402504
c1ccnc(c1)c2ccco2,100,6.997,6.681451815
c1ccnc(c1)c2ccco2,110,6.194,6.240734558
c1ccnc(c1)c2ccco2,120,5.232,5.547499998
c1ccnc(c1)c2ccco2,130,4.317,4.774918338
c1ccnc(c1)c2ccco2,140,3.634,4.05306385
c1ccnc(c1)c2ccco2,150,3.186,3.438162535
c1ccnc(c1)c2ccco2,160,2.922,2.981045631
c1ccnc(c1)c2ccco2,170,2.818,2.709055348
c1ccnc(c1)c2ccco2,180,2.736,2.609161123
CC(=O)c1nccs1,-170,5.735,5.487108441
CC(=O)c1nccs1,-160,6.052,5.681071158
CC(=O)c1nccs1,-150,6.653,6.03067264
CC(=O)c1nccs1,-140,7.505,6.523728811
CC(=O)c1nccs1,-130,8.516,7.106479716
CC(=O)c1nccs1,-120,9.556,7.671958635
CC(=O)c1nccs1,-110,10.441,8.096851309
CC(=O)c1nccs1,-100,10.899,8.262960641
CC(=O)c1nccs1,-90,10.617,8.044695924
CC(=O)c1nccs1,-80,9.562,7.372128094
CC(=O)c1nccs1,-70,7.971,6.290190092
CC(=O)c1nccs1,-60,6.164,4.993503808
CC(=O)c1nccs1,-50,4.413,3.656274757
CC(=O)c1nccs1,-40,2.871,2.421060891
CC(=O)c1nccs1,-30,1.63,1.400098542
CC(=O)c1nccs1,-20,0.72,0.632407217
CC(=O)c1nccs1,-10,0.18,0.161371585
CC(=O)c1nccs1,0,0,0
CC(=O)c1nccs1,10,0.18,0.161371585
CC(=O)c1nccs1,20,0.72,0.632407217
CC(=O)c1nccs1,30,1.63,1.400098542
CC(=O)c1nccs1,40,2.871,2.421065912
CC(=O)c1nccs1,50,4.413,3.656256413
CC(=O)c1nccs1,60,6.164,4.993503808
CC(=O)c1nccs1,70,7.971,6.290190092
CC(=O)c1nccs1,80,9.562,7.372122785
CC(=O)c1nccs1,90,10.617,8.04465166
CC(=O)c1nccs1,100,10.899,8.262960641
CC(=O)c1nccs1,110,10.441,8.096851309
CC(=O)c1nccs1,120,9.556,7.671984563
CC(=O)c1nccs1,130,8.516,7.10646847
CC(=O)c1nccs1,140,7.505,6.523746367
CC(=O)c1nccs1,150,6.653,6.030695773
CC(=O)c1nccs1,160,6.052,5.68111585
CC(=O)c1nccs1,170,5.735,5.487108441
CC(=O)c1nccs1,180,5.645,5.429640989
CC(=O)c1ccccn1,-170,6.203,5.923739347
CC(=O)c1ccccn1,-160,6.345,6.008873266
CC(=O)c1ccccn1,-150,6.631,6.194518911
CC(=O)c1ccccn1,-140,7.055,6.457945976
CC(=O)c1ccccn1,-130,7.488,6.704531106
CC(=O)c1ccccn1,-120,7.917,6.920654802
CC(=O)c1ccccn1,-110,8.286,7.084567328
CC(=O)c1ccccn1,-100,8.405,7.064297735
CC(=O)c1ccccn1,-90,8.079,6.717838923
CC(=O)c1ccccn1,-80,7.239,6.030543756
CC(=O)c1ccccn1,-70,6.021,5.036394705
CC(=O)c1ccccn1,-60,4.639,3.916482655
CC(=O)c1ccccn1,-50,3.288,2.813249355
CC(=O)c1ccccn1,-40,2.121,1.842230851
CC(=O)c1ccccn1,-30,1.192,1.057200592
CC(=O)c1ccccn1,-20,0.526,0.480108551
CC(=O)c1ccccn1,-10,0.135,0.12867106
CC(=O)c1ccccn1,0,0,0
CC(=O)c1ccccn1,10,0.135,0.130300901
CC(=O)c1ccccn1,20,0.526,0.479371734
CC(=O)c1ccccn1,30,1.192,1.056229922
CC(=O)c1ccccn1,40,2.121,1.842274209
CC(=O)c1ccccn1,50,3.29,2.813698472
CC(=O)c1ccccn1,60,4.639,3.916965286
CC(=O)c1ccccn1,70,6.021,5.03664706
CC(=O)c1ccccn1,80,7.239,6.0298128
CC(=O)c1ccccn1,90,8.081,6.717704648
CC(=O)c1ccccn1,100,8.407,7.064929184
CC(=O)c1ccccn1,110,8.284,7.083178031
CC(=O)c1ccccn1,120,7.917,6.920532383
CC(=O)c1ccccn1,130,7.49,6.705869482
CC(=O)c1ccccn1,140,7.055,6.458711539
CC(=O)c1ccccn1,150,6.631,6.191615282
CC(=O)c1ccccn1,160,6.343,6.005652252
CC(=O)c1ccccn1,170,6.203,5.926173795
CC(=O)c1ccccn1,180,6.16,5.88736497
COCc1ccccn1,-170,0.1,0.095123108
COCc1ccccn1,-160,0.316,0.311823682
COCc1ccccn1,-150,0.433,0.310992468
COCc1ccccn1,-140,0.543,0.477502954
COCc1ccccn1,-130,0.693,0.67326512
COCc1ccccn1,-120,0.854,0.880965574
COCc1ccccn1,-110,1.033,1.104053819
COCc1ccccn1,-100,1.254,1.36717993
COCc1ccccn1,-90,1.551,1.685745024
COCc1ccccn1,-80,1.955,2.075415769
COCc1ccccn1,-70,2.396,2.48519513
COCc1ccccn1,-60,2.632,2.614730996
COCc1ccccn1,-50,2.791,2.752099962
COCc1ccccn1,-40,2.967,2.889467625
COCc1ccccn1,-30,3.13,3.026272554
COCc1ccccn1,-20,3.312,3.162487646
COCc1ccccn1,-10,3.538,3.277660367
COCc1ccccn1,0,3.744,3.372564418
COCc1ccccn1,10,3.54,3.277690049
COCc1ccccn1,20,3.314,3.163727276
COCc1ccccn1,30,3.13,3.025477186
COCc1ccccn1,40,2.967,2.888156745
COCc1ccccn1,50,2.791,2.753637318
COCc1ccccn1,60,2.632,2.61641052
COCc1ccccn1,70,2.396,2.485787303
COCc1ccccn1,80,1.955,2.07643977
COCc1ccccn1,90,1.551,1.685395509
COCc1ccccn1,100,1.254,1.366361987
COCc1ccccn1,110,1.033,1.104633626
COCc1ccccn1,120,0.854,0.880583665
COCc1ccccn1,130,0.693,0.672363121
COCc1ccccn1,140,0.543,0.478121077
COCc1ccccn1,150,0.433,0.311657518
COCc1ccccn1,160,0.316,0.311991196
COCc1ccccn1,170,0.1,0.094603824
COCc1ccccn1,180,0,0
CC(=O)c1ccc[nH]1,-170,5.032,4.588004625
CC(=O)c1ccc[nH]1,-160,5.589,5.086368255
CC(=O)c1ccc[nH]1,-150,6.479,5.887676632
CC(=O)c1ccc[nH]1,-140,7.672,6.94849257
CC(=O)c1ccc[nH]1,-130,9.12,8.240044024
CC(=O)c1ccc[nH]1,-120,10.757,9.694239925
CC(=O)c1ccc[nH]1,-110,12.502,11.19558367
CC(=O)c1ccc[nH]1,-100,14.215,12.51340059
CC(=O)c1ccc[nH]1,-90,14.982,13.13063347
CC(=O)c1ccc[nH]1,-80,12.569,11.47316333
CC(=O)c1ccc[nH]1,-70,9.873,9.172898846
CC(=O)c1ccc[nH]1,-60,7.303,6.843467194
CC(=O)c1ccc[nH]1,-50,5.078,4.769814755
CC(=O)c1ccc[nH]1,-40,3.242,3.048126639
CC(=O)c1ccc[nH]1,-30,1.825,1.71358179
CC(=O)c1ccc[nH]1,-20,0.826,0.773736239
CC(=O)c1ccc[nH]1,-10,0.219,0.199755611
CC(=O)c1ccc[nH]1,0,0,0
CC(=O)c1ccc[nH]1,10,0.217,0.199755612
CC(=O)c1ccc[nH]1,20,0.826,0.773736239
CC(=O)c1ccc[nH]1,30,1.825,1.713581789
CC(=O)c1ccc[nH]1,40,3.242,3.048126639
CC(=O)c1ccc[nH]1,50,5.078,4.769767516
CC(=O)c1ccc[nH]1,60,7.303,6.843436022
CC(=O)c1ccc[nH]1,70,9.873,9.172898846
CC(=O)c1ccc[nH]1,80,12.569,11.47316333
CC(=O)c1ccc[nH]1,90,14.982,13.13064414
CC(=O)c1ccc[nH]1,100,14.217,12.51339806
CC(=O)c1ccc[nH]1,110,12.5,11.19558367
CC(=O)c1ccc[nH]1,120,10.757,9.694248486
CC(=O)c1ccc[nH]1,130,9.12,8.240039647
CC(=O)c1ccc[nH]1,140,7.672,6.948482211
CC(=O)c1ccc[nH]1,150,6.479,5.887680362
CC(=O)c1ccc[nH]1,160,5.589,5.086368255
CC(=O)c1ccc[nH]1,170,5.032,4.588047113
CC(=O)c1ccc[nH]1,180,4.835,4.410437484
c1ccc(cc1)c2ncco2,-170,0.143,0.123500918
c1ccc(cc1)c2ncco2,-160,0.455,0.400596736
c1ccc(cc1)c2ncco2,-150,0.993,0.903340684
c1ccc(cc1)c2ncco2,-140,1.749,1.627976944
c1ccc(cc1)c2ncco2,-130,2.675,2.516052346
c1ccc(cc1)c2ncco2,-120,3.689,3.498427497
c1ccc(cc1)c2ncco2,-110,4.714,4.424131328
c1ccc(cc1)c2ncco2,-100,5.504,5.092254725
c1ccc(cc1)c2ncco2,-90,5.799,5.346136924
c1ccc(cc1)c2ncco2,-80,5.522,5.108849784
c1ccc(cc1)c2ncco2,-70,4.769,4.469238514
c1ccc(cc1)c2ncco2,-60,3.761,3.57216992
c1ccc(cc1)c2ncco2,-50,2.766,2.605736238
c1ccc(cc1)c2ncco2,-40,1.82,1.695475503
c1ccc(cc1)c2ncco2,-30,1.035,0.94673519
c1ccc(cc1)c2ncco2,-20,0.471,0.418017126
c1ccc(cc1)c2ncco2,-10,0.186,0.164710365
c1ccc(cc1)c2ncco2,0,0,0
c1ccc(cc1)c2ncco2,10,0.186,0.164718301
c1ccc(cc1)c2ncco2,20,0.471,0.418056263
c1ccc(cc1)c2ncco2,30,1.035,0.946902071
c1ccc(cc1)c2ncco2,40,1.82,1.695475504
c1ccc(cc1)c2ncco2,50,2.766,2.605736236
c1ccc(cc1)c2ncco2,60,3.761,3.572212032
c1ccc(cc1)c2ncco2,70,4.769,4.469238513
c1ccc(cc1)c2ncco2,80,5.522,5.108849784
c1ccc(cc1)c2ncco2,90,5.799,5.346054891
c1ccc(cc1)c2ncco2,100,5.504,5.092254725
c1ccc(cc1)c2ncco2,110,4.714,4.424131328
c1ccc(cc1)c2ncco2,120,3.689,3.498427497
c1ccc(cc1)c2ncco2,130,2.675,2.516052346
c1ccc(cc1)c2ncco2,140,1.749,1.627951672
c1ccc(cc1)c2ncco2,150,0.993,0.903429243
c1ccc(cc1)c2ncco2,160,0.455,0.400668521
c1ccc(cc1)c2ncco2,170,0.143,0.123500137
c1ccc(cc1)c2ncco2,180,0.003,0.001941989
c1ccnc(c1)c2cccs2,-170,0.057,0.023738903
c1ccnc(c1)c2cccs2,-160,0.34,0.240346077
c1ccnc(c1)c2cccs2,-150,0.818,0.643845309
c1ccnc(c1)c2cccs2,-140,1.511,1.275803712
c1ccnc(c1)c2cccs2,-130,2.372,2.092915215
c1ccnc(c1)c2cccs2,-120,3.457,3.004619148
c1ccnc(c1)c2cccs2,-110,4.519,3.865274195
c1ccnc(c1)c2cccs2,-100,5.321,4.532150221
c1ccnc(c1)c2cccs2,-90,5.672,4.815554392
c1ccnc(c1)c2cccs2,-80,5.472,4.630960397
c1ccnc(c1)c2cccs2,-70,4.796,4.084072159
c1ccnc(c1)c2cccs2,-60,3.849,3.312690227
c1ccnc(c1)c2cccs2,-50,2.847,2.482177908
c1ccnc(c1)c2cccs2,-40,1.98,1.748714378
c1ccnc(c1)c2cccs2,-30,1.325,1.177593454
c1ccnc(c1)c2cccs2,-20,0.949,0.860926638
c1ccnc(c1)c2cccs2,-10,0.877,0.811283659
c1ccnc(c1)c2cccs2,0,0.947,0.867548712
c1ccnc(c1)c2cccs2,10,0.877,0.811284076
c1ccnc(c1)c2cccs2,20,0.949,0.860988589
c1ccnc(c1)c2cccs2,30,1.325,1.177593451
c1ccnc(c1)c2cccs2,40,1.98,1.748714309
c1ccnc(c1)c2cccs2,50,2.847,2.482158163
c1ccnc(c1)c2cccs2,60,3.849,3.312690226
c1ccnc(c1)c2cccs2,70,4.796,4.084118931
c1ccnc(c1)c2cccs2,80,5.472,4.630876711
c1ccnc(c1)c2cccs2,90,5.672,4.815697293
c1ccnc(c1)c2cccs2,100,5.321,4.532104894
c1ccnc(c1)c2cccs2,110,4.517,3.865360672
c1ccnc(c1)c2cccs2,120,3.457,3.004619151
c1ccnc(c1)c2cccs2,130,2.372,2.092915214
c1ccnc(c1)c2cccs2,140,1.511,1.275772458
c1ccnc(c1)c2cccs2,150,0.818,0.643846122
c1ccnc(c1)c2cccs2,160,0.34,0.240421763
c1ccnc(c1)c2cccs2,170,0.057,0.023737529
c1ccnc(c1)c2cccs2,180,0,0
CC(=O)Nc1nccs1,-170,0.209,0.233420979
CC(=O)Nc1nccs1,-160,0.74,0.71484262
CC(=O)Nc1nccs1,-150,1.562,1.526428534
CC(=O)Nc1nccs1,-140,2.59,2.553445028
CC(=O)Nc1nccs1,-130,3.717,3.686084666
CC(=O)Nc1nccs1,-120,4.808,4.770754368
CC(=O)Nc1nccs1,-110,5.749,5.717442139
CC(=O)Nc1nccs1,-100,6.506,6.491718992
CC(=O)Nc1nccs1,-90,6.822,6.467589231
CC(=O)Nc1nccs1,-80,6.681,6.323170802
CC(=O)Nc1nccs1,-70,6.427,6.09102044
CC(=O)Nc1nccs1,-60,6.161,5.835663928
CC(=O)Nc1nccs1,-50,5.812,5.494800352
CC(=O)Nc1nccs1,-40,5.417,5.086770305
CC(=O)Nc1nccs1,-30,5.132,4.777088842
CC(=O)Nc1nccs1,-20,5.341,4.59293646
CC(=O)Nc1nccs1,-10,5.794,4.371563908
CC(=O)Nc1nccs1,0,5.794,4.488417571
CC(=O)Nc1nccs1,10,5.794,4.371563908
CC(=O)Nc1nccs1,20,5.341,4.592931543
CC(=O)Nc1nccs1,30,5.132,4.777040505
CC(=O)Nc1nccs1,40,5.417,5.086786508
CC(=O)Nc1nccs1,50,5.812,5.494800351
CC(=O)Nc1nccs1,60,6.161,5.835663927
CC(=O)Nc1nccs1,70,6.427,6.091020439
CC(=O)Nc1nccs1,80,6.681,6.32318186
CC(=O)Nc1nccs1,90,6.822,6.467589231
CC(=O)Nc1nccs1,100,6.506,6.491744263
CC(=O)Nc1nccs1,110,5.749,5.717442137
CC(=O)Nc1nccs1,120,4.808,4.770754368
CC(=O)Nc1nccs1,130,3.717,3.686045075
CC(=O)Nc1nccs1,140,2.59,2.553445026
CC(=O)Nc1nccs1,150,1.562,1.526428534
CC(=O)Nc1nccs1,160,0.74,0.714789819
CC(=O)Nc1nccs1,170,0.209,0.233420978
CC(=O)Nc1nccs1,180,0,0
CNc1ccccc1,-170,0.149,0.133038381
CNc1ccccc1,-160,0.031,0.048005125
CNc1ccccc1,-150,0.284,0.31371236
CNc1ccccc1,-140,0.803,0.906933979
CNc1ccccc1,-130,1.428,1.573321667
CNc1ccccc1,-120,2.007,2.207474083
CNc1ccccc1,-110,2.549,2.82113319
CNc1ccccc1,-100,3.138,3.464477864
CNc1ccccc1,-90,3.759,4.124246734
CNc1ccccc1,-80,3.11,3.425339217
CNc1ccccc1,-70,2.456,2.729321265
CNc1ccccc1,-60,1.867,2.094393041
CNc1ccccc1,-50,1.285,1.48329483
CNc1ccccc1,-40,0.723,0.848964046
CNc1ccccc1,-30,0.25,0.3057907
CNc1ccccc1,-20,0,0
CNc1ccccc1,-10,0.135,0.030120664
CNc1ccccc1,0,0.649,0.513312871
CNc1ccccc1,10,0.133,0.028865728
CNc1ccccc1,20,0,0.000314563
CNc1ccccc1,30,0.25,0.305509109
CNc1ccccc1,40,0.723,0.849494837
CNc1ccccc1,50,1.287,1.48392748
CNc1ccccc1,60,1.867,2.094302761
CNc1ccccc1,70,2.456,2.7284775
CNc1ccccc1,80,3.11,3.423955847
CNc1ccccc1,90,3.757,4.123646053
CNc1ccccc1,100,3.136,3.464193221
CNc1ccccc1,110,2.551,2.822518278
CNc1ccccc1,120,2.007,2.20760959
CNc1ccccc1,130,1.43,1.574887447
CNc1ccccc1,140,0.807,0.909000672
CNc1ccccc1,150,0.284,0.313824941
CNc1ccccc1,160,0.031,0.049284103
CNc1ccccc1,170,0.149,0.131395807
CNc1ccccc1,180,0.593,0.551220464
c1ccc(cc1)c2ccco2,-170,0.158,0.138544223
c1ccc(cc1)c2ccco2,-160,0.23,0.164946818
c1ccc(cc1)c2ccco2,-150,0.497,0.382841412
c1ccc(cc1)c2ccco2,-140,0.97,0.815856527
c1ccc(cc1)c2ccco2,-130,1.633,1.451570017
c1ccc(cc1)c2ccco2,-120,2.432,2.230694115
c1ccc(cc1)c2ccco2,-110,3.383,3.02237041
c1ccc(cc1)c2ccco2,-100,4.163,3.630153696
c1ccc(cc1)c2ccco2,-90,4.482,3.860335998
c1ccc(cc1)c2ccco2,-80,4.189,3.647612747
c1ccc(cc1)c2ccco2,-70,3.454,3.072443478
c1ccc(cc1)c2ccco2,-60,2.519,2.310179314
c1ccc(cc1)c2ccco2,-50,1.71,1.53785443
c1ccc(cc1)c2ccco2,-40,1.018,0.871625396
c1ccc(cc1)c2ccco2,-30,0.513,0.400462463
c1ccc(cc1)c2ccco2,-20,0.233,0.165736743
c1ccc(cc1)c2ccco2,-10,0.205,0.186035683
c1ccc(cc1)c2ccco2,0,0,0
c1ccc(cc1)c2ccco2,10,0.205,0.185980804
c1ccc(cc1)c2ccco2,20,0.233,0.165736744
c1ccc(cc1)c2ccco2,30,0.513,0.400462462
c1ccc(cc1)c2ccco2,40,1.018,0.871825045
c1ccc(cc1)c2ccco2,50,1.71,1.537856465
c1ccc(cc1)c2ccco2,60,2.519,2.310179315
c1ccc(cc1)c2ccco2,70,3.454,3.072383577
c1ccc(cc1)c2ccco2,80,4.189,3.647790821
c1ccc(cc1)c2ccco2,90,4.482,3.860313044
c1ccc(cc1)c2ccco2,100,4.163,3.630153697
c1ccc(cc1)c2ccco2,110,3.383,3.022370409
c1ccc(cc1)c2ccco2,120,2.432,2.230823998
c1ccc(cc1)c2ccco2,130,1.633,1.451570017
c1ccc(cc1)c2ccco2,140,0.97,0.815987276
c1ccc(cc1)c2ccco2,150,0.497,0.382988528
c1ccc(cc1)c2ccco2,160,0.23,0.164873736
c1ccc(cc1)c2ccco2,170,0.158,0.138544223
c1ccc(cc1)c2ccco2,180,0.244,0.254652052
CC(=O)c1ncco1,-170,3.029,4.588004625
CC(=O)c1ncco1,-160,3.415,5.086368255
CC(=O)c1ncco1,-150,4.071,5.887676632
CC(=O)c1ncco1,-140,4.975,6.94849257
CC(=O)c1ncco1,-130,6.075,8.240044024
CC(=O)c1ncco1,-120,7.267,9.694239925
CC(=O)c1ncco1,-110,8.422,11.19558367
CC(=O)c1ncco1,-100,9.264,12.51340059
CC(=O)c1ncco1,-90,9.367,13.13063347
CC(=O)c1ncco1,-80,8.506,11.47316333
CC(=O)c1ncco1,-70,7.063,9.172898846
CC(=O)c1ncco1,-60,5.418,6.843467194
CC(=O)c1ncco1,-50,3.834,4.769814755
CC(=O)c1ncco1,-40,2.458,3.048126639
CC(=O)c1ncco1,-30,1.366,1.71358179
CC(=O)c1ncco1,-20,0.594,0.773736239
CC(=O)c1ncco1,-10,0.143,0.199755611
CC(=O)c1ncco1,0,0,0
CC(=O)c1ncco1,10,0.143,0.199755612
CC(=O)c1ncco1,20,0.594,0.773736239
CC(=O)c1ncco1,30,1.366,1.713581789
CC(=O)c1ncco1,40,2.458,3.048126639
CC(=O)c1ncco1,50,3.834,4.769767516
CC(=O)c1ncco1,60,5.418,6.843436022
CC(=O)c1ncco1,70,7.063,9.172898846
CC(=O)c1ncco1,80,8.506,11.47316333
CC(=O)c1ncco1,90,9.367,13.13064414
CC(=O)c1ncco1,100,9.264,12.51339806
CC(=O)c1ncco1,110,8.424,11.19558367
CC(=O)c1ncco1,120,7.267,9.694248486
CC(=O)c1ncco1,130,6.075,8.240039647
CC(=O)c1ncco1,140,4.975,6.948482211
CC(=O)c1ncco1,150,4.071,5.887680362
CC(=O)c1ncco1,160,3.415,5.086368255
CC(=O)c1ncco1,170,3.029,4.588047113
CC(=O)c1ncco1,180,2.907,4.410437484
CC(=O)Nc1ccc[nH]1,-170,0.21,0.174168873
CC(=O)Nc1ccc[nH]1,-160,0.721,0.553752439
CC(=O)Nc1ccc[nH]1,-150,1.444,1.127454055
CC(=O)Nc1ccc[nH]1,-140,2.327,1.870366619
CC(=O)Nc1ccc[nH]1,-130,3.222,2.693313149
CC(=O)Nc1ccc[nH]1,-120,3.951,3.449269905
CC(=O)Nc1ccc[nH]1,-110,3.954,3.459715438
CC(=O)Nc1ccc[nH]1,-100,3.734,3.224270409
CC(=O)Nc1ccc[nH]1,-90,3.605,3.096916188
CC(=O)Nc1ccc[nH]1,-80,3.556,3.074380651
CC(=O)Nc1ccc[nH]1,-70,3.64,3.187631995
CC(=O)Nc1ccc[nH]1,-60,3.884,3.460867114
CC(=O)Nc1ccc[nH]1,-50,4.283,3.890685658
CC(=O)Nc1ccc[nH]1,-40,4.826,4.460150861
CC(=O)Nc1ccc[nH]1,-30,5.478,5.115311999
CC(=O)Nc1ccc[nH]1,-20,6.197,5.823080192
CC(=O)Nc1ccc[nH]1,-10,7.051,6.493834442
CC(=O)Nc1ccc[nH]1,0,7.214,6.575339762
CC(=O)Nc1ccc[nH]1,10,7.051,6.493834442
CC(=O)Nc1ccc[nH]1,20,6.197,5.821726687
CC(=O)Nc1ccc[nH]1,30,5.478,5.115326531
CC(=O)Nc1ccc[nH]1,40,4.826,4.460143248
CC(=O)Nc1ccc[nH]1,50,4.283,3.890685657
CC(=O)Nc1ccc[nH]1,60,3.884,3.460867114
CC(=O)Nc1ccc[nH]1,70,3.64,3.187657421
CC(=O)Nc1ccc[nH]1,80,3.556,3.074380651
CC(=O)Nc1ccc[nH]1,90,3.605,3.096916188
CC(=O)Nc1ccc[nH]1,100,3.734,3.224222183
CC(=O)Nc1ccc[nH]1,110,3.954,3.459730753
CC(=O)Nc1ccc[nH]1,120,3.951,3.449269906
CC(=O)Nc1ccc[nH]1,130,3.222,2.69331315
CC(=O)Nc1ccc[nH]1,140,2.327,1.870366619
CC(=O)Nc1ccc[nH]1,150,1.444,1.127413565
CC(=O)Nc1ccc[nH]1,160,0.721,0.553752439
CC(=O)Nc1ccc[nH]1,170,0.21,0.174158082
CC(=O)Nc1ccc[nH]1,180,0,0
c1ccnc(c1)c2nccs2,-170,0.231,0.196519547
c1ccnc(c1)c2nccs2,-160,0.835,0.71273951
c1ccnc(c1)c2nccs2,-150,1.79,1.51963629
c1ccnc(c1)c2nccs2,-140,3.043,2.564797155
c1ccnc(c1)c2nccs2,-130,4.479,3.750798085
c1ccnc(c1)c2nccs2,-120,5.988,4.966765356
c1ccnc(c1)c2nccs2,-110,7.379,6.053504691
c1ccnc(c1)c2nccs2,-100,8.473,6.903360128
c1ccnc(c1)c2nccs2,-90,9.126,7.389906892
c1ccnc(c1)c2nccs2,-80,9.245,7.486371096
c1ccnc(c1)c2nccs2,-70,8.892,7.266969492
c1ccnc(c1)c2nccs2,-60,8.284,6.890371535
c1ccnc(c1)c2nccs2,-50,7.678,6.515360226
c1ccnc(c1)c2nccs2,-40,7.217,6.265271505
c1ccnc(c1)c2nccs2,-30,6.989,6.203912112
c1ccnc(c1)c2nccs2,-20,6.991,6.324096119
c1ccnc(c1)c2nccs2,-10,7.118,6.500376494
c1ccnc(c1)c2nccs2,0,7.015,6.372537362
c1ccnc(c1)c2nccs2,10,7.118,6.500376492
c1ccnc(c1)c2nccs2,20,6.991,6.324111058
c1ccnc(c1)c2nccs2,30,6.989,6.203912112
c1ccnc(c1)c2nccs2,40,7.217,6.26527124
c1ccnc(c1)c2nccs2,50,7.678,6.515360227
c1ccnc(c1)c2nccs2,60,8.284,6.890371534
c1ccnc(c1)c2nccs2,70,8.892,7.266969492
c1ccnc(c1)c2nccs2,80,9.245,7.486386366
c1ccnc(c1)c2nccs2,90,9.126,7.389906894
c1ccnc(c1)c2nccs2,100,8.473,6.903360128
c1ccnc(c1)c2nccs2,110,7.379,6.053540831
c1ccnc(c1)c2nccs2,120,5.988,4.966793124
c1ccnc(c1)c2nccs2,130,4.479,3.750798084
c1ccnc(c1)c2nccs2,140,3.043,2.564797155
c1ccnc(c1)c2nccs2,150,1.79,1.51963629
c1ccnc(c1)c2nccs2,160,0.835,0.712836733
c1ccnc(c1)c2nccs2,170,0.231,0.196519546
c1ccnc(c1)c2nccs2,180,0,0
c1ccnc(c1)c2ncco2,-170,0.124,0.103997284
c1ccnc(c1)c2ncco2,-160,0.504,0.398837595
c1ccnc(c1)c2ncco2,-150,1.136,0.885563295
c1ccnc(c1)c2ncco2,-140,2.014,1.582659952
c1ccnc(c1)c2ncco2,-130,3.081,2.425786866
c1ccnc(c1)c2ncco2,-120,4.271,3.354017806
c1ccnc(c1)c2ncco2,-110,5.434,4.256362252
c1ccnc(c1)c2ncco2,-100,6.368,4.986265478
c1ccnc(c1)c2ncco2,-90,6.909,5.407299595
c1ccnc(c1)c2ncco2,-80,6.924,5.466465242
c1ccnc(c1)c2ncco2,-70,6.423,5.139485468
c1ccnc(c1)c2ncco2,-60,5.607,4.578026587
c1ccnc(c1)c2ncco2,-50,4.724,3.923778302
c1ccnc(c1)c2ncco2,-40,3.96,3.327507919
c1ccnc(c1)c2ncco2,-30,3.369,2.862421512
c1ccnc(c1)c2ncco2,-20,2.974,2.546938145
c1ccnc(c1)c2ncco2,-10,2.776,2.394582198
c1ccnc(c1)c2ncco2,0,2.675,2.299341641
c1ccnc(c1)c2ncco2,10,2.776,2.394557107
c1ccnc(c1)c2ncco2,20,2.974,2.546938145
c1ccnc(c1)c2ncco2,30,3.365,2.860090677
c1ccnc(c1)c2ncco2,40,3.96,3.327472911
c1ccnc(c1)c2ncco2,50,4.724,3.923751013
c1ccnc(c1)c2ncco2,60,5.607,4.578026587
c1ccnc(c1)c2ncco2,70,6.423,5.139530936
c1ccnc(c1)c2ncco2,80,6.924,5.466465243
c1ccnc(c1)c2ncco2,90,6.907,5.407253462
c1ccnc(c1)c2ncco2,100,6.368,4.986340447
c1ccnc(c1)c2ncco2,110,5.434,4.256332083
c1ccnc(c1)c2ncco2,120,4.271,3.354017806
c1ccnc(c1)c2ncco2,130,3.081,2.425771793
c1ccnc(c1)c2ncco2,140,2.014,1.582659953
c1ccnc(c1)c2ncco2,150,1.136,0.885563295
c1ccnc(c1)c2ncco2,160,0.504,0.398837595
c1ccnc(c1)c2ncco2,170,0.124,0.103997285
c1ccnc(c1)c2ncco2,180,0,0
CCCCF,-170,0.449,0.310209437
CCCCF,-160,1.011,0.852110151
CCCCF,-150,1.811,1.618786323
CCCCF,-140,2.666,2.415081155
CCCCF,-130,3.349,3.025134522
CCCCF,-120,3.627,3.258684735
CCCCF,-110,3.345,3.026443579
CCCCF,-100,2.58,2.389275113
CCCCF,-90,1.596,1.513076945
CCCCF,-80,0.682,0.669825687
CCCCF,-70,0.104,0.102953978
CCCCF,-60,0.002,0
CCCCF,-50,0.463,0.422839277
CCCCF,-40,1.388,1.301345169
CCCCF,-30,2.602,2.434308974
CCCCF,-20,3.835,3.546918508
CCCCF,-10,4.765,4.354274887
CCCCF,0,5.113,4.646614899
CCCCF,10,4.765,4.354581018
CCCCF,20,3.835,3.547478425
CCCCF,30,2.604,2.434044717
CCCCF,40,1.39,1.301263638
CCCCF,50,0.461,0.422993178
CCCCF,60,0,0.000389773
CCCCF,70,0.104,0.10261253
CCCCF,80,0.68,0.669050772
CCCCF,90,1.598,1.512983537
CCCCF,100,2.582,2.388989189
CCCCF,110,3.345,3.026001658
CCCCF,120,3.625,3.258114025
CCCCF,130,3.349,3.025167966
CCCCF,140,2.666,2.41463057
CCCCF,150,1.809,1.618589352
CCCCF,160,1.011,0.852114361
CCCCF,170,0.447,0.310456605
CCCCF,180,0.245,0.120286944
CC(=O)Nc1[nH]ccn1,-170,0.279,0.211578279
CC(=O)Nc1[nH]ccn1,-160,0.863,0.68618822
CC(=O)Nc1[nH]ccn1,-150,1.742,1.434648423
CC(=O)Nc1[nH]ccn1,-140,2.854,2.441759926
CC(=O)Nc1[nH]ccn1,-130,4.093,3.641478646
CC(=O)Nc1[nH]ccn1,-120,5.295,4.8951858
CC(=O)Nc1[nH]ccn1,-110,6.318,6.056156296
CC(=O)Nc1[nH]ccn1,-100,7.13,7.027526609
CC(=O)Nc1[nH]ccn1,-90,7.82,7.401590015
CC(=O)Nc1[nH]ccn1,-80,7.667,7.271895216
CC(=O)Nc1[nH]ccn1,-70,7.548,7.193333192
CC(=O)Nc1[nH]ccn1,-60,7.503,7.179625096
CC(=O)Nc1[nH]ccn1,-50,7.541,7.243310866
CC(=O)Nc1[nH]ccn1,-40,7.639,7.340950297
CC(=O)Nc1[nH]ccn1,-30,7.79,7.474974692
CC(=O)Nc1[nH]ccn1,-20,8.144,7.658566538
CC(=O)Nc1[nH]ccn1,-10,8.72,7.857107263
CC(=O)Nc1[nH]ccn1,0,9.215,8.042146244
CC(=O)Nc1[nH]ccn1,10,8.72,7.857134408
CC(=O)Nc1[nH]ccn1,20,8.144,7.658566539
CC(=O)Nc1[nH]ccn1,30,7.79,7.474971089
CC(=O)Nc1[nH]ccn1,40,7.639,7.340950297
CC(=O)Nc1[nH]ccn1,50,7.541,7.243285947
CC(=O)Nc1[nH]ccn1,60,7.503,7.179606711
CC(=O)Nc1[nH]ccn1,70,7.548,7.193333191
CC(=O)Nc1[nH]ccn1,80,7.667,7.271895216
CC(=O)Nc1[nH]ccn1,90,7.82,7.400431982
CC(=O)Nc1[nH]ccn1,100,7.13,7.027537343
CC(=O)Nc1[nH]ccn1,110,6.318,6.056156296
CC(=O)Nc1[nH]ccn1,120,5.295,4.895191756
CC(=O)Nc1[nH]ccn1,130,4.093,3.641478646
CC(=O)Nc1[nH]ccn1,140,2.854,2.44178878
CC(=O)Nc1[nH]ccn1,150,1.742,1.434648423
CC(=O)Nc1[nH]ccn1,160,0.863,0.686176201
CC(=O)Nc1[nH]ccn1,170,0.279,0.211561452
CC(=O)Nc1[nH]ccn1,180,0,0
COc1ccccc1,-170,0.15,0.141925828
COc1ccccc1,-160,0.595,0.587266659
COc1ccccc1,-150,1.223,1.188339468
COc1ccccc1,-140,1.936,1.879063832
COc1ccccc1,-130,2.521,2.473087433
COc1ccccc1,-120,2.79,2.783063373
COc1ccccc1,-110,2.879,2.917905864
COc1ccccc1,-100,2.923,3.009943913
COc1ccccc1,-90,2.95,3.035339997
COc1ccccc1,-80,2.924,3.002493505
COc1ccccc1,-70,2.865,2.90169976
COc1ccccc1,-60,2.736,2.73330861
COc1ccccc1,-50,2.4,2.380020907
COc1ccccc1,-40,1.797,1.786338468
COc1ccccc1,-30,1.133,1.122835749
COc1ccccc1,-20,0.561,0.554203165
COc1ccccc1,-10,0.135,0.125540429
COc1ccccc1,0,0,0
COc1ccccc1,10,0.135,0.126172432
COc1ccccc1,20,0.561,0.555953688
COc1ccccc1,30,1.133,1.123180389
COc1ccccc1,40,1.795,1.78671292
COc1ccccc1,50,2.4,2.38044621
COc1ccccc1,60,2.736,2.733080509
COc1ccccc1,70,2.865,2.901178982
COc1ccccc1,80,2.924,3.003176298
COc1ccccc1,90,2.95,3.036290813
COc1ccccc1,100,2.923,3.007530968
COc1ccccc1,110,2.881,2.918125679
COc1ccccc1,120,2.788,2.780861831
COc1ccccc1,130,2.521,2.472341253
COc1ccccc1,140,1.936,1.879588615
COc1ccccc1,150,1.223,1.187857216
COc1ccccc1,160,0.595,0.587278606
COc1ccccc1,170,0.15,0.142920029
COc1ccccc1,180,0.002,0.002036757
CCNC(=O)C,-170,0.626,0.493793071
CCNC(=O)C,-160,0.628,0.481211846
CCNC(=O)C,-150,0.636,0.483851361
CCNC(=O)C,-140,0.624,0.475249834
CCNC(=O)C,-130,0.577,0.451526488
CCNC(=O)C,-120,0.498,0.396486052
CCNC(=O)C,-110,0.378,0.300395067
CCNC(=O)C,-100,0.226,0.176660339
CCNC(=O)C,-90,0.074,0.048818946
CCNC(=O)C,-80,0,7.00E-06
CCNC(=O)C,-70,0.163,0.176166199
CCNC(=O)C,-60,0.705,0.723722983
CCNC(=O)C,-50,1.634,1.617065878
CCNC(=O)C,-40,2.786,2.697548259
CCNC(=O)C,-30,3.955,3.736369729
CCNC(=O)C,-20,4.908,4.597406184
CCNC(=O)C,-10,5.545,5.185375271
CCNC(=O)C,0,5.74,5.372949002
CCNC(=O)C,10,5.543,5.184897025
CCNC(=O)C,20,4.908,4.598341508
CCNC(=O)C,30,3.955,3.737571245
CCNC(=O)C,40,2.788,2.697993456
CCNC(=O)C,50,1.632,1.616457622
CCNC(=O)C,60,0.707,0.723462474
CCNC(=O)C,70,0.163,0.17585185
CCNC(=O)C,80,0,0
CCNC(=O)C,90,0.072,0.048476085
CCNC(=O)C,100,0.226,0.176612734
CCNC(=O)C,110,0.376,0.300320691
CCNC(=O)C,120,0.498,0.396373124
CCNC(=O)C,130,0.577,0.451280667
CCNC(=O)C,140,0.622,0.474606311
CCNC(=O)C,150,0.636,0.485145178
CCNC(=O)C,160,0.628,0.480947161
CCNC(=O)C,170,0.626,0.492821568
CCNC(=O)C,180,0.634,0.494916933
CC/C=C/C,-170,2.288,1.948515037
CC/C=C/C,-160,1.81,1.494716492
CC/C=C/C,-150,1.203,0.968935863
CC/C=C/C,-140,0.63,0.476617757
CC/C=C/C,-130,0.204,0.13510487
CC/C=C/C,-120,0,0
CC/C=C/C,-110,0.075,0.079071307
CC/C=C/C,-100,0.357,0.364362128
CC/C=C/C,-90,0.8,0.818727471
CC/C=C/C,-80,1.323,1.33771704
CC/C=C/C,-70,1.861,1.819607795
CC/C=C/C,-60,2.241,2.129615366
CC/C=C/C,-50,2.312,2.182426738
CC/C=C/C,-40,1.999,1.936577393
CC/C=C/C,-30,1.397,1.462128334
CC/C=C/C,-20,0.781,0.908955799
CC/C=C/C,-10,0.387,0.477149508
CC/C=C/C,0,0.244,0.284746737
CC/C=C/C,10,0.387,0.385290621
CC/C=C/C,20,0.781,0.751589415
CC/C=C/C,30,1.397,1.292601955
CC/C=C/C,40,1.999,1.84923096
CC/C=C/C,50,2.314,2.250112305
CC/C=C/C,60,2.243,2.409121069
CC/C=C/C,70,1.861,2.346715482
CC/C=C/C,80,1.323,2.053480469
CC/C=C/C,90,0.8,1.548721372
CC/C=C/C,100,0.357,0.98154527
CC/C=C/C,110,0.075,0.525288424
CC/C=C/C,120,0.002,0.294495649
CC/C=C/C,130,0.206,0.350053147
CC/C=C/C,140,0.63,0.684502066
CC/C=C/C,150,1.203,1.211317053
CC/C=C/C,160,1.812,1.76046219
CC/C=C/C,170,2.286,2.125171376
CC/C=C/C,180,2.473,2.183818242
c1ccnc(c1)c2ccccn2,-170,0.169,0.152854078
c1ccnc(c1)c2ccccn2,-160,0.515,0.434316843
c1ccnc(c1)c2ccccn2,-150,1.194,0.987017942
c1ccnc(c1)c2ccccn2,-140,2.222,1.830395954
c1ccnc(c1)c2ccccn2,-130,3.548,2.929944335
c1ccnc(c1)c2ccccn2,-120,5.04,4.151852351
c1ccnc(c1)c2ccccn2,-110,6.496,5.311902501
c1ccnc(c1)c2ccccn2,-100,7.67,6.226895843
c1ccnc(c1)c2ccccn2,-90,8.344,6.723518711
c1ccnc(c1)c2ccccn2,-80,8.418,6.785762803
c1ccnc(c1)c2ccccn2,-70,8.01,6.538723055
c1ccnc(c1)c2ccccn2,-60,7.388,6.138990145
c1ccnc(c1)c2ccccn2,-50,6.848,5.824225926
c1ccnc(c1)c2ccccn2,-40,6.606,5.751184107
c1ccnc(c1)c2ccccn2,-30,6.746,5.998339364
c1ccnc(c1)c2ccccn2,-20,7.242,6.53213684
c1ccnc(c1)c2ccccn2,-10,7.898,7.142516673
c1ccnc(c1)c2ccccn2,0,8.142,7.266781916
c1ccnc(c1)c2ccccn2,10,7.902,7.146364792
c1ccnc(c1)c2ccccn2,20,7.244,6.532185074
c1ccnc(c1)c2ccccn2,30,6.742,5.99652236
c1ccnc(c1)c2ccccn2,40,6.608,5.753256746
c1ccnc(c1)c2ccccn2,50,6.85,5.824800412
c1ccnc(c1)c2ccccn2,60,7.388,6.139030178
c1ccnc(c1)c2ccccn2,70,8.012,6.538133393
c1ccnc(c1)c2ccccn2,80,8.416,6.785453788
c1ccnc(c1)c2ccccn2,90,8.344,6.720820205
c1ccnc(c1)c2ccccn2,100,7.67,6.226634368
c1ccnc(c1)c2ccccn2,110,6.498,5.314082544
c1ccnc(c1)c2ccccn2,120,5.04,4.153462806
c1ccnc(c1)c2ccccn2,130,3.55,2.932238281
c1ccnc(c1)c2ccccn2,140,2.222,1.830216256
c1ccnc(c1)c2ccccn2,150,1.192,0.98510343
c1ccnc(c1)c2ccccn2,160,0.519,0.437323698
c1ccnc(c1)c2ccccn2,170,0.169,0.151748011
c1ccnc(c1)c2ccccn2,180,0,0
CC(=O)c1cccs1,-170,1.169,0.881487021
CC(=O)c1cccs1,-160,1.539,1.252202494
CC(=O)c1cccs1,-150,2.218,1.892844043
CC(=O)c1cccs1,-140,3.194,2.793077671
CC(=O)c1cccs1,-130,4.441,3.907200946
CC(=O)c1cccs1,-120,5.868,5.151708771
CC(=O)c1cccs1,-110,7.345,6.366607387
CC(=O)c1cccs1,-100,8.653,7.306038829
CC(=O)c1cccs1,-90,9.237,7.726078606
CC(=O)c1cccs1,-80,8.463,7.386586222
CC(=O)c1cccs1,-70,6.987,6.307328436
CC(=O)c1cccs1,-60,5.361,4.943946623
CC(=O)c1cccs1,-50,3.854,3.604103427
CC(=O)c1cccs1,-40,2.57,2.414075855
CC(=O)c1cccs1,-30,1.523,1.431838896
CC(=O)c1cccs1,-20,0.713,0.677653227
CC(=O)c1cccs1,-10,0.192,0.184533053
CC(=O)c1cccs1,0,0,0
CC(=O)c1cccs1,10,0.19,0.184524386
CC(=O)c1cccs1,20,0.713,0.677678391
CC(=O)c1cccs1,30,1.523,1.431838896
CC(=O)c1cccs1,40,2.57,2.414075855
CC(=O)c1cccs1,50,3.854,3.604084312
CC(=O)c1cccs1,60,5.361,4.943946623
CC(=O)c1cccs1,70,6.989,6.307296628
CC(=O)c1cccs1,80,8.463,7.386572175
CC(=O)c1cccs1,90,9.237,7.726078606
CC(=O)c1cccs1,100,8.653,7.306083842
CC(=O)c1cccs1,110,7.345,6.366559416
CC(=O)c1cccs1,120,5.868,5.151719169
CC(=O)c1cccs1,130,4.443,3.907249504
CC(=O)c1cccs1,140,3.194,2.793102122
CC(=O)c1cccs1,150,2.218,1.89285343
CC(=O)c1cccs1,160,1.539,1.252207806
CC(=O)c1cccs1,170,1.169,0.88148502
CC(=O)c1cccs1,180,1.059,0.759263892
CC(=O)c1ccco1,-170,0.147,0.146991463
CC(=O)c1ccco1,-160,0.593,0.581477044
CC(=O)c1ccco1,-150,1.366,1.302880121
CC(=O)c1ccco1,-140,2.461,2.301703122
CC(=O)c1ccco1,-130,3.861,3.547186739
CC(=O)c1ccco1,-120,5.51,4.998639687
CC(=O)c1ccco1,-110,7.315,6.556601324
CC(=O)c1ccco1,-100,9.152,8.042290461
CC(=O)c1ccco1,-90,10.677,9.037496539
CC(=O)c1ccco1,-80,9.809,8.853855121
CC(=O)c1ccco1,-70,8.066,7.581590752
CC(=O)c1ccco1,-60,6.27,6.085448776
CC(=O)c1ccco1,-50,4.688,4.671702317
CC(=O)c1ccco1,-40,3.516,3.470370126
CC(=O)c1ccco1,-30,2.591,2.525694752
CC(=O)c1ccco1,-20,1.912,1.835218008
CC(=O)c1ccco1,-10,1.491,1.400828461
CC(=O)c1ccco1,0,1.344,1.247691415
CC(=O)c1ccco1,10,1.491,1.400828461
CC(=O)c1ccco1,20,1.912,1.835218007
CC(=O)c1ccco1,30,2.591,2.525693634
CC(=O)c1ccco1,40,3.516,3.470370126
CC(=O)c1ccco1,50,4.688,4.671702317
CC(=O)c1ccco1,60,6.27,6.085448776
CC(=O)c1ccco1,70,8.066,7.581561962
CC(=O)c1ccco1,80,9.809,8.853868746
CC(=O)c1ccco1,90,10.677,9.037496539
CC(=O)c1ccco1,100,9.152,8.042290461
CC(=O)c1ccco1,110,7.315,6.556601324
CC(=O)c1ccco1,120,5.51,4.998639687
CC(=O)c1ccco1,130,3.861,3.547184966
CC(=O)c1ccco1,140,2.461,2.301705869
CC(=O)c1ccco1,150,1.366,1.302878479
CC(=O)c1ccco1,160,0.593,0.581509198
CC(=O)c1ccco1,170,0.147,0.146991463
CC(=O)c1ccco1,180,0,0
COCO,-170,2.875,2.600760863
COCO,-160,3.274,2.945423273
COCO,-150,3.748,3.34114556
COCO,-140,4.109,3.627511364
COCO,-130,4.197,3.672573309
COCO,-120,3.909,3.398047051
COCO,-110,3.25,2.804475844
COCO,-100,2.332,1.980889081
COCO,-90,1.326,1.098651283
COCO,-80,0.465,0.364241711
COCO,-70,0,0.000188592
COCO,-60,0.163,0.176742605
COCO,-50,0.924,0.932204844
COCO,-40,2.18,2.159927262
COCO,-30,3.756,3.623582093
COCO,-20,5.329,5.040764959
COCO,-10,6.565,6.143617447
COCO,0,7.214,6.71198509
COCO,10,6.565,6.143543752
COCO,20,5.327,5.039202668
COCO,30,3.76,3.62589103
COCO,40,2.18,2.160635261
COCO,50,0.924,0.932999763
COCO,60,0.163,0.176458768
COCO,70,0,0
COCO,80,0.465,0.364031581
COCO,90,1.326,1.098708578
COCO,100,2.33,1.980069387
COCO,110,3.25,2.804684119
COCO,120,3.909,3.397989433
COCO,130,4.195,3.672128759
COCO,140,4.109,3.627244104
COCO,150,3.748,3.341055122
COCO,160,3.274,2.945893009
COCO,170,2.873,2.599772541
COCO,180,2.692,2.438480745
CCCF,-170,0.4,0.360861186
CCCF,-160,1.016,0.862398352
CCCF,-150,1.89,1.557867086
CCCF,-140,2.829,2.291940265
CCCF,-130,3.58,2.851512194
CCCF,-120,3.891,3.047651837
CCCF,-110,3.607,2.810484133
CCCF,-100,2.806,2.18376209
CCCF,-90,1.762,1.364019089
CCCF,-80,0.788,0.569049279
CCCF,-70,0.148,0.053450135
CCCF,-60,0,0.000340567
CCCF,-50,0.432,0.453298074
CCCF,-40,1.357,1.332136526
CCCF,-30,2.589,2.450007694
CCCF,-20,3.844,3.54435475
CCCF,-10,4.791,4.335778662
CCCF,0,5.146,4.619000433
CCCF,10,4.791,4.335322431
CCCF,20,3.846,3.543783683
CCCF,30,2.589,2.450779331
CCCF,40,1.357,1.333721504
CCCF,50,0.432,0.452580027
CCCF,60,0.002,0
CCCF,70,0.148,0.053992868
CCCF,80,0.786,0.568776786
CCCF,90,1.764,1.364857323
CCCF,100,2.806,2.184974621
CCCF,110,3.605,2.810771531
CCCF,120,3.889,3.046997088
CCCF,130,3.58,2.851648748
CCCF,140,2.827,2.291783399
CCCF,150,1.89,1.556721898
CCCF,160,1.016,0.862359127
CCCF,170,0.4,0.360669675
CCCF,180,0.178,0.171839959
c1ccc(cc1)c2ncccn2,-170,0.207,0.208551291
c1ccc(cc1)c2ncccn2,-160,0.392,0.364127854
c1ccc(cc1)c2ncccn2,-150,0.918,0.850773223
c1ccc(cc1)c2ncccn2,-140,1.746,1.647570422
c1ccc(cc1)c2ncccn2,-130,2.83,2.699092134
c1ccc(cc1)c2ncccn2,-120,4.056,3.900080649
c1ccc(cc1)c2ncccn2,-110,5.235,5.040662644
c1ccc(cc1)c2ncccn2,-100,6.272,5.884084735
c1ccc(cc1)c2ncccn2,-90,6.654,6.177236271
c1ccc(cc1)c2ncccn2,-80,6.267,5.87956807
c1ccc(cc1)c2ncccn2,-70,5.26,5.064696206
c1ccc(cc1)c2ncccn2,-60,4.084,3.926432273
c1ccc(cc1)c2ncccn2,-50,2.858,2.724452624
c1ccc(cc1)c2ncccn2,-40,1.759,1.660132903
c1ccc(cc1)c2ncccn2,-30,0.92,0.856197134
c1ccc(cc1)c2ncccn2,-20,0.392,0.364688819
c1ccc(cc1)c2ncccn2,-10,0.235,0.23485827
c1ccc(cc1)c2ncccn2,0,0.001,0.002762758
c1ccc(cc1)c2ncccn2,10,0.235,0.235521192
c1ccc(cc1)c2ncccn2,20,0.392,0.36322119
c1ccc(cc1)c2ncccn2,30,0.92,0.858327737
c1ccc(cc1)c2ncccn2,40,1.759,1.661571717
c1ccc(cc1)c2ncccn2,50,2.858,2.726102711
c1ccc(cc1)c2ncccn2,60,4.084,3.927298936
c1ccc(cc1)c2ncccn2,70,5.262,5.065436128
c1ccc(cc1)c2ncccn2,80,6.267,5.880761108
c1ccc(cc1)c2ncccn2,90,6.652,6.177752773
c1ccc(cc1)c2ncccn2,100,6.274,5.884768755
c1ccc(cc1)c2ncccn2,110,5.235,5.041524317
c1ccc(cc1)c2ncccn2,120,4.056,3.8954515
c1ccc(cc1)c2ncccn2,130,2.83,2.697476875
c1ccc(cc1)c2ncccn2,140,1.746,1.650952306
c1ccc(cc1)c2ncccn2,150,0.918,0.851272758
c1ccc(cc1)c2ncccn2,160,0.392,0.363645055
c1ccc(cc1)c2ncccn2,170,0.207,0.207482048
c1ccc(cc1)c2ncccn2,180,0,0
CC(=O)c1[nH]ccn1,-170,8.751,8.333545779
CC(=O)c1[nH]ccn1,-160,9.276,8.71090272
CC(=O)c1[nH]ccn1,-150,10.102,9.287770147
CC(=O)c1[nH]ccn1,-140,11.156,10.02517444
CC(=O)c1[nH]ccn1,-130,12.352,10.8314009
CC(=O)c1[nH]ccn1,-120,13.603,11.61751107
CC(=O)c1[nH]ccn1,-110,14.75,12.20308608
CC(=O)c1[nH]ccn1,-100,15.463,12.39940272
CC(=O)c1[nH]ccn1,-90,14.989,12.03964686
CC(=O)c1[nH]ccn1,-80,13.101,10.85552687
CC(=O)c1[nH]ccn1,-70,10.573,9.055402922
CC(=O)c1[nH]ccn1,-60,7.963,7.002818594
CC(=O)c1[nH]ccn1,-50,5.564,4.998939776
CC(=O)c1[nH]ccn1,-40,3.555,3.218054906
CC(=O)c1[nH]ccn1,-30,1.963,1.805781622
CC(=O)c1[nH]ccn1,-20,0.837,0.797309718
CC(=O)c1[nH]ccn1,-10,0.191,0.19285225
CC(=O)c1[nH]ccn1,0,0,0
CC(=O)c1[nH]ccn1,10,0.191,0.192663369
CC(=O)c1[nH]ccn1,20,0.835,0.797008158
CC(=O)c1[nH]ccn1,30,1.965,1.807876968
CC(=O)c1[nH]ccn1,40,3.553,3.217781633
CC(=O)c1[nH]ccn1,50,5.57,5.003693621
CC(=O)c1[nH]ccn1,60,7.963,7.002829483
CC(=O)c1[nH]ccn1,70,10.573,9.055905948
CC(=O)c1[nH]ccn1,80,13.101,10.85578893
CC(=O)c1[nH]ccn1,90,14.993,12.04069738
CC(=O)c1[nH]ccn1,100,15.463,12.39801528
CC(=O)c1[nH]ccn1,110,14.75,12.20203904
CC(=O)c1[nH]ccn1,120,13.603,11.61562627
CC(=O)c1[nH]ccn1,130,12.354,10.83266791
CC(=O)c1[nH]ccn1,140,11.156,10.02511231
CC(=O)c1[nH]ccn1,150,10.1,9.28631619
CC(=O)c1[nH]ccn1,160,9.276,8.712641794
CC(=O)c1[nH]ccn1,170,8.753,8.333771859
CC(=O)c1[nH]ccn1,180,8.58,8.205704068
CCN(C)C(=O)C,-170,2.216,2.258002
CCN(C)C(=O)C,-160,1.79,1.820849927
CCN(C)C(=O)C,-150,1.457,1.481615444
CCN(C)C(=O)C,-140,1.18,1.151750244
CCN(C)C(=O)C,-130,0.921,0.840609519
CCN(C)C(=O)C,-120,0.625,0.523607107
CCN(C)C(=O)C,-110,0.36,0.268776327
CCN(C)C(=O)C,-100,0.154,0.093836348
CCN(C)C(=O)C,-90,0.012,0
CCN(C)C(=O)C,-80,0,0.03824161
CCN(C)C(=O)C,-70,0.3,0.38848546
CCN(C)C(=O)C,-60,1.176,1.286459249
CCN(C)C(=O)C,-50,2.607,2.650608787
CCN(C)C(=O)C,-40,4.118,3.979284867
CCN(C)C(=O)C,-30,5.023,4.790718067
CCN(C)C(=O)C,-20,5.692,5.446505036
CCN(C)C(=O)C,-10,6.15,5.890559885
CCN(C)C(=O)C,0,6.372,6.126372092
CCN(C)C(=O)C,10,6.148,5.890562742
CCN(C)C(=O)C,20,5.694,5.446223538
CCN(C)C(=O)C,30,5.023,4.790350823
CCN(C)C(=O)C,40,4.116,3.979142013
CCN(C)C(=O)C,50,2.611,2.652127649
CCN(C)C(=O)C,60,1.178,1.289013223
CCN(C)C(=O)C,70,0.302,0.389306286
CCN(C)C(=O)C,80,0,0.038991196
CCN(C)C(=O)C,90,0.012,0.001436091
CCN(C)C(=O)C,100,0.154,0.093549189
CCN(C)C(=O)C,110,0.36,0.266880875
CCN(C)C(=O)C,120,0.625,0.524223467
CCN(C)C(=O)C,130,0.921,0.840328946
CCN(C)C(=O)C,140,1.18,1.152646497
CCN(C)C(=O)C,150,1.457,1.481066098
CCN(C)C(=O)C,160,1.79,1.822165086
CCN(C)C(=O)C,170,2.216,2.258767431
CCN(C)C(=O)C,180,2.75,2.778386144
C(CO)O,-170,2.925,2.834999987
C(CO)O,-160,3.361,3.235998787
C(CO)O,-150,4.066,3.841235456
C(CO)O,-140,4.892,4.52378971
C(CO)O,-130,5.565,5.05299508
C(CO)O,-120,5.675,4.878191612
C(CO)O,-110,4.941,4.265599976
C(CO)O,-100,3.724,3.249521574
C(CO)O,-90,2.332,2.060250903
C(CO)O,-80,1.075,0.965984828
C(CO)O,-70,0.259,0.207896948
C(CO)O,-60,0,0.0005064
C(CO)O,-50,0.538,0.484606571
C(CO)O,-40,1.782,1.616862609
C(CO)O,-30,3.485,3.152732295
C(CO)O,-20,4.866,3.986597124
C(CO)O,-10,5.806,4.800823859
C(CO)O,0,6.193,5.180079749
C(CO)O,10,5.806,4.800492096
C(CO)O,20,4.866,3.986268937
C(CO)O,30,3.483,3.151959908
C(CO)O,40,1.786,1.618120823
C(CO)O,50,0.54,0.485480876
C(CO)O,60,0,0
C(CO)O,70,0.259,0.207063236
C(CO)O,80,1.071,0.964808288
C(CO)O,90,2.332,2.059946347
C(CO)O,100,3.722,3.249354198
C(CO)O,110,4.941,4.265093799
C(CO)O,120,5.675,4.877843435
C(CO)O,130,5.567,5.053211442
C(CO)O,140,4.892,4.524025064
C(CO)O,150,4.068,3.840883516
C(CO)O,160,3.361,3.235789397
C(CO)O,170,2.927,2.835380186
C(CO)O,180,2.739,2.645248728
CCCC,-170,0.212,0.202610673
CCCC,-160,0.805,0.758303993
CCCC,-150,1.649,1.54245079
CCCC,-140,2.546,2.356645939
CCCC,-130,3.249,2.968539534
CCCC,-120,3.53,3.209089539
CCCC,-110,3.273,3.008690896
CCCC,-100,2.567,2.419200615
CCCC,-90,1.692,1.658091415
CCCC,-80,1.034,1.00071379
CCCC,-70,0.672,0.624399638
CCCC,-60,0.657,0.592811733
CCCC,-50,1.044,0.968788795
CCCC,-40,1.854,1.769460534
CCCC,-30,2.958,2.867391009
CCCC,-20,4.186,4.027331797
CCCC,-10,5.242,4.943844907
CCCC,0,5.651,5.29518958
CCCC,10,5.242,4.944154194
CCCC,20,4.186,4.027025059
CCCC,30,2.958,2.867056239
CCCC,40,1.854,1.769519159
CCCC,50,1.044,0.969210524
CCCC,60,0.657,0.593208071
CCCC,70,0.672,0.624407792
CCCC,80,1.034,1.001212708
CCCC,90,1.692,1.658136446
CCCC,100,2.571,2.420385251
CCCC,110,3.273,3.008879115
CCCC,120,3.53,3.209068805
CCCC,130,3.249,2.968828008
CCCC,140,2.544,2.355950193
CCCC,150,1.651,1.542919116
CCCC,160,0.805,0.75831714
CCCC,170,0.212,0.202414007
CCCC,180,0,0
c1ccc(cc1)c2ccccn2,-170,0.495,0.502736567
c1ccc(cc1)c2ccccn2,-160,0.105,0.142654033
c1ccc(cc1)c2ccccn2,-150,0,0.016040955
c1ccc(cc1)c2ccccn2,-140,0.328,0.164462224
c1ccc(cc1)c2ccccn2,-130,1.007,0.586878677
c1ccc(cc1)c2ccccn2,-120,2.008,1.199416758
c1ccc(cc1)c2ccccn2,-110,3.061,1.879640393
c1ccc(cc1)c2ccccn2,-100,3.883,2.425019846
c1ccc(cc1)c2ccccn2,-90,4.206,2.632698828
c1ccc(cc1)c2ccccn2,-80,3.886,2.422483866
c1ccc(cc1)c2ccccn2,-70,3.055,1.892616464
c1ccc(cc1)c2ccccn2,-60,2.004,1.23104883
c1ccc(cc1)c2ccccn2,-50,1.007,0.603879798
c1ccc(cc1)c2ccccn2,-40,0.334,0.16682607
c1ccc(cc1)c2ccccn2,-30,0.012,1.35E-05
c1ccc(cc1)c2ccccn2,-20,0.134,0.183627706
c1ccc(cc1)c2ccccn2,-10,0.528,0.576928556
c1ccc(cc1)c2ccccn2,0,0.92,0.940161802
c1ccc(cc1)c2ccccn2,10,0.528,0.576747741
c1ccc(cc1)c2ccccn2,20,0.134,0.183627704
c1ccc(cc1)c2ccccn2,30,0.012,0
c1ccc(cc1)c2ccccn2,40,0.334,0.166924358
c1ccc(cc1)c2ccccn2,50,1.007,0.603879799
c1ccc(cc1)c2ccccn2,60,2.004,1.231002781
c1ccc(cc1)c2ccccn2,70,3.055,1.892616464
c1ccc(cc1)c2ccccn2,80,3.886,2.422363788
c1ccc(cc1)c2ccccn2,90,4.206,2.632695491
c1ccc(cc1)c2ccccn2,100,3.883,2.425019845
c1ccc(cc1)c2ccccn2,110,3.061,1.879547964
c1ccc(cc1)c2ccccn2,120,2.008,1.199430324
c1ccc(cc1)c2ccccn2,130,1.007,0.586898828
c1ccc(cc1)c2ccccn2,140,0.328,0.16450168
c1ccc(cc1)c2ccccn2,150,0,0.016040955
c1ccc(cc1)c2ccccn2,160,0.107,0.142654034
c1ccc(cc1)c2ccccn2,170,0.495,0.502736568
c1ccc(cc1)c2ccccn2,180,0.892,0.814913367
c1ccc(cc1)c2ccccc2,-170,2.139,2.156961108
c1ccc(cc1)c2ccccc2,-160,1.047,1.118459217
c1ccc(cc1)c2ccccc2,-150,0.251,0.310728583
c1ccc(cc1)c2ccccc2,-140,0,0
c1ccc(cc1)c2ccccc2,-130,0.26,0.162272687
c1ccc(cc1)c2ccccc2,-120,0.898,0.659296985
c1ccc(cc1)c2ccccc2,-110,1.686,1.295947062
c1ccc(cc1)c2ccccc2,-100,2.341,1.820847512
c1ccc(cc1)c2ccccc2,-90,2.596,2.006362798
c1ccc(cc1)c2ccccc2,-80,2.343,1.82840095
c1ccc(cc1)c2ccccc2,-70,1.687,1.299830408
c1ccc(cc1)c2ccccc2,-60,0.904,0.664924955
c1ccc(cc1)c2ccccc2,-50,0.261,0.162948733
c1ccc(cc1)c2ccccc2,-40,0.01,0.010885234
c1ccc(cc1)c2ccccc2,-30,0.281,0.348343787
c1ccc(cc1)c2ccccc2,-20,1.104,1.198246452
c1ccc(cc1)c2ccccc2,-10,2.208,2.252453722
c1ccc(cc1)c2ccccc2,0,3.105,3.00509897
c1ccc(cc1)c2ccccc2,10,2.208,2.252453722
c1ccc(cc1)c2ccccc2,20,1.104,1.198431527
c1ccc(cc1)c2ccccc2,30,0.281,0.348203149
c1ccc(cc1)c2ccccc2,40,0.01,0.011053698
c1ccc(cc1)c2ccccc2,50,0.261,0.162948733
c1ccc(cc1)c2ccccc2,60,0.904,0.664743377
c1ccc(cc1)c2ccccc2,70,1.687,1.299716939
c1ccc(cc1)c2ccccc2,80,2.343,1.828400949
c1ccc(cc1)c2ccccc2,90,2.596,2.006362798
c1ccc(cc1)c2ccccc2,100,2.341,1.820780267
c1ccc(cc1)c2ccccc2,110,1.686,1.295947063
c1ccc(cc1)c2ccccc2,120,0.898,0.659292452
c1ccc(cc1)c2ccccc2,130,0.26,0.162139408
c1ccc(cc1)c2ccccc2,140,0,5.13E-05
c1ccc(cc1)c2ccccc2,150,0.251,0.310705573
c1ccc(cc1)c2ccccc2,160,1.047,1.118459218
c1ccc(cc1)c2ccccc2,170,2.139,2.156982616
c1ccc(cc1)c2ccccc2,180,2.989,2.869355297
c1ccc(cc1)c2[nH]ccn2,-170,0.152,0
c1ccc(cc1)c2[nH]ccn2,-160,0.123,0.035167452
c1ccc(cc1)c2[nH]ccn2,-150,0.338,0.245104995
c1ccc(cc1)c2[nH]ccn2,-140,0.808,0.678572165
c1ccc(cc1)c2[nH]ccn2,-130,1.496,1.308999458
c1ccc(cc1)c2[nH]ccn2,-120,2.374,2.07978166
c1ccc(cc1)c2[nH]ccn2,-110,3.375,2.856357307
c1ccc(cc1)c2[nH]ccn2,-100,4.15,3.438956773
c1ccc(cc1)c2[nH]ccn2,-90,4.445,3.65662378
c1ccc(cc1)c2[nH]ccn2,-80,4.159,3.438206013
c1ccc(cc1)c2[nH]ccn2,-70,3.395,2.878628964
c1ccc(cc1)c2[nH]ccn2,-60,2.394,2.122051573
c1ccc(cc1)c2[nH]ccn2,-50,1.506,1.352253259
c1ccc(cc1)c2[nH]ccn2,-40,0.802,0.686931563
c1ccc(cc1)c2[nH]ccn2,-30,0.328,0.252973905
c1ccc(cc1)c2[nH]ccn2,-20,0.145,0.115764531
c1ccc(cc1)c2[nH]ccn2,-10,0.233,0.251068774
c1ccc(cc1)c2[nH]ccn2,0,0.337,0.369194931
c1ccc(cc1)c2[nH]ccn2,10,0.233,0.251068772
c1ccc(cc1)c2[nH]ccn2,20,0.145,0.115683712
c1ccc(cc1)c2[nH]ccn2,30,0.328,0.252973904
c1ccc(cc1)c2[nH]ccn2,40,0.802,0.686931565
c1ccc(cc1)c2[nH]ccn2,50,1.506,1.352109712
c1ccc(cc1)c2[nH]ccn2,60,2.396,2.122051574
c1ccc(cc1)c2[nH]ccn2,70,3.393,2.878628964
c1ccc(cc1)c2[nH]ccn2,80,4.157,3.438188265
c1ccc(cc1)c2[nH]ccn2,90,4.443,3.65662378
c1ccc(cc1)c2[nH]ccn2,100,4.152,3.438956773
c1ccc(cc1)c2[nH]ccn2,110,3.377,2.856282813
c1ccc(cc1)c2[nH]ccn2,120,2.374,2.07973454
c1ccc(cc1)c2[nH]ccn2,130,1.496,1.309061531
c1ccc(cc1)c2[nH]ccn2,140,0.808,0.67848977
c1ccc(cc1)c2[nH]ccn2,150,0.338,0.245204174
c1ccc(cc1)c2[nH]ccn2,160,0.123,0.035167737
c1ccc(cc1)c2[nH]ccn2,170,0.152,1.43E-09
c1ccc(cc1)c2[nH]ccn2,180,0,0.258188959
Cn1ccnc1c2ccccc2,-170,1.23,1.456063565
Cn1ccnc1c2ccccc2,-160,0.556,0.718347827
Cn1ccnc1c2ccccc2,-150,0.101,0.175476176
Cn1ccnc1c2ccccc2,-140,0.002,0
Cn1ccnc1c2ccccc2,-130,0.348,0.197370064
Cn1ccnc1c2ccccc2,-120,0.987,0.67721525
Cn1ccnc1c2ccccc2,-110,1.744,1.273191249
Cn1ccnc1c2ccccc2,-100,2.374,1.786330255
Cn1ccnc1c2ccccc2,-90,2.584,1.953405991
Cn1ccnc1c2ccccc2,-80,2.369,1.787612139
Cn1ccnc1c2ccccc2,-70,1.745,1.301301673
Cn1ccnc1c2ccccc2,-60,1.052,0.742658265
Cn1ccnc1c2ccccc2,-50,0.425,0.259691823
Cn1ccnc1c2ccccc2,-40,0.046,0.01364254
Cn1ccnc1c2ccccc2,-30,0.074,0.135067502
Cn1ccnc1c2ccccc2,-20,0.512,0.663662039
Cn1ccnc1c2ccccc2,-10,1.22,1.456688161
Cn1ccnc1c2ccccc2,0,1.852,2.040893087
Cn1ccnc1c2ccccc2,10,1.216,1.454095734
Cn1ccnc1c2ccccc2,20,0.512,0.665976473
Cn1ccnc1c2ccccc2,30,0.074,0.138020458
Cn1ccnc1c2ccccc2,40,0.048,0.015066871
Cn1ccnc1c2ccccc2,50,0.425,0.257531887
Cn1ccnc1c2ccccc2,60,1.052,0.740458465
Cn1ccnc1c2ccccc2,70,1.747,1.30253088
Cn1ccnc1c2ccccc2,80,2.371,1.789645968
Cn1ccnc1c2ccccc2,90,2.584,1.955563848
Cn1ccnc1c2ccccc2,100,2.376,1.788108379
Cn1ccnc1c2ccccc2,110,1.744,1.27301694
Cn1ccnc1c2ccccc2,120,0.987,0.677343026
Cn1ccnc1c2ccccc2,130,0.348,0.198361632
Cn1ccnc1c2ccccc2,140,0,0.000623608
Cn1ccnc1c2ccccc2,150,0.101,0.17462386
Cn1ccnc1c2ccccc2,160,0.556,0.71625898
Cn1ccnc1c2ccccc2,170,1.232,1.455774352
Cn1ccnc1c2ccccc2,180,1.71,1.838389726
c1ccc(cc1)c2ccc[nH]2,-170,0.425,0.401572973
c1ccc(cc1)c2ccc[nH]2,-160,0.087,0.079886194
c1ccc(cc1)c2ccc[nH]2,-150,0.013,7.13E-11
c1ccc(cc1)c2ccc[nH]2,-140,0.245,0.25841054
c1ccc(cc1)c2ccc[nH]2,-130,0.782,0.875220129
c1ccc(cc1)c2ccc[nH]2,-120,1.548,1.716934366
c1ccc(cc1)c2ccc[nH]2,-110,2.438,2.591724267
c1ccc(cc1)c2ccc[nH]2,-100,3.158,3.245266203
c1ccc(cc1)c2ccc[nH]2,-90,3.443,3.484388875
c1ccc(cc1)c2ccc[nH]2,-80,3.162,3.239322467
c1ccc(cc1)c2ccc[nH]2,-70,2.439,2.580818507
c1ccc(cc1)c2ccc[nH]2,-60,1.567,1.715820507
c1ccc(cc1)c2ccc[nH]2,-50,0.789,0.874376322
c1ccc(cc1)c2ccc[nH]2,-40,0.244,0.264665739
c1ccc(cc1)c2ccc[nH]2,-30,0,0.008460893
c1ccc(cc1)c2ccc[nH]2,-20,0.128,0.115297664
c1ccc(cc1)c2ccc[nH]2,-10,0.48,0.462663022
c1ccc(cc1)c2ccc[nH]2,0,0.884,0.780333384
c1ccc(cc1)c2ccc[nH]2,10,0.48,0.462663023
c1ccc(cc1)c2ccc[nH]2,20,0.128,0.115296995
c1ccc(cc1)c2ccc[nH]2,30,0,0.008461196
c1ccc(cc1)c2ccc[nH]2,40,0.244,0.264665739
c1ccc(cc1)c2ccc[nH]2,50,0.789,0.874376322
c1ccc(cc1)c2ccc[nH]2,60,1.567,1.715820507
c1ccc(cc1)c2ccc[nH]2,70,2.441,2.58090814
c1ccc(cc1)c2ccc[nH]2,80,3.162,3.239322467
c1ccc(cc1)c2ccc[nH]2,90,3.443,3.484423156
c1ccc(cc1)c2ccc[nH]2,100,3.158,3.24526614
c1ccc(cc1)c2ccc[nH]2,110,2.438,2.591724267
c1ccc(cc1)c2ccc[nH]2,120,1.548,1.716934365
c1ccc(cc1)c2ccc[nH]2,130,0.782,0.87522013
c1ccc(cc1)c2ccc[nH]2,140,0.245,0.25841054
c1ccc(cc1)c2ccc[nH]2,150,0.013,0
c1ccc(cc1)c2ccc[nH]2,160,0.087,0.079712861
c1ccc(cc1)c2ccc[nH]2,170,0.425,0.401609903
c1ccc(cc1)c2ccc[nH]2,180,0.849,0.723030013
C/C=C/C(C)C,-170,2.266,0.401572973
C/C=C/C(C)C,-160,1.727,0.079886194
C/C=C/C(C)C,-150,1.113,7.13E-11
C/C=C/C(C)C,-140,0.554,0.25841054
C/C=C/C(C)C,-130,0.158,0.875220129
C/C=C/C(C)C,-120,0,1.716934366
C/C=C/C(C)C,-110,0.105,2.591724267
C/C=C/C(C)C,-100,0.462,3.245266203
C/C=C/C(C)C,-90,0.987,3.484388875
C/C=C/C(C)C,-80,1.59,3.239322467
C/C=C/C(C)C,-70,2.146,2.580818507
C/C=C/C(C)C,-60,2.533,1.715820507
C/C=C/C(C)C,-50,2.619,0.874376322
C/C=C/C(C)C,-40,2.334,0.264665739
C/C=C/C(C)C,-30,1.748,0.008460893
C/C=C/C(C)C,-20,1.057,0.115297664
C/C=C/C(C)C,-10,0.555,0.462663022
C/C=C/C(C)C,0,0.374,0.780333384
C/C=C/C(C)C,10,0.466,0.462663023
C/C=C/C(C)C,20,0.808,0.115296995
C/C=C/C(C)C,30,1.351,0.008461196
C/C=C/C(C)C,40,1.981,0.264665739
C/C=C/C(C)C,50,2.419,0.874376322
C/C=C/C(C)C,60,2.577,1.715820507
C/C=C/C(C)C,70,2.502,2.58090814
C/C=C/C(C)C,80,2.176,3.239322467
C/C=C/C(C)C,90,1.602,3.484423156
C/C=C/C(C)C,100,1.012,3.24526614
C/C=C/C(C)C,110,0.587,2.591724267
C/C=C/C(C)C,120,0.38,1.716934365
C/C=C/C(C)C,130,0.444,0.87522013
C/C=C/C(C)C,140,0.814,0.25841054
C/C=C/C(C)C,150,1.485,0
C/C=C/C(C)C,160,2.158,0.079712861
C/C=C/C(C)C,170,2.572,0.401609903
C/C=C/C(C)C,180,2.589,0.723030013
CNC(=O)NC,-170,0.002,0.000801378
CNC(=O)NC,-160,0.217,0.27621554
CNC(=O)NC,-150,0.974,1.078037659
CNC(=O)NC,-140,2.213,2.314762914
CNC(=O)NC,-130,3.866,3.894241593
CNC(=O)NC,-120,5.787,5.697334505
CNC(=O)NC,-110,7.835,7.609245112
CNC(=O)NC,-100,7.406,7.226987602
CNC(=O)NC,-90,6.529,6.354016052
CNC(=O)NC,-80,5.513,5.355293599
CNC(=O)NC,-70,4.443,4.29737205
CNC(=O)NC,-60,3.403,3.274517383
CNC(=O)NC,-50,2.451,2.347061858
CNC(=O)NC,-40,1.726,1.559323142
CNC(=O)NC,-30,1.238,0.993376097
CNC(=O)NC,-20,1.052,0.724287886
CNC(=O)NC,-10,1.141,0.731277895
CNC(=O)NC,0,1.306,0.818296349
CNC(=O)NC,10,1.141,0.731167081
CNC(=O)NC,20,1.052,0.724781456
CNC(=O)NC,30,1.238,0.992609999
CNC(=O)NC,40,1.726,1.558122313
CNC(=O)NC,50,2.451,2.347587004
CNC(=O)NC,60,3.403,3.274235443
CNC(=O)NC,70,4.445,4.298778754
CNC(=O)NC,80,5.515,5.356952424
CNC(=O)NC,90,6.529,6.353769119
CNC(=O)NC,100,7.406,7.226040279
CNC(=O)NC,110,7.839,7.611123391
CNC(=O)NC,120,5.785,5.697287667
CNC(=O)NC,130,3.862,3.893039142
CNC(=O)NC,140,2.213,2.314716002
CNC(=O)NC,150,0.974,1.078715714
CNC(=O)NC,160,0.217,0.277069582
CNC(=O)NC,170,0,0
CNC(=O)NC,180,0.394,0.282564989
CN(C)S(=O)(=O)c1ccccc1,-170,5.63,3.928778469
CN(C)S(=O)(=O)c1ccccc1,-160,4.047,3.96922843
CN(C)S(=O)(=O)c1ccccc1,-150,3.304,3.367557291
CN(C)S(=O)(=O)c1ccccc1,-140,2.802,2.891178758
CN(C)S(=O)(=O)c1ccccc1,-130,2.452,2.550185627
CN(C)S(=O)(=O)c1ccccc1,-120,2.152,1.683817278
CN(C)S(=O)(=O)c1ccccc1,-110,1.112,0.860614613
CN(C)S(=O)(=O)c1ccccc1,-100,0.338,0.258327742
CN(C)S(=O)(=O)c1ccccc1,-90,0,0
CN(C)S(=O)(=O)c1ccccc1,-80,0.17,0.167767584
CN(C)S(=O)(=O)c1ccccc1,-70,0.893,0.791522128
CN(C)S(=O)(=O)c1ccccc1,-60,2.027,1.709210593
CN(C)S(=O)(=O)c1ccccc1,-50,2.537,2.625270457
CN(C)S(=O)(=O)c1ccccc1,-40,2.952,3.026557753
CN(C)S(=O)(=O)c1ccccc1,-30,3.557,3.549665344
CN(C)S(=O)(=O)c1ccccc1,-20,4.278,4.143354468
CN(C)S(=O)(=O)c1ccccc1,-10,5.643,3.92391257
CN(C)S(=O)(=O)c1ccccc1,0,5.701,3.980280818
CN(C)S(=O)(=O)c1ccccc1,10,5.645,3.927130281
CN(C)S(=O)(=O)c1ccccc1,20,4.28,4.145180497
CN(C)S(=O)(=O)c1ccccc1,30,3.557,3.548299408
CN(C)S(=O)(=O)c1ccccc1,40,2.952,3.025946685
CN(C)S(=O)(=O)c1ccccc1,50,2.537,2.627395389
CN(C)S(=O)(=O)c1ccccc1,60,2.025,1.706742565
CN(C)S(=O)(=O)c1ccccc1,70,0.891,0.78853745
CN(C)S(=O)(=O)c1ccccc1,80,0.17,0.167922989
CN(C)S(=O)(=O)c1ccccc1,90,0,0.000466079
CN(C)S(=O)(=O)c1ccccc1,100,0.34,0.258404163
CN(C)S(=O)(=O)c1ccccc1,110,1.114,0.86374016
CN(C)S(=O)(=O)c1ccccc1,120,2.15,1.683801687
CN(C)S(=O)(=O)c1ccccc1,130,2.452,2.546459454
CN(C)S(=O)(=O)c1ccccc1,140,2.802,2.89027569
CN(C)S(=O)(=O)c1ccccc1,150,3.304,3.367391962
CN(C)S(=O)(=O)c1ccccc1,160,4.049,3.970992388
CN(C)S(=O)(=O)c1ccccc1,170,5.63,3.932526669
CN(C)S(=O)(=O)c1ccccc1,180,5.705,3.976878171
CS(=O)(=O)c1nccs1,-170,5.781,5.142577364
CS(=O)(=O)c1nccs1,-160,5.658,5.054079534
CS(=O)(=O)c1nccs1,-150,5.475,4.87996546
CS(=O)(=O)c1nccs1,-140,5.161,4.567634505
CS(=O)(=O)c1nccs1,-130,4.662,4.131946
CS(=O)(=O)c1nccs1,-120,3.955,3.535413409
CS(=O)(=O)c1nccs1,-110,3.108,2.808704696
CS(=O)(=O)c1nccs1,-100,2.221,2.064412103
CS(=O)(=O)c1nccs1,-90,1.39,1.338040043
CS(=O)(=O)c1nccs1,-80,0.706,0.742860753
CS(=O)(=O)c1nccs1,-70,0.261,0.31095919
CS(=O)(=O)c1nccs1,-60,0.029,0.058193901
CS(=O)(=O)c1nccs1,-50,0,0
CS(=O)(=O)c1nccs1,-40,0.237,0.110092269
CS(=O)(=O)c1nccs1,-30,0.606,0.330896137
CS(=O)(=O)c1nccs1,-20,0.97,0.575323676
CS(=O)(=O)c1nccs1,-10,1.209,0.763262436
CS(=O)(=O)c1nccs1,0,1.287,0.849404085
CS(=O)(=O)c1nccs1,10,1.209,0.762278798
CS(=O)(=O)c1nccs1,20,0.972,0.57834682
CS(=O)(=O)c1nccs1,30,0.606,0.330851601
CS(=O)(=O)c1nccs1,40,0.237,0.109600361
CS(=O)(=O)c1nccs1,50,0,8.66E-05
CS(=O)(=O)c1nccs1,60,0.029,0.057594715
CS(=O)(=O)c1nccs1,70,0.261,0.308623411
CS(=O)(=O)c1nccs1,80,0.708,0.745060574
CS(=O)(=O)c1nccs1,90,1.392,1.340917488
CS(=O)(=O)c1nccs1,100,2.221,2.061739051
CS(=O)(=O)c1nccs1,110,3.11,2.810242184
CS(=O)(=O)c1nccs1,120,3.953,3.537214115
CS(=O)(=O)c1nccs1,130,4.664,4.132282199
CS(=O)(=O)c1nccs1,140,5.161,4.565850689
CS(=O)(=O)c1nccs1,150,5.473,4.876157894
CS(=O)(=O)c1nccs1,160,5.658,5.051538026
CS(=O)(=O)c1nccs1,170,5.781,5.14304027
CS(=O)(=O)c1nccs1,180,5.811,5.119125451
CC(=O)NC,-170,0.227,0.215790829
CC(=O)NC,-160,0.859,0.804123854
CC(=O)NC,-150,2.102,1.95384959
CC(=O)NC,-140,3.932,3.651393152
CC(=O)NC,-130,6.237,5.805185808
CC(=O)NC,-120,8.867,8.271309887
CC(=O)NC,-110,11.653,10.90891731
CC(=O)NC,-100,14.356,13.50535013
CC(=O)NC,-90,12.979,12.43099292
CC(=O)NC,-80,10.78,10.28298166
CC(=O)NC,-70,8.782,8.333154133
CC(=O)NC,-60,7.116,6.699873041
CC(=O)NC,-50,5.34,4.967058184
CC(=O)NC,-40,3.998,3.648385473
CC(=O)NC,-30,3.133,2.757932042
CC(=O)NC,-20,2.682,2.257599838
CC(=O)NC,-10,2.56,2.076419907
CC(=O)NC,0,2.6,2.085034967
CC(=O)NC,10,2.562,2.076498927
CC(=O)NC,20,2.68,2.257378425
CC(=O)NC,30,3.133,2.758154317
CC(=O)NC,40,3.998,3.647969381
CC(=O)NC,50,5.338,4.965750895
CC(=O)NC,60,7.116,6.700323203
CC(=O)NC,70,8.782,8.333026091
CC(=O)NC,80,10.782,10.283381
CC(=O)NC,90,12.983,12.43261474
CC(=O)NC,100,14.356,13.50474695
CC(=O)NC,110,11.649,10.90709102
CC(=O)NC,120,8.869,8.272191774
CC(=O)NC,130,6.233,5.803855066
CC(=O)NC,140,3.932,3.65167691
CC(=O)NC,150,2.102,1.95320459
CC(=O)NC,160,0.859,0.804452125
CC(=O)NC,170,0.227,0.216063923
CC(=O)NC,180,0,0
CC(=O)Nc1nccn1C,-170,4.334,3.591567268
CC(=O)Nc1nccn1C,-160,3.103,2.623109691
CC(=O)Nc1nccn1C,-150,1.846,1.560986658
CC(=O)Nc1nccn1C,-140,0.851,0.708309905
CC(=O)Nc1nccn1C,-130,0.213,0.169149276
CC(=O)Nc1nccn1C,-120,0,1.19E-05
CC(=O)Nc1nccn1C,-110,0.233,0.237763431
CC(=O)Nc1nccn1C,-100,0.832,0.861811258
CC(=O)Nc1nccn1C,-90,1.712,1.767191054
CC(=O)Nc1nccn1C,-80,2.004,1.604953029
CC(=O)Nc1nccn1C,-70,2.021,1.663915143
CC(=O)Nc1nccn1C,-60,2.05,1.729597567
CC(=O)Nc1nccn1C,-50,2.135,1.841754969
CC(=O)Nc1nccn1C,-40,2.273,1.971642578
CC(=O)Nc1nccn1C,-30,2.473,2.149077553
CC(=O)Nc1nccn1C,-20,2.981,2.376260285
CC(=O)Nc1nccn1C,-10,3.662,2.634796441
CC(=O)Nc1nccn1C,0,4.249,2.859000093
CC(=O)Nc1nccn1C,10,3.662,2.634814599
CC(=O)Nc1nccn1C,20,2.981,2.376296758
CC(=O)Nc1nccn1C,30,2.473,2.149077554
CC(=O)Nc1nccn1C,40,2.273,1.971640165
CC(=O)Nc1nccn1C,50,2.135,1.841759464
CC(=O)Nc1nccn1C,60,2.05,1.729637878
CC(=O)Nc1nccn1C,70,2.021,1.663915143
CC(=O)Nc1nccn1C,80,2.004,1.60495303
CC(=O)Nc1nccn1C,90,1.712,1.767191054
CC(=O)Nc1nccn1C,100,0.832,0.861811257
CC(=O)Nc1nccn1C,110,0.233,0.237720756
CC(=O)Nc1nccn1C,120,0,0
CC(=O)Nc1nccn1C,130,0.213,0.169149275
CC(=O)Nc1nccn1C,140,0.851,0.708281447
CC(=O)Nc1nccn1C,150,1.846,1.560995582
CC(=O)Nc1nccn1C,160,3.103,2.62310969
CC(=O)Nc1nccn1C,170,4.334,3.591547784
CC(=O)Nc1nccn1C,180,4.903,3.975614806
CC(=O)Nc1ncco1,-170,1.331,1.523301771
CC(=O)Nc1ncco1,-160,1.328,1.525820986
CC(=O)Nc1ncco1,-150,1.379,1.588892374
CC(=O)Nc1ncco1,-140,1.525,1.750795409
CC(=O)Nc1ncco1,-130,1.764,2.006294072
CC(=O)Nc1ncco1,-120,2.078,2.325711808
CC(=O)Nc1ncco1,-110,2.45,2.693458587
CC(=O)Nc1ncco1,-100,2.856,3.078625973
CC(=O)Nc1ncco1,-90,3.23,3.405875809
CC(=O)Nc1ncco1,-80,3.093,3.234902211
CC(=O)Nc1ncco1,-70,2.495,2.642810129
CC(=O)Nc1ncco1,-60,1.874,1.99930326
CC(=O)Nc1ncco1,-50,1.272,1.357159504
CC(=O)Nc1ncco1,-40,0.756,0.805891498
CC(=O)Nc1ncco1,-30,0.375,0.398662684
CC(=O)Nc1ncco1,-20,0.189,0.195932527
CC(=O)Nc1ncco1,-10,0.084,0.083207263
CC(=O)Nc1ncco1,0,0,0
CC(=O)Nc1ncco1,10,0.084,0.083207263
CC(=O)Nc1ncco1,20,0.189,0.195938644
CC(=O)Nc1ncco1,30,0.375,0.398668606
CC(=O)Nc1ncco1,40,0.756,0.805891498
CC(=O)Nc1ncco1,50,1.272,1.357161481
CC(=O)Nc1ncco1,60,1.874,1.999291509
CC(=O)Nc1ncco1,70,2.495,2.642825363
CC(=O)Nc1ncco1,80,3.093,3.234902211
CC(=O)Nc1ncco1,90,3.23,3.405854909
CC(=O)Nc1ncco1,100,2.856,3.078631088
CC(=O)Nc1ncco1,110,2.45,2.693458586
CC(=O)Nc1ncco1,120,2.078,2.325711808
CC(=O)Nc1ncco1,130,1.764,2.006294073
CC(=O)Nc1ncco1,140,1.525,1.750795409
CC(=O)Nc1ncco1,150,1.379,1.588892374
CC(=O)Nc1ncco1,160,1.328,1.525801591
CC(=O)Nc1ncco1,170,1.331,1.523287899
CC(=O)Nc1ncco1,180,1.176,1.30254059
CC(=O)Nc1ccccc1,-170,0.066,0.071419917
CC(=O)Nc1ccccc1,-160,0.193,0.157219707
CC(=O)Nc1ccccc1,-150,0.472,0.372348589
CC(=O)Nc1ccccc1,-140,0.836,0.711789782
CC(=O)Nc1ccccc1,-130,1.292,1.156624879
CC(=O)Nc1ccccc1,-120,1.898,1.721423444
CC(=O)Nc1ccccc1,-110,2.602,2.350210555
CC(=O)Nc1ccccc1,-100,2.604,2.094836959
CC(=O)Nc1ccccc1,-90,2.808,2.29357851
CC(=O)Nc1ccccc1,-80,2.596,2.089663819
CC(=O)Nc1ccccc1,-70,2.398,1.880023489
CC(=O)Nc1ccccc1,-60,1.847,1.679467775
CC(=O)Nc1ccccc1,-50,1.206,1.086556733
CC(=O)Nc1ccccc1,-40,0.741,0.635817647
CC(=O)Nc1ccccc1,-30,0.381,0.306120507
CC(=O)Nc1ccccc1,-20,0.127,0.091835889
CC(=O)Nc1ccccc1,-10,0,0
CC(=O)Nc1ccccc1,0,0.091,0.09141841
CC(=O)Nc1ccccc1,10,0.002,0.000890812
CC(=O)Nc1ccccc1,20,0.129,0.091400143
CC(=O)Nc1ccccc1,30,0.381,0.305593599
CC(=O)Nc1ccccc1,40,0.743,0.637145961
CC(=O)Nc1ccccc1,50,1.204,1.084493451
CC(=O)Nc1ccccc1,60,1.847,1.680887874
CC(=O)Nc1ccccc1,70,2.398,1.878922749
CC(=O)Nc1ccccc1,80,2.596,2.089268238
CC(=O)Nc1ccccc1,90,2.808,2.292878559
CC(=O)Nc1ccccc1,100,2.604,2.09447894
CC(=O)Nc1ccccc1,110,2.602,2.349037779
CC(=O)Nc1ccccc1,120,1.9,1.721768861
CC(=O)Nc1ccccc1,130,1.294,1.156309921
CC(=O)Nc1ccccc1,140,0.838,0.712902277
CC(=O)Nc1ccccc1,150,0.472,0.37283783
CC(=O)Nc1ccccc1,160,0.193,0.158980168
CC(=O)Nc1ccccc1,170,0.066,0.069853771
CC(=O)Nc1ccccc1,180,0.061,0.055150361
c1ccc(c(c1)c2ccccn2)F,-170,0.737,0.75363645
c1ccc(c(c1)c2ccccn2)F,-160,0.225,0.254255758
c1ccc(c(c1)c2ccccn2)F,-150,0.002,0.002696675
c1ccc(c(c1)c2ccccn2)F,-140,0.205,0.110518681
c1ccc(c(c1)c2ccccn2)F,-130,0.765,0.597425093
c1ccc(c(c1)c2ccccn2)F,-120,1.642,1.310443211
c1ccc(c(c1)c2ccccn2)F,-110,2.594,2.076120054
c1ccc(c(c1)c2ccccn2)F,-100,3.327,2.661564914
c1ccc(c(c1)c2ccccn2)F,-90,3.644,2.897893069
c1ccc(c(c1)c2ccccn2)F,-80,3.496,2.806623008
c1ccc(c(c1)c2ccccn2)F,-70,3.033,2.489908171
c1ccc(c(c1)c2ccccn2)F,-60,2.527,2.151168427
c1ccc(c(c1)c2ccccn2)F,-50,2.245,2.014703192
c1ccc(c(c1)c2ccccn2)F,-40,2.395,2.24170064
c1ccc(c(c1)c2ccccn2)F,-30,2.999,2.910080674
c1ccc(c(c1)c2ccccn2)F,-20,4.039,3.928742533
c1ccc(c(c1)c2ccccn2)F,-10,5.255,5.073006522
c1ccc(c(c1)c2ccccn2)F,0,5.796,5.334682988
c1ccc(c(c1)c2ccccn2)F,10,5.253,5.072957642
c1ccc(c(c1)c2ccccn2)F,20,4.035,3.925597154
c1ccc(c(c1)c2ccccn2)F,30,2.995,2.909833891
c1ccc(c(c1)c2ccccn2)F,40,2.395,2.241527624
c1ccc(c(c1)c2ccccn2)F,50,2.243,2.012817717
c1ccc(c(c1)c2ccccn2)F,60,2.527,2.150811235
c1ccc(c(c1)c2ccccn2)F,70,3.035,2.491518767
c1ccc(c(c1)c2ccccn2)F,80,3.494,2.80570488
c1ccc(c(c1)c2ccccn2)F,90,3.642,2.898175654
c1ccc(c(c1)c2ccccn2)F,100,3.327,2.663171165
c1ccc(c(c1)c2ccccn2)F,110,2.594,2.076789628
c1ccc(c(c1)c2ccccn2)F,120,1.642,1.311108982
c1ccc(c(c1)c2ccccn2)F,130,0.765,0.594880469
c1ccc(c(c1)c2ccccn2)F,140,0.205,0.112022745
c1ccc(c(c1)c2ccccn2)F,150,0,0
c1ccc(c(c1)c2ccccn2)F,160,0.225,0.255962863
c1ccc(c(c1)c2ccccn2)F,170,0.739,0.753445185
c1ccc(c(c1)c2ccccn2)F,180,0.821,0.707546486
CC/C(=C/C)/C,-170,3.765,3.230865371
CC/C(=C/C)/C,-160,2.787,2.411384892
CC/C(=C/C)/C,-150,1.728,1.509166411
CC/C(=C/C)/C,-140,0.836,0.753730563
CC/C(=C/C)/C,-130,0.246,0.252565567
CC/C(=C/C)/C,-120,0,0.050495806
CC/C(=C/C)/C,-110,0.076,0.12468722
CC/C(=C/C)/C,-100,0.19,0.258049622
CC/C(=C/C)/C,-90,0.508,0.550189563
CC/C(=C/C)/C,-80,1.038,1.04942945
CC/C(=C/C)/C,-70,1.674,1.602630728
CC/C(=C/C)/C,-60,2.171,1.977707863
CC/C(=C/C)/C,-50,2.333,2.030833148
CC/C(=C/C)/C,-40,2.04,1.71276209
CC/C(=C/C)/C,-30,1.414,1.139387327
CC/C(=C/C)/C,-20,0.748,0.558333427
CC/C(=C/C)/C,-10,0.281,0.15984584
CC/C(=C/C)/C,0,0.094,0
CC/C(=C/C)/C,10,0.281,0.158818635
CC/C(=C/C)/C,20,0.75,0.559679101
CC/C(=C/C)/C,30,1.412,1.139144876
CC/C(=C/C)/C,40,2.042,1.713479669
CC/C(=C/C)/C,50,2.333,2.029556954
CC/C(=C/C)/C,60,2.171,1.978255058
CC/C(=C/C)/C,70,1.672,1.602249585
CC/C(=C/C)/C,80,1.038,1.048384901
CC/C(=C/C)/C,90,0.506,0.550258618
CC/C(=C/C)/C,100,0.19,0.258494622
CC/C(=C/C)/C,110,0.076,0.123359053
CC/C(=C/C)/C,120,0.002,0.051841796
CC/C(=C/C)/C,130,0.244,0.251876712
CC/C(=C/C)/C,140,0.838,0.754794277
CC/C(=C/C)/C,150,1.726,1.508571064
CC/C(=C/C)/C,160,2.789,2.412181151
CC/C(=C/C)/C,170,3.765,3.230668109
CC/C(=C/C)/C,180,4.208,3.571651856
c1ccnc(c1)c2ccc[nH]2,-170,0.206,0.199000591
c1ccnc(c1)c2ccc[nH]2,-160,0.716,0.687931003
c1ccnc(c1)c2ccc[nH]2,-150,1.576,1.501186707
c1ccnc(c1)c2ccc[nH]2,-140,2.79,2.625807856
c1ccnc(c1)c2ccc[nH]2,-130,4.281,3.993550805
c1ccnc(c1)c2ccc[nH]2,-120,5.969,5.517211834
c1ccnc(c1)c2ccc[nH]2,-110,7.683,7.006981174
c1ccnc(c1)c2ccc[nH]2,-100,9.18,8.237519363
c1ccnc(c1)c2ccc[nH]2,-90,10.054,8.921131804
c1ccnc(c1)c2ccc[nH]2,-80,9.953,8.857998403
c1ccnc(c1)c2ccc[nH]2,-70,9.119,8.263099257
c1ccnc(c1)c2ccc[nH]2,-60,8.054,7.382770021
c1ccnc(c1)c2ccc[nH]2,-50,7.046,6.476751267
c1ccnc(c1)c2ccc[nH]2,-40,6.203,5.68662809
c1ccnc(c1)c2ccc[nH]2,-30,5.598,5.107408651
c1ccnc(c1)c2ccc[nH]2,-20,5.268,4.788869503
c1ccnc(c1)c2ccc[nH]2,-10,5.202,4.717495232
c1ccnc(c1)c2ccc[nH]2,0,5.103,4.548024003
c1ccnc(c1)c2ccc[nH]2,10,5.204,4.720092209
c1ccnc(c1)c2ccc[nH]2,20,5.268,4.789493116
c1ccnc(c1)c2ccc[nH]2,30,5.596,5.105047854
c1ccnc(c1)c2ccc[nH]2,40,6.203,5.687339666
c1ccnc(c1)c2ccc[nH]2,50,7.046,6.475876101
c1ccnc(c1)c2ccc[nH]2,60,8.058,7.386376731
c1ccnc(c1)c2ccc[nH]2,70,9.119,8.262114862
c1ccnc(c1)c2ccc[nH]2,80,9.953,8.859065819
c1ccnc(c1)c2ccc[nH]2,90,10.056,8.923036096
c1ccnc(c1)c2ccc[nH]2,100,9.178,8.234957008
c1ccnc(c1)c2ccc[nH]2,110,7.683,7.004474607
c1ccnc(c1)c2ccc[nH]2,120,5.963,5.512455423
c1ccnc(c1)c2ccc[nH]2,130,4.285,3.996407608
c1ccnc(c1)c2ccc[nH]2,140,2.788,2.621917905
c1ccnc(c1)c2ccc[nH]2,150,1.578,1.502641639
c1ccnc(c1)c2ccc[nH]2,160,0.716,0.688029447
c1ccnc(c1)c2ccc[nH]2,170,0.206,0.195563088
c1ccnc(c1)c2ccc[nH]2,180,0,0
c1ccc(cc1)c2cccs2,-170,0.496,0.60589281
c1ccc(cc1)c2cccs2,-160,0.14,0.225315345
c1ccc(cc1)c2cccs2,-150,0,0.001982847
c1ccc(cc1)c2cccs2,-140,0.165,0.024849339
c1ccc(cc1)c2cccs2,-130,0.635,0.319050892
c1ccc(cc1)c2cccs2,-120,1.297,0.801583127
c1ccc(cc1)c2cccs2,-110,1.998,1.359588077
c1ccc(cc1)c2cccs2,-100,2.518,1.806993364
c1ccc(cc1)c2cccs2,-90,2.717,1.966523358
c1ccc(cc1)c2cccs2,-80,2.547,1.803703278
c1ccc(cc1)c2cccs2,-70,2.043,1.385547463
c1ccc(cc1)c2cccs2,-60,1.35,0.842299287
c1ccc(cc1)c2cccs2,-50,0.665,0.3427844
c1ccc(cc1)c2cccs2,-40,0.178,0.029636987
c1ccc(cc1)c2cccs2,-30,0.004,9.62E-05
c1ccc(cc1)c2cccs2,-20,0.196,0.292329688
c1ccc(cc1)c2cccs2,-10,0.599,0.784694549
c1ccc(cc1)c2cccs2,0,1.041,1.170551993
c1ccc(cc1)c2cccs2,10,0.599,0.784551085
c1ccc(cc1)c2cccs2,20,0.196,0.292402276
c1ccc(cc1)c2cccs2,30,0.004,0
c1ccc(cc1)c2cccs2,40,0.178,0.029636985
c1ccc(cc1)c2cccs2,50,0.665,0.342794668
c1ccc(cc1)c2cccs2,60,1.35,0.842299289
c1ccc(cc1)c2cccs2,70,2.043,1.385574872
c1ccc(cc1)c2cccs2,80,2.547,1.803703279
c1ccc(cc1)c2cccs2,90,2.717,1.966569154
c1ccc(cc1)c2cccs2,100,2.518,1.806983898
c1ccc(cc1)c2cccs2,110,1.998,1.359588077
c1ccc(cc1)c2cccs2,120,1.297,0.801618419
c1ccc(cc1)c2cccs2,130,0.635,0.318945724
c1ccc(cc1)c2cccs2,140,0.165,0.024772902
c1ccc(cc1)c2cccs2,150,0,0.001982725
c1ccc(cc1)c2cccs2,160,0.14,0.22519048
c1ccc(cc1)c2cccs2,170,0.496,0.605789755
c1ccc(cc1)c2cccs2,180,0.945,0.94988
CNS(=O)(=O)C,-170,1.835,2.060908637
CNS(=O)(=O)C,-160,1.445,1.646550595
CNS(=O)(=O)C,-150,1.179,1.333266752
CNS(=O)(=O)C,-140,0.956,1.073413954
CNS(=O)(=O)C,-130,0.787,0.79502877
CNS(=O)(=O)C,-120,0.584,0.51326461
CNS(=O)(=O)C,-110,0.29799998,0.235480732
CNS(=O)(=O)C,-100,0.02,0.011182636
CNS(=O)(=O)C,-90,0,0.002133278
CNS(=O)(=O)C,-80,0.439,0.385184535
CNS(=O)(=O)C,-70,0.936,0.309482974
CNS(=O)(=O)C,-60,0.83,0.330980842
CNS(=O)(=O)C,-50,1.227,0.872090425
CNS(=O)(=O)C,-40,2.141,1.854982804
CNS(=O)(=O)C,-30,3.4859998,3.224541896
CNS(=O)(=O)C,-20,5.0610003,4.768171759
CNS(=O)(=O)C,-10,6.586,6.230656134
CNS(=O)(=O)C,0,7.736,7.336276069
CNS(=O)(=O)C,10,6.586,6.230519596
CNS(=O)(=O)C,20,5.0610003,4.769852003
CNS(=O)(=O)C,30,3.4859998,3.224586481
CNS(=O)(=O)C,40,2.141,1.857857272
CNS(=O)(=O)C,50,1.225,0.872208553
CNS(=O)(=O)C,60,0.83,0.332848292
CNS(=O)(=O)C,70,0.936,0.308776023
CNS(=O)(=O)C,80,0.439,0.384471118
CNS(=O)(=O)C,90,0,0
CNS(=O)(=O)C,100,0.022,0.011376676
CNS(=O)(=O)C,110,0.3,0.235064769
CNS(=O)(=O)C,120,0.584,0.515431454
CNS(=O)(=O)C,130,0.789,0.797232636
CNS(=O)(=O)C,140,0.956,1.072148403
CNS(=O)(=O)C,150,1.179,1.335901324
CNS(=O)(=O)C,160,1.445,1.648005477
CNS(=O)(=O)C,170,1.835,2.061524747
CNS(=O)(=O)C,180,2.412,2.64969031
CCCC(F)F,-170,0.343,0.322413863
CCCC(F)F,-160,1.115,1.047578205
CCCC(F)F,-150,2.156,2.018768094
CCCC(F)F,-140,3.229,2.959552165
CCCC(F)F,-130,4.054,3.654849785
CCCC(F)F,-120,4.378,3.916674333
CCCC(F)F,-110,4.092,3.688496922
CCCC(F)F,-100,3.294,3.046282733
CCCC(F)F,-90,2.251,2.148546475
CCCC(F)F,-80,1.243,1.248135202
CCCC(F)F,-70,0.517,0.586158117
CCCC(F)F,-60,0.21,0.277366241
CCCC(F)F,-50,0.403,0.494855992
CCCC(F)F,-40,1.045,1.093116032
CCCC(F)F,-30,2.008,1.963508202
CCCC(F)F,-20,3.073,2.882203295
CCCC(F)F,-10,3.955,3.59439065
CCCC(F)F,0,4.371,3.910283548
CCCC(F)F,10,4.168,3.740504069
CCCC(F)F,20,3.433,3.120094771
CCCC(F)F,30,2.398,2.221930924
CCCC(F)F,40,1.335,1.241631713
CCCC(F)F,50,0.487,0.448752701
CCCC(F)F,60,0.034,0.033184551
CCCC(F)F,70,0.097,0.06623173
CCCC(F)F,80,0.622,0.530467379
CCCC(F)F,90,1.46,1.253585656
CCCC(F)F,100,2.37,2.026744946
CCCC(F)F,110,3.105,2.634308051
CCCC(F)F,120,3.42,2.866085814
CCCC(F)F,130,3.195,2.699579343
CCCC(F)F,140,2.518,2.154010419
CCCC(F)F,150,1.632,1.397218724
CCCC(F)F,160,0.778,0.658394402
CCCC(F)F,170,0.178,0.133880053
CCCC(F)F,180,0,0
CC(=O)Nc1cccs1,-170,0.212,0.175416059
CC(=O)Nc1cccs1,-160,0.578,0.511208907
CC(=O)Nc1cccs1,-150,1.25,1.090341735
CC(=O)Nc1cccs1,-140,1.976,1.727772744
CC(=O)Nc1cccs1,-130,2.279,1.900215327
CC(=O)Nc1cccs1,-120,1.975,1.56164225
CC(=O)Nc1cccs1,-110,1.77,1.32407738
CC(=O)Nc1cccs1,-100,1.644,1.167809745
CC(=O)Nc1cccs1,-90,1.554,1.080483123
CC(=O)Nc1cccs1,-80,1.559,1.066515855
CC(=O)Nc1cccs1,-70,1.668,1.174167504
CC(=O)Nc1cccs1,-60,1.881,1.399424426
CC(=O)Nc1cccs1,-50,2.191,1.725445153
CC(=O)Nc1cccs1,-40,2.491,1.997839933
CC(=O)Nc1cccs1,-30,2.26,1.684216725
CC(=O)Nc1cccs1,-20,2.085,1.465457119
CC(=O)Nc1cccs1,-10,1.991,1.35728287
CC(=O)Nc1cccs1,0,1.964,1.326406652
CC(=O)Nc1cccs1,10,1.991,1.355530477
CC(=O)Nc1cccs1,20,2.083,1.463604099
CC(=O)Nc1cccs1,30,2.26,1.682290602
CC(=O)Nc1cccs1,40,2.491,2.000597458
CC(=O)Nc1cccs1,50,2.191,1.727045849
CC(=O)Nc1cccs1,60,1.881,1.396803443
CC(=O)Nc1cccs1,70,1.668,1.172608466
CC(=O)Nc1cccs1,80,1.559,1.065256149
CC(=O)Nc1cccs1,90,1.554,1.07915677
CC(=O)Nc1cccs1,100,1.644,1.165813323
CC(=O)Nc1cccs1,110,1.77,1.319703119
CC(=O)Nc1cccs1,120,1.975,1.563405437
CC(=O)Nc1cccs1,130,2.279,1.899036773
CC(=O)Nc1cccs1,140,1.976,1.727684641
CC(=O)Nc1cccs1,150,1.254,1.094592536
CC(=O)Nc1cccs1,160,0.578,0.51135984
CC(=O)Nc1cccs1,170,0.212,0.174039966
CC(=O)Nc1cccs1,180,0,0
CC(=O)OC,-170,0.107,0.07447993
CC(=O)OC,-160,1.148,1.030450199
CC(=O)OC,-150,2.889,2.602477991
CC(=O)OC,-140,5.12,4.618066849
CC(=O)OC,-130,7.509,6.796181553
CC(=O)OC,-120,9.721,8.857715654
CC(=O)OC,-110,11.55,10.58971244
CC(=O)OC,-100,12.808,11.81534019
CC(=O)OC,-90,13.448,12.42245617
CC(=O)OC,-80,13.546,12.49646265
CC(=O)OC,-70,13.479,12.39596719
CC(=O)OC,-60,12.183,11.15074202
CC(=O)OC,-50,10.918,9.952458145
CC(=O)OC,-40,9.707,8.808311441
CC(=O)OC,-30,8.715,7.861786685
CC(=O)OC,-20,8.015,7.189793014
CC(=O)OC,-10,7.616,6.811243061
CC(=O)OC,0,7.475,6.669274509
CC(=O)OC,10,7.616,6.811906215
CC(=O)OC,20,8.013,7.189820249
CC(=O)OC,30,8.713,7.86112625
CC(=O)OC,40,9.709,8.809188749
CC(=O)OC,50,10.92,9.953443254
CC(=O)OC,60,12.183,11.15142146
CC(=O)OC,70,13.477,12.39462823
CC(=O)OC,80,13.546,12.49679332
CC(=O)OC,90,13.448,12.42233238
CC(=O)OC,100,12.808,11.81507009
CC(=O)OC,110,11.548,10.58887928
CC(=O)OC,120,9.721,8.857191034
CC(=O)OC,130,7.507,6.796225264
CC(=O)OC,140,5.122,4.619586316
CC(=O)OC,150,2.889,2.603546662
CC(=O)OC,160,1.144,1.028347084
CC(=O)OC,170,0.107,0.073862887
CC(=O)OC,180,0,0
Cn1ccnc1c2ccccn2,-170,0.108,0.084002707
Cn1ccnc1c2ccccn2,-160,0.399,0.275080224
Cn1ccnc1c2ccccn2,-150,0.945,0.668092517
Cn1ccnc1c2ccccn2,-140,1.82,1.345739089
Cn1ccnc1c2ccccn2,-130,3.008,2.294348286
Cn1ccnc1c2ccccn2,-120,4.445,3.447451768
Cn1ccnc1c2ccccn2,-110,6.003,4.684711701
Cn1ccnc1c2ccccn2,-100,7.443,5.820173119
Cn1ccnc1c2ccccn2,-90,8.532,6.658114344
Cn1ccnc1c2ccccn2,-80,9.046,7.071585168
Cn1ccnc1c2ccccn2,-70,8.899,7.106831157
Cn1ccnc1c2ccccn2,-60,8.536,6.985109895
Cn1ccnc1c2ccccn2,-50,8.242,6.929226143
Cn1ccnc1c2ccccn2,-40,8.23,7.122903879
Cn1ccnc1c2ccccn2,-30,8.585,7.661108471
Cn1ccnc1c2ccccn2,-20,9.304,8.528071657
Cn1ccnc1c2ccccn2,-10,10.285,9.579259442
Cn1ccnc1c2ccccn2,0,10.962,10.12960318
Cn1ccnc1c2ccccn2,10,10.289,9.579692157
Cn1ccnc1c2ccccn2,20,9.306,8.525621072
Cn1ccnc1c2ccccn2,30,8.579,7.658396176
Cn1ccnc1c2ccccn2,40,8.228,7.123462005
Cn1ccnc1c2ccccn2,50,8.242,6.929456816
Cn1ccnc1c2ccccn2,60,8.534,6.983106636
Cn1ccnc1c2ccccn2,70,8.899,7.1049296
Cn1ccnc1c2ccccn2,80,9.042,7.066877319
Cn1ccnc1c2ccccn2,90,8.532,6.659117951
Cn1ccnc1c2ccccn2,100,7.443,5.820176737
Cn1ccnc1c2ccccn2,110,5.999,4.681669149
Cn1ccnc1c2ccccn2,120,4.443,3.446333675
Cn1ccnc1c2ccccn2,130,3.012,2.299149759
Cn1ccnc1c2ccccn2,140,1.82,1.344432074
Cn1ccnc1c2ccccn2,150,0.945,0.665574751
Cn1ccnc1c2ccccn2,160,0.395,0.273196925
Cn1ccnc1c2ccccn2,170,0.106,0.085972867
Cn1ccnc1c2ccccn2,180,0,0
CN(C)C(=O)c1ccccc1,-170,2.145,1.910978963
CN(C)C(=O)c1ccccc1,-160,0.971,0.852916018
CN(C)C(=O)c1ccccc1,-150,0.264,0.220758206
CN(C)C(=O)c1ccccc1,-140,0,0.000106565
CN(C)C(=O)c1ccccc1,-130,0.15,0.110601883
CN(C)C(=O)c1ccccc1,-120,0.458,0.393407624
CN(C)C(=O)c1ccccc1,-110,0.868,0.705144703
CN(C)C(=O)c1ccccc1,-100,1.204,0.93917985
CN(C)C(=O)c1ccccc1,-90,1.292,0.987584733
CN(C)C(=O)c1ccccc1,-80,1.121,0.880871863
CN(C)C(=O)c1ccccc1,-70,0.742,0.604144624
CN(C)C(=O)c1ccccc1,-60,0.321,0.269151971
CN(C)C(=O)c1ccccc1,-50,0.055,0.030408611
CN(C)C(=O)c1ccccc1,-40,0.045,0.053725428
CN(C)C(=O)c1ccccc1,-30,0.495,0.46929604
CN(C)C(=O)c1ccccc1,-20,1.423,1.322920445
CN(C)C(=O)c1ccccc1,-10,2.799,2.579691248
CN(C)C(=O)c1ccccc1,0,4.523,4.139385374
CN(C)C(=O)c1ccccc1,10,2.799,2.580066133
CN(C)C(=O)c1ccccc1,20,1.425,1.32356428
CN(C)C(=O)c1ccccc1,30,0.495,0.469734361
CN(C)C(=O)c1ccccc1,40,0.043,0.053485814
CN(C)C(=O)c1ccccc1,50,0.055,0.031184369
CN(C)C(=O)c1ccccc1,60,0.321,0.270425491
CN(C)C(=O)c1ccccc1,70,0.742,0.602340171
CN(C)C(=O)c1ccccc1,80,1.121,0.879885159
CN(C)C(=O)c1ccccc1,90,1.29,0.986277373
CN(C)C(=O)c1ccccc1,100,1.202,0.938719319
CN(C)C(=O)c1ccccc1,110,0.866,0.703045246
CN(C)C(=O)c1ccccc1,120,0.458,0.394750451
CN(C)C(=O)c1ccccc1,130,0.15,0.110348991
CN(C)C(=O)c1ccccc1,140,0,0
CN(C)C(=O)c1ccccc1,150,0.262,0.219135919
CN(C)C(=O)c1ccccc1,160,0.969,0.851000848
CN(C)C(=O)c1ccccc1,170,2.145,1.912360826
CN(C)C(=O)c1ccccc1,180,3.743,3.355119512
c1ccc(cc1)c2ccccc2F,-170,2.916,3.102815884
c1ccc(cc1)c2ccccc2F,-160,1.505,1.70006186
c1ccc(cc1)c2ccccc2F,-150,0.481,0.633368036
c1ccc(cc1)c2ccccc2F,-140,0.004,0.072228864
c1ccc(cc1)c2ccccc2F,-130,0.068,0.021816504
c1ccc(cc1)c2ccccc2F,-120,0.545,0.338442498
c1ccc(cc1)c2ccccc2F,-110,1.173,0.82357529
c1ccc(cc1)c2ccccc2F,-100,1.689,1.236114945
c1ccc(cc1)c2ccccc2F,-90,1.878,1.371646994
c1ccc(cc1)c2ccccc2F,-80,1.667,1.216280053
c1ccc(cc1)c2ccccc2F,-70,1.116,0.778546319
c1ccc(cc1)c2ccccc2F,-60,0.478,0.291091972
c1ccc(cc1)c2ccccc2F,-50,0.024,0
c1ccc(cc1)c2ccccc2F,-40,0.049,0.135277706
c1ccc(cc1)c2ccccc2F,-30,0.617,0.803360395
c1ccc(cc1)c2ccccc2F,-20,1.696,1.935284688
c1ccc(cc1)c2ccccc2F,-10,3.053,3.275162132
c1ccc(cc1)c2ccccc2F,0,4.196,4.327555186
c1ccc(cc1)c2ccccc2F,10,3.059,3.278807047
c1ccc(cc1)c2ccccc2F,20,1.69,1.930095335
c1ccc(cc1)c2ccccc2F,30,0.619,0.806333642
c1ccc(cc1)c2ccccc2F,40,0.049,0.13572833
c1ccc(cc1)c2ccccc2F,50,0.028,0.002669841
c1ccc(cc1)c2ccccc2F,60,0.478,0.290373641
c1ccc(cc1)c2ccccc2F,70,1.116,0.77858711
c1ccc(cc1)c2ccccc2F,80,1.669,1.217834399
c1ccc(cc1)c2ccccc2F,90,1.878,1.371732387
c1ccc(cc1)c2ccccc2F,100,1.695,1.2407065
c1ccc(cc1)c2ccccc2F,110,1.173,0.825254564
c1ccc(cc1)c2ccccc2F,120,0.543,0.338897823
c1ccc(cc1)c2ccccc2F,130,0.066,0.018690533
c1ccc(cc1)c2ccccc2F,140,0,0.069795858
c1ccc(cc1)c2ccccc2F,150,0.483,0.635179121
c1ccc(cc1)c2ccccc2F,160,1.507,1.701718434
c1ccc(cc1)c2ccccc2F,170,2.92,3.104920817
c1ccc(cc1)c2ccccc2F,180,4.132,4.224612643
